#{"t_start": 1780844833.499282, "env_id": "None"}
r,l,t,target
-41.230658,100,10.507176,log
54.052282,39,15.755551,log
-15.543533,100,23.427603,log
25.231427,78,30.367434,log
-45.758954,100,38.383018,log
50.54734,89,46.060694,log
66.099317,45,52.276263,log
86.845536,19,55.884366,log
92.671914,15,59.000386,log
41.124603,40,63.846178,log
11.007592,57,69.964089,log
-51.548206,100,78.104836,log
-73.177534,100,85.685282,log
77.276501,11,90.061917,log
-46.151927,100,98.105373,log
-39.880443,100,106.428344,N/A
93.541502,15,109.190312,log
65.555034,29,113.244117,log
62.039365,25,117.002312,log
-51.959384,100,125.243478,log
-44.228244,100,132.646445,log
1.984274,98,140.641546,log
84.59,6,143.418584,log
-46.157358,100,150.749369,log
-43.994708,100,159.119549,log
36.424406,42,164.986381,log
-47.506639,100,173.695247,log
43.764652,41,178.266063,log
61.359296,34,182.683131,log
18.771489,39,188.350384,log
-41.656867,100,196.156408,log
-45.773681,100,206.606754,N/A
86.058429,15,209.743603,log
58.697922,28,213.411057,log
-64.290246,100,221.681866,log
-53.371921,100,229.87902,log
37.250973,45,234.919297,log
4.711986,99,244.517277,log
50.226401,53,249.967257,log
-44.798387,100,258.893975,N/A
-47.918507,100,267.218855,log
-41.419901,100,275.478472,log
-46.899323,100,284.530032,log
-46.410123,100,292.794998,log
60.092593,25,296.456244,log
-39.512881,100,304.83693,log
-3.074385,85,311.50781,log
-54.039549,100,319.118332,log
-74.362421,100,326.660649,N/A
-47.784903,100,334.995581,log
65.629577,22,338.936698,log
77.269896,24,342.871956,log
55.530797,33,347.260895,log
34.371252,23,350.880569,log
41.099484,69,357.265051,log
-77.244372,100,365.432963,log
-47.302187,100,373.143614,log
43.604961,49,379.593702,log
33.643319,60,384.91952,log
47.067146,23,388.242826,log
91.4,10,391.132775,log
65.446172,26,397.466114,log
61.962994,25,400.781175,log
-41.722878,100,409.119883,N/A
50.905966,25,412.912929,log
66.695536,24,416.51498,log
53.967573,35,420.939651,log
78.44,16,424.325551,log
34.778987,59,430.110964,log
-39.879371,100,439.326891,N/A
20.453272,83,446.601963,log
-44.760664,100,455.299959,log
-49.4254,100,463.250067,log
42.728163,30,467.917098,log
49.473785,38,472.073891,log
50.20345,57,477.678341,log
55.744525,49,483.017073,log
-52.810514,100,491.461903,log
-73.108193,100,499.846856,log
-47.370603,100,507.317642,log
-43.656524,100,516.773096,log
-42.140119,100,525.392111,log
-47.310803,100,533.296853,log
-79.649275,100,542.356519,log
-16.253421,78,549.199279,log
-21.702922,100,556.969246,log
74.040562,20,560.934062,log
46.964203,37,565.35185,log
45.834329,60,571.362207,log
-64.319015,100,579.722237,N/A
-44.011291,100,589.108271,log
-64.356628,100,597.650121,log
-42.31635,100,605.690755,log
63.252487,32,610.32019,log
-46.008759,100,618.206316,N/A
-67.859537,100,626.173332,log
45.228579,40,630.51721,log
-44.364585,100,639.327438,log
-26.5921,100,647.792398,N/A
56.375966,21,651.495641,log
82.91,9,654.827965,log
54.277001,37,659.357296,log
67.72,23,662.912769,log
60.257172,52,668.884831,log
40.737941,65,675.313699,log
-46.615557,100,683.471404,log
23.402651,50,688.857465,log
-48.680189,100,697.372301,log
-2.14131,98,706.498791,log
3.582063,83,713.653466,log
-39.529962,100,722.500436,log
-44.617711,100,730.795145,N/A
76.184089,24,735.047708,log
-52.502235,100,745.241653,log
48.107033,51,750.339899,log
-47.055792,100,759.337365,log
-51.680537,100,768.198836,log
-42.458958,100,776.945374,N/A
73.051183,21,780.033191,log
33.675405,39,785.141061,log
16.927225,53,791.382818,log
48.816575,35,796.367868,log
28.038559,64,805.139985,log
26.141527,74,813.495665,log
-45.465441,100,822.691194,log
54.174248,35,827.313685,log
-36.148137,100,836.154804,N/A
-49.654736,100,844.979692,log
55.112023,46,849.715563,log
-44.583656,100,858.126826,log
-49.262114,100,866.386305,log
78.101097,17,869.234714,log
15.115829,70,876.525353,log
43.464528,97,884.845549,log
66.846827,25,888.62938,log
59.508564,43,893.538635,log
-75.600386,100,902.51399,log
-46.588699,100,910.675089,log
35.829982,98,919.495451,log
-47.242345,100,926.890434,log
28.308753,65,934.020022,log
65.463442,23,938.171019,log
-13.529879,100,946.495615,log
39.740205,31,952.541395,log
59.803653,49,958.080096,log
52.167357,43,963.404336,log
30.054308,68,972.566345,log
57.288526,35,977.568883,log
13.090861,91,986.263627,log
18.069297,60,992.105774,log
80.416559,21,995.886365,log
72.799114,26,1000.407242,log
28.458318,61,1006.826711,log
17.359598,81,1013.901793,log
-13.322492,100,1022.010999,log
24.57434,70,1029.250394,log
54.755364,72,1035.901167,log
58.675451,75,1042.419935,log
-48.119791,100,1050.063544,log
66.618386,25,1053.661666,log
21.605794,69,1061.210112,log
-43.570307,100,1070.46736,log
84.73,17,1073.472727,log
-34.735076,100,1081.956675,log
-45.222308,100,1089.626029,log
-45.223427,100,1097.702566,log
54.342468,31,1101.842827,log
-32.693976,100,1110.0373,log
-59.554354,100,1117.532999,log
54.488551,48,1122.850063,log
10.920231,92,1130.767029,log
46.002554,59,1136.533713,log
62.015995,45,1141.503156,log
76.098634,15,1144.440171,log
55.73884,75,1151.30437,log
54.670476,51,1156.284927,log
48.377684,56,1161.841565,log
-38.09598,100,1170.463962,N/A
-34.867714,100,1179.249884,N/A
28.68365,48,1185.830893,log
44.615954,90,1194.43801,log
-64.113468,100,1202.283045,log
-40.877414,100,1210.62486,log
-43.892491,100,1219.292678,log
37.115398,100,1227.646915,log
-11.407932,100,1236.815283,log
44.285511,30,1240.636681,log
35.93358,64,1246.729889,log
46.839041,76,1253.310541,log
67.567185,25,1257.057912,log
27.157017,56,1263.078042,log
68.722226,30,1267.67442,log
45.078618,41,1272.369378,log
-49.987425,100,1280.620062,log
59.026226,29,1284.268486,log
-10.63048,100,1292.938663,log
94.840492,9,1295.74441,log
68.203948,23,1299.343676,log
60.761659,25,1303.089905,log
43.723574,82,1309.782915,log
-36.133399,100,1318.291172,log
35.245959,32,1322.103995,log
22.31208,88,1328.700118,log
24.456956,78,1336.502041,log
-38.944701,100,1345.441381,log
70.350719,35,1349.861967,log
52.237331,54,1355.225967,log
20.553223,28,1359.222806,log
26.539262,59,1365.163215,log
96.491097,10,1369.075775,log
14.318747,90,1376.601501,log
57.339754,49,1382.76127,log
53.975413,69,1388.821161,log
22.104099,92,1397.286526,log
87.894482,18,1400.188235,log
33.893535,73,1407.657099,log
66.931427,30,1411.796942,log
52.007597,35,1416.105894,log
48.889905,57,1421.541562,log
53.690531,60,1427.636532,log
58.881381,58,1432.772549,log
50.052334,74,1439.547962,log
38.776569,23,1443.171497,log
63.075907,27,1447.89872,log
23.330507,41,1452.778355,log
92.684706,16,1455.60358,log
42.23913,37,1460.65622,log
95.157985,14,1463.567012,log
55.030039,18,1466.853243,log
69.088504,31,1470.814408,log
58.824888,36,1475.310761,log
68.811036,28,1479.144692,log
23.057655,38,1483.729717,log
41.637528,72,1489.857012,log
80.17194,24,1493.841313,log
38.381317,71,1501.32029,log
37.44244,80,1508.889028,log
56.996862,42,1513.510679,log
82.067656,22,1517.253809,log
62.392199,19,1520.654883,log
61.387288,40,1526.402764,log
-14.864091,100,1534.437942,log
83.420039,17,1537.659521,log
49.117999,31,1541.69564,log
54.718104,45,1546.358545,log
27.118549,64,1553.489022,log
61.426652,42,1558.253337,log
35.530103,42,1563.472572,log
-30.449314,100,1571.638609,log
54.073844,44,1576.898655,log
64.707723,30,1580.975737,log
-62.243754,100,1588.56354,log
43.239984,28,1592.418087,log
29.302335,64,1598.575644,log
18.34223,79,1605.304549,log
73.619991,27,1610.050281,log
49.224988,56,1615.803775,log
49.429831,53,1622.413748,log
51.110543,42,1627.012307,log
68.723667,32,1631.200329,log
73.975785,25,1634.658797,log
2.710451,51,1640.819052,log
49.860472,33,1645.260777,log
37.867896,40,1649.744736,log
63.211775,31,1653.977837,log
55.559993,41,1658.689824,log
59.387544,35,1662.87843,log
48.169962,60,1669.299835,log
89.55,16,1672.229399,log
1.024189,47,1677.323925,log
17.56542,72,1683.97564,log
78.844944,23,1687.772036,log
50.2,21,1690.830388,log
69.138835,24,1694.70753,log
12.884858,85,1702.422397,log
19.717287,81,1710.685536,log
84.648489,15,1714.610823,log
65.346031,27,1718.665243,log
84.737288,15,1722.342861,log
85.47,8,1725.186434,log
-42.524886,100,1734.33106,log
49.946677,46,1740.520296,log
25.735002,58,1746.297207,log
28.665619,64,1752.26809,log
97.757269,14,1755.318527,log
41.155119,49,1760.391079,log
57.735964,36,1764.63882,log
55.368758,35,1768.976,log
72.997399,19,1772.372252,log
73.420224,24,1776.659285,log
56.511617,19,1780.279592,log
64.672206,39,1785.761385,log
80.114706,22,1790.454911,log
57.26566,26,1794.23573,log
77.28018,11,1796.81756,log
62.82,18,1801.548948,log
31.229254,25,1805.255344,log
57.593486,48,1810.947396,log
83.694941,19,1816.240419,log
66.700168,27,1820.839433,log
41.675155,89,1828.195792,log
55.971659,39,1833.100765,log
32.183285,37,1837.602171,log
29.871917,90,1845.576592,log
38.03991,53,1850.741774,log
88.4595,18,1854.096516,log
34.222222,32,1858.228734,log
-42.879778,100,1867.035473,log
22.217745,41,1872.609034,log
61.502814,76,1878.804631,log
66.459091,35,1882.933042,log
54.636893,31,1887.345959,log
36.522048,64,1893.487366,log
71.259444,33,1897.68791,log
66.256939,25,1901.283763,log
35.973548,49,1906.576398,log
67.931505,40,1911.515777,log
88.771569,14,1914.521566,log
70.457288,28,1918.502878,log
103.27788,12,1921.392992,log
92.76,5,1923.856299,log
78.448473,18,1927.367975,log
75.717165,21,1930.810327,log
47.678299,52,1936.784227,log
97.01352,12,1939.6557,log
68.581049,50,1944.519375,log
77.300039,20,1949.105691,log
57.408043,39,1954.835188,log
23.712796,41,1960.106606,log
73.444407,31,1964.262552,log
51.448267,49,1969.040045,log
81.551098,23,1972.824549,log
86.82859,20,1977.031789,log
99.395966,11,1980.938978,log
59.699117,29,1985.031807,log
-36.886223,100,1992.68691,log
64.332636,33,1996.667762,log
55.442734,64,2002.992986,log
53.783399,47,2008.10957,log
75.819139,27,2012.25229,log
70.646149,31,2016.26749,log
25.598327,36,2020.235959,log
64.820472,27,2024.262507,log
69.061013,24,2027.820043,log
85.253746,21,2031.083194,log
64.75,25,2035.731532,log
31.950601,60,2041.51619,log
32.520244,92,2048.9461,log
47.553392,26,2053.102101,log
64.790026,52,2058.339012,log
93.522492,17,2061.67501,log
65.684429,75,2068.411267,log
70.746049,32,2072.831773,log
97.406164,12,2075.658984,log
58.028935,32,2079.588461,log
59.472748,38,2084.94593,log
41.960701,33,2089.114316,log
87.885761,19,2092.71858,log
88.213378,20,2096.577938,log
38.841219,30,2100.747007,log
66.617153,37,2105.320244,log
58.619844,35,2109.5694,log
58.461356,37,2113.706445,log
79.9,16,2116.498276,log
37.675859,37,2121.583166,log
82.885539,25,2125.23322,log
28.251774,69,2133.050182,log
54.295914,52,2138.335982,log
71.672218,24,2142.107481,log
56.750927,31,2146.941767,log
75.575217,21,2150.438979,log
78.014217,25,2154.593921,log
72.519438,33,2159.135682,log
66.29376,26,2162.870631,log
62.165994,52,2168.120535,log
84.710492,7,2172.281387,log
72.008066,22,2176.126452,log
70.399261,21,2179.283999,log
70.353598,48,2184.521516,log
79.487288,22,2188.483721,log
60.192083,34,2193.478459,log
60.888565,30,2197.760644,log
81.783648,19,2201.777611,log
59.412717,37,2206.645379,log
71.143102,38,2211.512026,log
66.644358,37,2217.582388,log
56.884331,29,2221.687279,log
93.362229,17,2225.354687,log
83.148127,21,2228.996379,log
74.868473,26,2232.91969,log
67.827491,27,2237.294547,log
75.900195,14,2241.117737,log
64.910789,31,2246.062789,log
80.218617,21,2249.500419,log
80.745966,14,2253.439456,log
63.90119,20,2258.039875,log
106.711588,9,2261.880097,log
63.071806,25,2266.444483,log
104.841097,9,2271.324697,log
27.911659,36,2275.998913,log
71.674705,47,2281.775723,log
107.992426,9,2285.914762,log
66.705828,24,2290.379784,log
90.311499,18,2293.829225,log
-34.613916,100,2302.548804,N/A
78.220185,14,2306.237477,log
49.39406,45,2312.425198,log
78.938268,23,2316.640977,log
87.207656,14,2320.187883,log
50.981199,33,2325.915692,log
77.207829,18,2330.082262,log
80.623413,13,2334.577217,log
74.281452,20,2339.223922,log
59.163426,31,2344.131341,log
74.588386,28,2349.107414,log
65.058455,34,2354.272795,log
42.317655,22,2358.133117,log
93.307534,19,2362.286825,log
53.06536,52,2368.028484,log
45.13733,45,2374.538887,log
63.351635,34,2379.919149,log
83.71,9,2383.403692,log
107.615966,8,2386.402667,log
73.067655,22,2390.391035,log
21.623665,86,2398.690706,log
68.410878,34,2403.690717,log
55.144845,48,2410.210433,log
72.676462,31,2415.154457,log
72.639585,22,2420.619205,log
73.382682,21,2425.902968,log
93.439063,16,2429.887737,log
33.181043,39,2434.462172,log
59.688609,26,2438.807081,log
53.523258,28,2442.94301,log
74.585346,25,2447.073135,log
93.567703,17,2450.87053,log
78.164434,23,2454.883687,log
33.177266,40,2460.116821,log
81.610038,22,2465.665256,log
64.265047,26,2469.702539,log
79.85895,27,2473.932699,log
45.274332,83,2482.576105,log
87.20501,14,2487.008491,log
59.174409,30,2491.96962,log
70.189018,25,2497.098044,log
62.39845,42,2502.262756,log
77.242666,25,2507.155438,log
64.085272,24,2511.41133,log
99.749648,12,2515.058338,log
79.032992,27,2519.450579,log
92.215528,19,2523.34507,log
56.738475,40,2528.677293,log
96.598617,12,2533.458513,log
80.119261,23,2537.589805,log
93.222796,19,2541.571971,log
101.919522,13,2545.066724,log
70.527985,27,2549.659969,log
87.48434,21,2554.168996,log
47.952649,29,2558.910008,log
64.726802,20,2563.152544,log
69.477209,24,2567.172237,log
83.421914,10,2570.189314,log
65.832291,43,2575.242282,log
84.397224,21,2579.077054,log
82.064399,24,2583.548314,log
67.779672,50,2589.787163,log
87.539973,9,2592.966225,log
87.69206,23,2597.624174,log
76.17262,27,2601.564762,log
56.854784,35,2606.76546,log
96.648827,16,2610.367529,log
66.382426,39,2615.938917,log
85.274113,8,2618.738978,log
104.69,6,2621.830671,log
105.57,8,2625.351827,log
91.001313,21,2629.234901,log
80.72358,16,2632.783219,log
69.974706,25,2636.942755,log
48.512104,40,2642.642459,log
95.858312,14,2647.853626,log
79.199503,27,2651.962704,log
98.124661,14,2655.613315,log
90.435805,20,2659.128777,log
81.173695,26,2663.308594,log
68.083413,32,2667.760744,log
73.336228,20,2671.775358,log
64.671612,26,2675.88856,log
68.408236,51,2681.327178,log
67.189761,31,2687.066259,log
70.867308,39,2691.769373,log
62.396134,33,2696.235429,log
67.751658,48,2701.404655,log
84.89284,25,2705.796463,log
83.83,14,2709.273712,log
69.92636,39,2714.352278,log
94.181097,5,2718.385391,log
77.390654,27,2723.645941,log
66.789067,38,2729.384852,log
89.405638,18,2733.157827,log
59.436793,35,2738.598498,log
75.597191,20,2742.946088,log
83.874145,23,2747.569744,log
88.723847,8,2750.965787,log
67.376059,43,2756.442555,log
62.981523,50,2763.102138,log
89.14,18,2766.863653,log
86.56,19,2770.640072,log
90.946443,19,2774.785203,log
61.277707,29,2779.430488,log
80.941914,12,2784.564516,log
98.982994,13,2789.710416,log
57.105005,30,2794.161459,log
85.957605,19,2798.962067,log
60.418416,33,2804.863101,log
68.48274,43,2810.609336,log
70.685165,23,2815.101364,log
60.117951,33,2820.090538,log
70.213379,43,2826.704642,log
94.400472,15,2830.187936,log
70.672156,26,2834.163707,log
83.43,7,2837.671483,log
71.864381,42,2842.935162,log
88.16,19,2847.271147,log
85.706499,22,2851.546275,log
84.127656,16,2856.058204,log
67.411423,34,2860.839158,log
104.571606,10,2864.432907,log
61.821677,70,2871.050731,log
88.734806,16,2875.326111,log
82.25,15,2879.263802,log
99.435862,13,2882.889917,log
87.227985,6,2885.863183,log
87.665504,23,2889.763496,log
94.440492,9,2893.988832,log
100.015966,12,2897.558547,log
99.069943,11,2900.909458,log
80.299705,10,2904.361148,log
74.498305,29,2909.292072,log
86.865906,21,2913.389889,log
87.622596,14,2917.180005,log
73.371399,23,2921.35165,log
71.07446,29,2926.038492,log
105.747803,10,2930.856862,log
90.04452,16,2934.494027,log
57.538382,41,2940.320922,log
97.285471,15,2944.331731,log
85.285966,20,2948.522569,log
82.022492,12,2952.122482,log
72.864434,19,2956.468081,log
70.33127,22,2961.976928,log
96.2695,17,2966.295962,log
81.654188,25,2970.53766,log
78.220143,25,2974.869927,log
79.583462,24,2979.59128,log
92.359346,20,2983.699696,log
72.17101,21,2988.260121,log
74.269771,30,2992.51506,log
90.252094,19,2997.186678,log
61.587497,52,3002.456831,log
71.958789,35,3007.417163,log
82.780197,24,3011.520753,log
73.391569,21,3016.915832,log
74.195034,20,3020.881956,log
91.551364,15,3024.563559,log
112.980492,5,3029.644849,log
79.115964,18,3033.722796,log
88.041399,16,3038.240535,log
93.929771,18,3043.127377,log
66.134093,20,3047.210334,log
71.584095,21,3050.860786,log
80.156231,26,3054.780052,log
70.130834,44,3060.381783,log
69.557397,41,3065.806821,log
100.876225,13,3069.867776,log
60.47065,32,3074.674426,log
67.358899,31,3080.691035,log
76.854434,18,3086.244268,log
70.863103,30,3090.81393,log
71.913831,33,3096.318326,log
57.99008,82,3103.757475,log
108.970492,7,3107.596745,log
93.991854,13,3111.350472,log
109.780492,7,3115.861532,log
76.829051,13,3119.686839,log
71.611364,16,3123.654681,log
30.584991,49,3129.656894,log
80.840008,23,3133.949873,log
75.417051,20,3138.209692,log
89.116559,12,3141.557558,log
73.620839,16,3145.199589,log
77.239878,16,3148.951951,log
84.856452,10,3152.06029,log
89.506536,20,3156.117988,log
104.956235,11,3159.6734,log
92.247041,19,3164.42794,log
98.229986,15,3168.013585,log
75.633834,17,3172.244465,log
67.796081,30,3178.318694,log
77.899241,21,3183.089553,log
100.07,13,3186.564321,log
85.78928,18,3190.300968,log
97.272995,14,3194.547209,log
89.35,12,3197.868963,log
74.738476,23,3202.024614,log
92.792504,18,3205.988158,log
65.610578,33,3211.805403,log
72.750762,31,3216.41055,log
74.760287,22,3220.676638,log
88.656458,21,3224.524108,log
98.402094,14,3228.403617,log
83.595691,17,3232.432766,log
70.61606,29,3238.329366,log
83.269076,21,3242.410503,log
71.956214,23,3246.788931,log
85.596936,17,3250.459737,log
95.216282,18,3255.155797,log
90.26863,20,3258.88803,log
58.109548,43,3264.630714,log
87.098884,19,3268.682868,log
105.72,8,3272.396509,log
81.882152,24,3276.882464,log
84.535666,12,3280.429737,log
73.408143,34,3286.184325,log
71.322942,19,3290.07309,log
69.811321,30,3296.094276,log
82.207919,10,3300.537953,log
99.406258,16,3305.285133,log
88.289365,18,3309.120577,log
83.013603,24,3314.811789,log
93.600229,19,3318.392724,log
87.820078,20,3322.177192,log
94.03802,13,3326.753408,log
98.610492,12,3330.212689,log
89.23,7,3334.860654,log
68.791694,26,3339.550572,log
79.634218,18,3343.516067,log
92.008366,19,3347.894858,log
108.181264,9,3351.886272,log
78.273736,26,3357.595393,log
65.669714,53,3363.024937,log
69.253442,24,3367.178099,log
90.971846,20,3371.629115,log
103.66765,13,3375.211473,log
89.714214,13,3379.601601,log
83.840666,23,3384.37671,log
81.408021,20,3389.837633,log
77.790146,26,3394.14915,log
77.453056,16,3397.830822,log
110.086559,8,3401.343475,log
66.087257,23,3405.470525,log
95.505047,16,3408.870075,log
74.98664,23,3412.978692,log
83.793211,15,3417.563291,log
99.635052,15,3421.439619,log
79.859628,19,3424.918829,log
96.055966,14,3427.99274,log
70.129864,35,3432.877585,log
99.043369,16,3436.540522,log
72.193932,17,3441.314306,log
99.567288,12,3444.638853,log
69.538983,46,3450.057693,log
99.317118,15,3454.371919,log
87.341097,13,3458.672928,log
88.710492,8,3462.811296,log
78.918306,26,3467.410496,log
82.432208,24,3473.484893,log
68.821074,26,3477.606168,log
95.62,13,3482.061137,log
105.49,6,3485.188849,log
95.92,8,3489.524862,log
99.926501,11,3493.555367,log
89.723413,13,3497.379166,log
100.112969,12,3501.010634,log
61.588732,37,3505.446058,log
99.955697,14,3508.899889,log
77.008835,12,3512.52809,log
77.380078,20,3516.5707,log
78.816945,13,3519.880352,log
68.191335,46,3525.003567,log
87.313363,15,3529.44063,log
87.21,14,3533.310956,log
84.306517,24,3537.952627,log
60.717873,46,3545.396676,log
100.334926,13,3549.000017,log
76.229648,19,3553.055649,log
87.096512,21,3558.888579,log
86.53,8,3562.111045,log
99.280706,15,3565.776308,log
87.829973,9,3569.844977,log
80.003328,24,3574.617669,log
81.896106,11,3578.112737,log
98.57784,15,3581.757261,log
100.919539,13,3585.542132,log
76.587881,28,3590.003075,log
61.624999,32,3594.732852,log
80.008061,24,3598.971922,log
92.460171,21,3602.695057,log
74.110927,21,3606.338591,log
71.024018,29,3610.275858,log
89.324214,8,3613.718127,log
81.336625,21,3617.617957,log
86.82,14,3621.298452,log
72.677935,17,3625.004083,log
71.435454,24,3629.839557,log
65.764972,28,3635.039124,log
79.638047,21,3639.553307,log
85.928079,16,3644.228609,log
77.342352,27,3648.854305,log
95.329553,15,3653.113444,log
86.80997,21,3657.72762,log
90.265966,7,3660.957446,log
66.751219,26,3666.715898,log
88.534094,15,3670.325864,log
60.618777,32,3675.125043,log
71.216386,33,3681.406029,log
88.306458,6,3684.834283,log
87.43409,9,3688.924241,log
78.595995,20,3692.838731,log
86.196452,10,3695.873589,log
81.42833,25,3700.918387,log
103.63069,12,3704.421221,log
83.804434,10,3707.976136,log
83.197798,18,3713.761066,log
73.247237,14,3718.274644,log
102.841078,12,3722.20474,log
86.07,9,3725.519391,log
82.042893,19,3731.02223,log
74.678473,15,3735.027828,log
108.53,7,3738.583354,log
83.517982,9,3741.731933,log
94.509095,18,3745.463198,log
75.009703,26,3750.792382,log
99.927148,15,3755.075764,log
83.626516,13,3758.780883,log
97.441282,14,3763.252745,log
101.253061,13,3767.049258,log
80.964541,16,3770.655756,log
86.541097,8,3774.150794,log
93.350492,5,3777.722954,log
75.276912,20,3781.460993,log
87.76465,18,3785.977255,log
73.467063,26,3790.427564,log
111.75,5,3793.663909,log
80.507985,13,3797.311505,log
86.01,21,3801.262472,log
104.86,10,3804.759632,log
83.990339,17,3809.045118,log
101.842804,13,3813.070812,log
104.571914,10,3816.651198,log
79.522825,26,3820.561508,log
100.187656,10,3824.963886,log
95.828551,17,3829.221121,log
84.910472,7,3833.505917,log
82.57459,23,3838.105416,log
79.383413,13,3841.607332,log
75.067779,26,3846.137908,log
78.618775,25,3852.255743,log
87.086001,24,3856.687257,log
104.033099,12,3859.777122,log
100.614214,15,3863.533903,log
82.897,13,3867.474842,log
107.02,8,3870.784628,log
97.699898,15,3874.867304,log
88.327922,9,3879.785177,log
66.465776,56,3886.115124,log
78.99,16,3890.098003,log
104.434214,11,3893.573677,log
95.261219,15,3898.231852,log
93.330492,5,3901.560748,log
97.806707,15,3905.390128,log
75.805034,28,3910.100544,log
88.78312,15,3914.359061,log
105.583023,11,3918.861882,log
102.536796,13,3922.089096,log
104.387288,11,3925.667766,log
97.909886,15,3929.812023,log
72.704995,35,3934.4581,log
78.013913,20,3939.422383,log
96.994539,13,3942.992492,log
79.069059,14,3946.742718,log
80.227982,8,3950.765074,log
95.420574,17,3954.775173,log
82.643442,16,3958.500911,log
70.770584,40,3964.29525,log
54.240612,22,3968.587342,log
92.247961,17,3972.74038,log
87.268097,22,3977.393975,log
74.745514,29,3982.14521,log
107.779898,9,3986.779235,log
89.460492,7,3989.927745,log
88.846625,8,3993.365188,log
81.9595,8,3996.804463,log
99.17,13,4000.595306,log
98.028641,13,4004.790392,log
99.722335,12,4008.943915,log
87.966407,10,4012.621818,log
79.051166,13,4016.025662,log
65.987044,28,4020.854744,log
73.014836,32,4025.064886,log
110.925966,6,4028.549256,log
93.95,10,4032.390732,log
69.134113,26,4036.49351,log
78.031054,25,4040.879344,log
107.245966,9,4044.501333,log
95.565966,14,4048.204972,log
40.191405,31,4053.038634,log
66.95151,50,4060.227037,log
92.171781,18,4064.34653,log
100.091097,13,4068.712839,log
102.083413,13,4072.341061,log
104.360205,10,4077.287954,log
86.578579,10,4080.688417,log
83.618145,12,4084.255043,log
86.696755,14,4089.529243,log
69.062023,32,4094.327679,log
92.601078,16,4098.227694,log
80.336559,18,4102.407034,log
82.009102,15,4105.824751,log
96.201992,13,4109.410298,log
88.970864,17,4113.488855,log
103.031427,11,4116.833188,log
81.516033,10,4120.377581,log
96.112811,18,4124.561724,log
96.977793,16,4130.255091,log
71.137344,24,4134.419808,log
95.468617,17,4138.27639,log
91.871992,7,4141.598525,log
88.934123,20,4145.650533,log
102.290597,12,4150.74855,log
69.175753,27,4156.18117,log
99.807627,14,4160.01121,log
94.569478,19,4164.289314,log
83.510067,11,4167.633682,log
77.89803,26,4172.357463,log
101.731569,12,4175.960648,log
65.896621,43,4182.103026,log
108.14,7,4185.122696,log
70.727055,36,4190.310931,log
91.970492,6,4196.324008,log
89.007985,8,4199.843732,log
90.721097,17,4203.606778,log
103.109705,13,4207.516097,log
96.319481,12,4212.461704,log
79.642683,28,4217.241468,log
95.825809,17,4220.852442,log
82.566559,10,4224.365273,log
104.041499,11,4228.787237,log
89.09,18,4232.930629,log
67.906062,36,4238.774846,log
111.475966,6,4242.427684,log
78.077061,15,4246.331685,log
99.759269,13,4249.886407,log
100.99258,15,4253.603709,log
97.231364,12,4258.741656,log
86.720345,16,4262.552539,log
90.177749,21,4266.845018,log
90.33,7,4272.026252,log
90.985966,6,4275.199461,log
97.09,7,4278.615734,log
96.247059,15,4283.298255,log
74.736621,29,4287.714666,log
100.696206,15,4291.395799,log
67.837197,27,4295.581721,log
85.261957,23,4300.298566,log
93.215047,11,4304.223644,log
102.926625,11,4308.203834,log
54.444393,46,4314.388811,log
50.512159,34,4319.070477,log
108.230492,5,4322.675554,log
86.557982,9,4327.508017,log
62.379741,32,4332.573759,log
93.209431,17,4336.045863,log
84.002505,24,4339.845065,log
69.595946,15,4343.423505,log
100.362061,14,4347.534614,log
69.210666,33,4353.207482,log
103.403283,13,4356.727793,log
98.262793,16,4360.38109,log
86.566625,22,4365.236529,log
89.713785,21,4369.56783,log
99.341097,13,4373.513721,log
92.015966,17,4378.764879,log
97.02,14,4382.628128,log
71.219226,52,4389.06582,log
71.932908,43,4394.740617,log
104.550472,9,4397.831721,log
70.448019,31,4402.12287,log
78.413975,23,4407.871659,log
92.740427,18,4411.853676,log
80.65,20,4416.983589,log
92.27,5,4420.071004,log
71.42077,25,4424.683043,log
93.977288,16,4428.348969,log
87.594704,10,4432.665572,log
85.32,10,4437.354071,log
102.074063,14,4441.124674,log
101.758127,10,4444.527616,log
80.521444,24,4448.954589,log
95.614907,18,4452.880042,log
107.02,8,4456.591823,log
91.825966,6,4459.968258,log
101.357655,12,4464.405532,log
70.431992,31,4468.687234,log
67.429673,35,4473.891383,log
98.058836,15,4477.375856,log
105.18957,11,4480.924527,log
100.457549,10,4484.394255,log
89.852101,20,4488.648965,log
94.92674,17,4492.611729,log
92.45,10,4497.266964,log
70.343583,24,4501.925304,log
80.225757,27,4506.306545,log
95.7,16,4510.301457,log
99.496559,12,4514.911193,log
104.361588,11,4519.085876,log
108.026458,9,4523.935397,log
87.988123,21,4527.955332,log
98.507768,15,4533.169956,log
87.453037,23,4537.704505,log
92.285867,18,4541.696045,log
71.526016,15,4545.628866,log
64.66,15,4549.75527,log
80.70018,18,4553.904129,log
94.985966,16,4557.838982,log
105.510492,9,4562.007381,log
86.91,14,4565.747795,log
104.058579,12,4569.78259,log
104.543795,12,4573.505355,log
108.634544,8,4576.688808,log
97.836128,12,4580.823874,log
99.606458,11,4583.989743,log
74.282606,15,4587.629806,log
102.826348,12,4591.942689,log
86.371995,22,4596.054868,log
83.294425,24,4600.240297,log
85.052222,24,4605.279585,log
100.556909,16,4610.26571,log
88.923968,22,4614.873197,log
83.024863,23,4619.463334,log
83.95268,24,4624.42201,log
86.55,5,4627.89704,log
105.03,8,4631.268649,log
84.691659,22,4635.348931,log
89.426625,16,4639.956565,log
82.703414,13,4643.689014,log
101.603021,14,4647.291617,log
96.463119,12,4651.523258,log
94.57925,13,4655.159836,log
74.852083,36,4660.739382,log
84.957374,10,4665.975929,log
85.535433,22,4670.266959,log
98.473278,14,4674.010423,log
90.129102,19,4678.050336,log
74.980927,28,4682.690589,log
96.178661,18,4687.238389,log
90.821175,19,4691.440252,log
103.254926,12,4697.306125,log
86.610472,7,4701.468547,log
92.451219,12,4705.347666,log
107.29,7,4708.921254,log
94.421953,16,4712.674224,log
95.818366,13,4716.305053,log
88.536614,18,4720.399837,log
103.906559,11,4725.511594,log
98.017032,14,4730.940306,log
96.91,14,4736.223705,log
73.788442,34,4741.530297,log
90.123913,19,4745.58764,log
100.197638,13,4748.85272,log
105.022942,11,4753.03683,log
94.36,14,4757.296549,log
87.74,8,4760.537405,log
70.088218,25,4764.385996,log
76.744214,15,4768.436921,log
102.86,10,4772.219883,log
103.533442,11,4775.602954,log
102.433413,12,4779.389428,log
88.320927,20,4783.204834,log
82.497288,9,4787.064727,log
59.761185,21,4791.8419,log
99.19102,16,4795.338019,log
102.475713,13,4798.821432,log
89.772476,20,4803.128795,log
100.397367,12,4806.824256,log
86.86,21,4811.082489,log
103.601097,7,4815.299479,log
83.191539,24,4821.439796,log
88.02,8,4824.826073,log
81.874704,19,4828.72835,log
82.178579,10,4832.177839,log
66.734957,56,4838.810509,log
87.955966,8,4841.970643,log
93.62,4,4845.313436,log
90.990492,6,4849.053709,log
79.751569,15,4853.162883,log
97.229703,18,4857.319624,log
75.446011,14,4861.375426,log
79.050813,28,4865.427868,log
96.724436,16,4870.049015,log
97.282685,15,4873.77413,log
93.55,5,4877.187848,log
66.190581,16,4881.208212,log
82.903603,18,4884.942221,log
103.756164,13,4888.430144,log
101.944358,13,4892.155676,log
72.454126,24,4896.321299,log
92.620629,20,4900.25198,log
100.98,12,4903.405737,log
80.735982,24,4907.900921,log
95.596559,12,4911.728748,log
100.566234,14,4915.218773,log
91.779141,14,4919.036278,log
104.03,9,4923.173314,log
105.816458,10,4926.612933,log
88.02,8,4930.206442,log
86.984161,21,4934.444886,log
83.419667,23,4938.212589,log
95.765346,15,4942.053105,log
86.90918,17,4945.733589,log
88.063442,9,4949.310012,log
99.02863,15,4954.040017,log
84.314926,11,4957.595287,log
96.430545,17,4961.664155,log
89.73012,19,4966.266483,log
103.26,11,4969.63989,log
88.755966,8,4972.858958,log
94.41,14,4976.490792,log
34.803635,37,4981.798513,log
110.130492,7,4985.003371,log
105.650492,9,4988.504109,log
96.351118,12,4993.19487,log
97.335659,15,4997.891228,log
97.211219,15,5002.817037,log
97.133413,12,5006.379551,log
81.101243,19,5009.94678,log
94.526001,15,5013.974689,log
91.220492,6,5017.645303,log
108.719204,9,5020.736686,log
108.925966,7,5024.563721,log
78.928874,12,5027.742596,log
101.916532,12,5031.578331,log
80.050013,18,5035.588788,log
75.319574,31,5040.242631,log
57.05,10,5043.972848,log
97.299973,12,5047.596157,log
95.837655,15,5051.369135,log
75.351405,28,5056.008124,log
93.330078,14,5061.142054,log
102.45,10,5064.799467,log
103.889898,12,5068.003841,log
98.78,12,5071.64028,log
82.190927,17,5075.374807,log
101.590899,14,5078.939153,log
99.438551,11,5082.27953,log
94.681097,15,5086.592073,log
96.206884,14,5089.883577,log
111.5,6,5093.005831,log
96.535217,15,5097.092581,log
84.078835,12,5100.243167,log
96.869269,16,5104.225426,log
105.534434,10,5107.929015,log
104.96,10,5111.422084,log
105.188366,11,5114.959644,log
72.073058,28,5119.484859,log
75.290205,22,5124.145975,log
69.602239,37,5130.707877,log
89.639816,22,5134.891535,log
80.058579,14,5138.374654,log
86.057288,9,5141.437228,log
92.73,7,5145.345355,log
111.480492,6,5148.316077,log
104.87,9,5151.886768,log
90.438675,20,5155.85838,log
69.709743,34,5160.461798,log
72.06653,30,5165.15291,log
96.767655,16,5169.240927,log
79.515532,15,5172.758705,log
79.500188,26,5177.638769,log
89.380672,14,5181.751557,log
86.73,8,5184.94312,log
90.946458,7,5188.743709,log
79.053913,11,5192.324023,log
91.639733,18,5197.071235,log
84.126625,15,5201.878566,log
90.96409,7,5204.607902,log
97.837879,15,5208.875131,log
99.572526,13,5212.611061,log
91.905434,17,5215.960785,log
91.048287,20,5220.007381,log
80.14358,15,5225.374457,log
87.977922,9,5228.846244,log
74.010562,28,5235.351996,log
84.137798,22,5240.34008,log
101.651914,12,5244.111865,log
90.265966,7,5247.438846,log
97.241097,14,5250.885879,log
92.599141,17,5256.109659,log
99.970492,11,5259.704776,log
88.85785,17,5263.969841,log
96.930492,15,5267.795366,log
94.490949,19,5272.17991,log
83.735211,22,5276.610661,log
90.321584,20,5282.106771,log
94.534661,17,5285.499626,log
103.229481,11,5289.379894,log
91.31,5,5293.57007,log
100.54,11,5296.516959,log
109.515966,7,5299.641431,log
93.276106,13,5303.379719,log
108.404113,10,5306.257863,log
106.520492,6,5309.320853,log
83.952501,22,5313.127118,log
99.805015,12,5316.181871,log
101.947627,10,5319.518057,log
93.303913,16,5323.08473,log
86.610472,7,5326.115894,log
84.807052,22,5330.360681,log
101.170601,14,5333.518747,log
99.658146,14,5336.825431,log
72.000381,35,5340.967108,log
94.819581,18,5345.868579,log
99.190472,14,5349.311545,log
103.901569,12,5352.63614,log
109.64,6,5355.765126,log
100.020492,12,5359.134333,log
69.826621,34,5363.890023,log
79.16,24,5368.314158,log
85.40258,15,5371.486388,log
111.470492,6,5374.847564,log
93.194883,18,5378.292333,log
101.078145,11,5381.44431,log
84.749255,23,5385.06753,log
98.543413,11,5388.111531,log
87.913795,10,5391.604105,log
105.436625,10,5394.425388,log
98.44669,17,5398.219611,log
96.565204,15,5402.465989,log
73.764558,33,5406.359383,log
96.757347,17,5409.975089,log
106.163185,9,5413.056354,log
83.701399,20,5417.655571,log
104.53,7,5420.462202,log
109.765966,7,5423.673946,log
86.331914,18,5427.050442,log
88.710492,8,5431.183829,log
74.209204,25,5435.185702,log
87.167982,13,5438.577567,log
83.750039,24,5442.992843,log
88.676436,9,5445.880374,log
71.064774,39,5451.045826,log
98.558846,16,5454.825877,log
96.336411,12,5457.957518,log
83.444434,10,5462.324736,log
109.221588,8,5465.382736,log
99.775217,13,5468.76169,log
104.167347,12,5472.009515,log
89.493959,21,5475.94227,log
71.048534,43,5481.277583,log
99.580679,16,5485.133605,log
100.324743,14,5489.08643,log
99.035047,14,5494.074065,log
93.504976,19,5497.770479,log
87.448551,10,5500.971921,log
70.314374,30,5506.273804,log
87.330078,10,5509.676405,log
99.583913,13,5513.007929,log
82.324867,23,5517.72833,log
88.803442,19,5521.390371,log
94.93957,16,5525.392356,log
92.1,5,5528.243482,log
109.58,7,5531.67023,log
101.553626,14,5534.77226,log
102.84,11,5537.741695,log
106.321914,10,5540.765425,log
99.758127,10,5544.032454,log
106.741297,11,5547.479772,log
75.197485,29,5551.854093,log
98.235433,17,5555.836797,log
89.512624,19,5559.291179,log
95.07,4,5562.965113,log
111.56,5,5566.501797,log
100.294113,15,5570.173068,log
98.139578,16,5574.041999,log
87.577857,23,5578.279997,log
106.170205,10,5581.308886,log
81.358724,26,5585.532883,log
77.376241,28,5589.511861,log
72.345626,24,5593.740833,log
78.889293,12,5597.545906,log
84.140472,16,5601.080258,log
93.417837,19,5605.947762,log
104.407868,11,5608.65946,log
102.88806,13,5613.16025,log
102.14,12,5616.469166,log
63.946916,36,5620.921754,log
78.522283,28,5625.018601,log
90.951097,7,5629.689602,log
91.84,16,5633.038558,log
97.64,13,5636.440579,log
107.5,7,5639.361504,log
97.810492,12,5642.879483,log
97.880078,14,5646.523565,log
99.646716,14,5650.403438,log
37.616274,31,5656.724399,log
102.727922,13,5659.595916,log
103.583015,13,5663.195397,log
93.473847,18,5666.576841,log
102.248976,13,5670.19872,log
84.646625,8,5673.256531,log
94.35801,16,5676.875708,log
104.77,9,5679.990905,log
92.367555,7,5682.92028,log
105.36,10,5685.875513,log
97.957052,15,5689.334366,log
94.620626,17,5692.777272,log
86.696208,16,5696.495271,log
96.211219,15,5700.113264,log
85.84444,7,5703.258665,log
90.225115,13,5708.343073,log
81.638579,24,5711.960577,log
79.286625,10,5715.12202,log
101.18258,11,5718.685002,log
99.398366,15,5722.279038,log
88.174717,10,5725.724953,log
93.749984,18,5728.988764,log
106.021097,10,5733.472898,log
96.498582,16,5737.180937,log
100.793133,13,5740.440833,log
82.999648,13,5744.54471,log
106.831992,11,5747.519533,log
98.913296,15,5750.562815,log
93.389646,19,5754.440355,log
85.0613,13,5757.620647,log
101.43,12,5760.930756,log
95.82,15,5764.539678,log
94.514054,17,5768.07365,log
87.57,14,5771.281654,log
109.38,7,5774.120224,log
86.951896,21,5777.73023,log
75.233439,30,5781.942609,log
98.428366,14,5785.201532,log
88.988835,20,5788.685535,log
90.219141,20,5792.446574,log
107.605966,8,5795.541015,log
87.780493,22,5800.265478,log
100.304907,13,5803.357024,log
92.08,17,5807.014442,log
95.553847,15,5810.788039,log
86.48376,23,5814.956085,log
93.378579,12,5818.290291,log
88.576132,15,5821.377991,log
88.781097,9,5824.947303,log
105.098366,11,5828.246784,log
59.279911,53,5834.495768,log
101.949991,13,5837.929774,log
85.487227,22,5841.588744,log
82.219393,18,5845.659358,log
76.936181,29,5850.293971,log
103.48,9,5853.531111,log
110.130492,7,5856.457097,log
99.756128,10,5860.865849,log
85.865328,23,5865.636767,log
105.589849,11,5868.950367,log
88.877034,22,5872.984429,log
107.471588,9,5876.62301,log
101.115966,12,5880.30502,log
104.38,7,5883.197227,log
82.688489,24,5887.651891,log
80.66753,25,5891.905895,log
97.102331,14,5895.229846,log
99.466106,14,5899.042419,log
77.895923,26,5902.534448,log
94.620729,14,5906.29179,log
81.512579,26,5911.684748,log
102.226944,9,5914.728722,log
74.697844,29,5919.08669,log
105.010492,7,5922.480792,log
88.93,7,5925.418736,log
101.964706,12,5928.96863,log
106.37,8,5932.699602,log
104.3,10,5936.730704,log
96.551345,15,5940.704812,log
90.341967,20,5944.260531,log
87.500577,22,5948.778733,log
89.031129,18,5952.514597,log
72.16195,32,5957.932479,log
100.699894,13,5962.127081,log
89.886532,20,5967.038493,log
73.071197,34,5972.900341,log
96.16372,17,5976.36257,log
94.210472,17,5980.056679,log
92.726408,19,5984.853343,log
86.707288,10,5988.23235,log
105.731606,10,5992.585486,log
106.32,9,5995.685718,log
103.26,10,5999.850178,log
93.222476,18,6004.797754,log
88.62,8,6009.185123,log
96.555217,14,6012.457922,log
93.813932,16,6015.952601,log
96.7495,14,6020.515151,log
86.190472,10,6023.671104,log
87.43,13,6027.546575,log
96.593056,17,6031.400999,log
99.868551,14,6035.941489,log
95.118551,14,6040.136911,log
97.350302,17,6043.678815,log
88.633413,8,6046.67692,log
94.692542,18,6050.385977,log
88.100492,8,6053.794825,log
105.92,8,6056.787364,log
107.03,8,6059.97834,log
103.4,11,6063.309268,log
90.145407,21,6067.234487,log
67.629477,51,6072.763708,log
81.870895,14,6076.536208,log
88.753577,21,6080.477043,log
106.968366,9,6083.634515,log
97.515433,16,6087.078467,log
71.00032,30,6091.555587,log
106.901069,10,6095.178566,log
111.396458,7,6098.636797,log
70.025447,25,6102.963052,log
105.673442,9,6105.856111,log
96.41,15,6109.088588,log
98.805128,16,6112.662746,log
82.921119,23,6116.558425,log
106.168476,10,6119.815605,log
100.111489,14,6123.308875,log
93.330492,5,6126.627485,log
99.118796,14,6130.014345,log
95.75027,18,6133.707332,log
105.967425,13,6137.141636,log
108.048551,10,6141.968567,log
87.385141,22,6146.737441,log
99.448551,15,6149.990374,log
104.595433,11,6153.22942,log
95.079686,16,6156.831582,log
100.703934,12,6160.202211,log
102.186638,12,6163.308678,log
91.660378,16,6168.300982,log
102.389921,14,6171.702157,log
89.342788,12,6175.206209,log
86.503442,10,6178.243698,log
92.367922,15,6181.292804,log
98.710895,16,6185.530515,log
106.797982,10,6189.145983,log
98.27164,13,6192.181162,log
97.9106,15,6195.808416,log
85.381914,10,6198.967592,log
107.83,7,6202.207216,log
99.318579,13,6206.531153,log
99.762687,15,6210.323067,log
97.151539,13,6214.351209,log
103.443505,12,6217.210339,log
99.845217,14,6220.643102,log
91.297948,19,6224.026831,log
96.691914,12,6227.65372,log
80.343319,25,6232.583702,log
106.238473,9,6235.903731,log
92.414661,20,6239.303472,log
93.74,16,6242.670432,log
99.93258,11,6245.905619,log
100.242149,14,6249.306455,log
82.072904,25,6253.65879,log
104.430472,10,6256.869801,log
99.37,13,6260.210827,log
100.830927,13,6263.81133,log
94.297909,18,6267.208363,log
97.777483,16,6270.54144,log
109.64,6,6273.587422,log
111.480492,6,6276.55742,log
99.399064,14,6280.109925,log
85.833872,22,6283.967483,log
101.753913,12,6287.16947,log
87.818478,21,6291.125315,log
94.686993,17,6294.727559,log
88.432331,21,6298.964499,log
95.271532,18,6302.545525,log
78.723911,24,6306.383065,log
91.675689,19,6309.973366,log
96.463913,15,6313.462191,log
103.430472,10,6316.786641,log
100.918489,13,6321.847657,log
99.951502,14,6325.10585,log
106.850492,9,6329.354859,log
85.06,14,6332.685657,log
89.257336,19,6336.368674,log
102.048581,14,6339.459833,log
100.92,13,6342.93169,log
112.61,5,6345.585632,log
102.46,10,6348.702868,log
89.94,11,6351.842025,log
103.233442,11,6355.592542,log
104.218145,12,6358.612285,log
106.667308,10,6361.543587,log
98.3595,13,6365.093675,log
103.75,10,6368.54425,log
77.937183,27,6374.266194,log
111.415966,7,6378.169766,log
90.727063,18,6382.691338,log
108.560492,8,6385.746333,log
100.970536,15,6389.260492,log
104.79048,12,6392.892669,log
84.989122,25,6397.213427,log
84.742809,22,6400.914467,log
111.396458,7,6403.970678,log
102.465641,13,6408.84182,log
76.347776,23,6412.546846,log
102.837655,11,6415.861329,log
86.432212,23,6419.701172,log
94.8715,18,6423.052353,log
101.500433,13,6426.261035,log
87.274028,22,6430.303322,log
102.358149,13,6433.65542,log
87.923413,18,6438.814517,log
100.050039,11,6442.822087,log
99.197655,13,6445.900126,log
97.675883,16,6449.585991,log
102.248128,13,6452.926055,log
94.582316,16,6456.073824,log
109.965966,7,6458.639755,log
99.862199,13,6461.860381,log
109.78,7,6464.65205,log
88.748911,20,6468.630809,log
87.035995,21,6472.571937,log
81.30543,27,6477.03699,log
73.708548,36,6482.776223,log
106.25,10,6485.939916,log
93.828846,19,6489.22216,log
97.201624,18,6493.950032,log
88.522021,20,6497.836168,log
87.063413,10,6502.427016,log
87.733597,22,6506.298078,log
95.078835,16,6510.335197,log
93.485138,16,6515.269383,log
94.50604,16,6519.102027,log
100.267768,14,6522.444883,log
81.61,19,6526.502755,log
103.5,10,6529.624918,log
100.242708,12,6532.953959,log
106.525966,6,6535.959747,log
104.21,9,6539.031823,log
110.110492,7,6542.090796,log
92.645927,20,6545.818283,log
87.04868,22,6549.810323,log
90.383749,21,6553.525739,log
87.777844,21,6557.073812,log
103.574662,12,6560.236795,log
95.498947,18,6564.359936,log
98.942552,14,6570.144311,log
85.845097,25,6574.200999,log
-11.95,100,6583.064526,log
106.95896,9,6585.85403,log
82.083932,24,6589.740952,log
106.56,9,6592.929773,log
88.842721,21,6596.990421,log
102.435047,12,6600.509074,log
102.689567,12,6603.985423,log
89.221097,5,6606.982211,log
102.65,10,6612.167538,log
107.400492,8,6616.299027,log
101.658835,13,6619.594277,log
91.415204,19,6623.295131,log
97.340472,14,6626.962157,log
89.458551,9,6631.393245,log
98.480813,17,6635.953057,log
98.797288,14,6639.628317,log
111.196458,7,6642.2641,log
101.71,10,6646.410744,log
95.205761,16,6650.484114,log
101.138874,15,6653.891108,log
92.159705,13,6657.905198,log
92.214418,19,6661.518818,log
93.978686,19,6665.462993,log
100.267288,13,6668.62393,log
107.41,9,6671.57996,log
109.45,6,6674.306532,log
108.08,7,6677.168219,log
102.8,10,6680.337153,log
95.693343,17,6684.151592,log
102.999676,12,6687.586263,log
89.19699,18,6691.415644,log
81.986625,9,6694.352654,log
100.329051,13,6698.311287,log
96.347347,17,6702.183453,log
82.66,15,6705.677362,log
99.462994,14,6709.186503,log
106.690492,9,6712.767124,log
103.951364,10,6716.213179,log
99.569141,16,6719.588302,log
96.69635,17,6724.115089,log
103.443413,11,6729.521836,log
103.830472,11,6732.794152,log
74.433439,35,6737.30825,log
87.910492,8,6740.363543,log
99.238146,14,6743.704694,log
109.920492,7,6746.825172,log
88.173947,21,6750.798186,log
98.231483,12,6754.324464,log
104.231569,12,6757.530244,log
91.991243,19,6761.431211,log
102.588127,12,6764.993767,log
99.661842,15,6768.810973,log
100.406125,13,6772.110041,log
95.346718,17,6775.684009,log
107.878579,10,6779.959864,log
101.454941,13,6784.167177,log
87.9343,24,6788.041994,log
101.345138,12,6791.289729,log
102.68,7,6794.385153,log
91.84,6,6797.398791,log
89.465966,8,6800.060615,log
92.843634,20,6803.988524,log
103.103403,13,6807.2756,log
89.457063,20,6811.072844,log
85.190078,8,6814.126488,log
92.958447,20,6818.95512,log
95.594941,15,6822.437539,log
98.924686,15,6826.102311,log
89.789973,13,6829.68118,log
110.086559,8,6832.841423,log
89.578127,9,6836.40692,log
107.681521,10,6839.944902,log
102.897982,11,6843.217938,log
99.770548,12,6846.219327,log
79.761489,24,6850.495929,log
87.866106,20,6854.666806,log
89.202749,20,6858.514809,log
100.454012,14,6861.868064,log
105.043442,10,6864.945196,log
71.298837,24,6868.764516,log
107.783913,10,6871.816086,log
98.67668,16,6876.711695,log
97.086436,16,6880.86984,log
101.456532,13,6884.322348,log
101.596945,13,6887.496362,log
96.135785,18,6891.234132,log
105.09,6,6893.891662,log
79.683186,25,6897.87429,log
97.484478,15,6901.42125,log
88.71582,22,6905.462468,log
77.437945,29,6911.339043,log
101.56309,10,6914.423077,log
106.540492,10,6918.043658,log
103.794434,10,6921.179832,log
105.66,9,6924.777145,log
97.789254,17,6928.232675,log
105.215708,10,6931.61864,log
86.52,10,6935.312212,log
95.529296,17,6939.328197,log
103.521069,12,6942.938525,log
92.877722,17,6946.599735,log
101.204686,13,6950.389908,log
100.833413,13,6954.028129,log
101.74,12,6957.016257,log
80.713371,25,6961.272578,log
106.676458,9,6964.699668,log
101.447063,12,6968.411194,log
98.610562,14,6972.059271,log
103.647985,9,6976.276212,log
99.737671,11,6979.062547,log
101.700003,11,6983.279117,log
103.439648,13,6986.928845,log
104.727627,12,6991.212094,log
99.170062,11,6994.56056,log
104.571069,12,6997.789535,log
102.281521,13,7001.375096,log
102.678579,12,7005.314169,log
102.559943,12,7010.403482,log
107.82,8,7013.681954,log
100.6,11,7016.930559,log
103.36,9,7020.524441,log
80.784645,26,7024.624401,log
99.629648,15,7029.180749,log
103.149973,12,7032.269876,log
100.146106,13,7035.577683,log
107.937555,10,7038.860177,log
87.711097,6,7042.21173,log
100.13806,13,7045.508585,log
100.309973,13,7049.785512,log
86.911364,10,7053.513259,log
89.053523,21,7057.723725,log
74.528938,42,7062.390586,log
86.733634,23,7066.272157,log
89.778786,22,7070.142166,log
80.370472,13,7073.414337,log
94.372866,19,7077.511824,log
106.850492,9,7080.692915,log
104.93,7,7083.749689,log
109.64,6,7086.566718,log
105.892685,10,7089.816222,log
106.286125,9,7092.96978,log
98.376664,13,7096.433629,log
71.608463,47,7102.545909,log
107.057288,9,7105.532835,log
107.257288,10,7108.686978,log
77.145957,28,7113.171776,log
103.881991,11,7116.565344,log
101.30358,12,7120.384582,log
103.0,11,7124.602001,log
99.83,12,7127.636996,log
103.935966,10,7131.704905,log
98.328551,12,7135.743823,log
104.3,11,7138.878979,log
106.407052,10,7142.670994,log
87.46,19,7146.088819,log
98.011219,15,7149.569122,log
98.89,12,7152.850025,log
98.42,13,7156.208176,log
75.69876,40,7161.49564,log
109.023913,9,7164.42207,log
101.9,10,7167.57707,log
108.99,7,7170.462666,log
88.857985,8,7173.782334,log
72.768809,24,7177.670322,log
83.704434,23,7181.853954,log
97.380194,17,7185.221831,log
93.735965,16,7188.786182,log
99.349443,12,7192.688007,log
90.417734,20,7196.5697,log
105.45,10,7199.816878,log
97.998366,11,7203.976838,log
101.504926,13,7208.754961,log
104.551569,12,7212.626173,log
103.637288,12,7216.731619,log
75.129039,34,7220.964902,log
106.76,9,7226.032295,log
99.98,12,7229.513278,log
87.444661,22,7233.005394,log
106.209648,11,7236.77134,log
105.043442,10,7240.983024,log
99.114292,16,7244.872865,log
87.341736,23,7250.105922,log
98.00484,12,7254.988339,log
93.044407,18,7258.577602,log
89.22,18,7262.076715,log
102.410562,13,7265.40833,log
108.47,8,7268.529146,log
101.37,13,7273.396175,log
98.957698,15,7276.820464,log
97.789346,13,7279.84618,log
93.811877,17,7283.517282,log
95.561219,16,7286.798625,log
101.001219,13,7290.141876,log
103.25,10,7293.40941,log
103.801097,7,7296.580078,log
92.79851,21,7300.4802,log
107.65,5,7303.156932,log
108.751097,7,7306.235484,log
81.955966,8,7309.232693,log
82.497878,26,7314.931041,log
102.784214,13,7317.982861,log
94.274015,19,7321.648857,log
81.775275,24,7326.025216,log
101.519388,15,7329.052223,log
96.897489,12,7332.515777,log
109.960492,7,7335.432863,log
107.376458,9,7339.03728,log
109.309898,9,7342.397706,log
99.65,10,7345.656095,log
102.564704,13,7349.245659,log
101.232721,13,7353.370204,log
99.735713,15,7357.596109,log
104.277288,11,7360.595406,log
104.13057,12,7363.884898,log
98.201424,16,7367.274763,log
105.661078,11,7369.980307,log
93.488966,19,7373.697164,log
108.58,8,7376.463558,log
105.380492,10,7379.638893,log
92.04,6,7382.334094,log
99.273913,14,7385.817758,log
71.5048,30,7390.703449,log
104.899481,10,7393.841708,log
90.681489,17,7397.41903,log
100.316893,14,7400.74805,log
102.93,7,7403.556435,log
99.253914,14,7406.950195,log
102.066128,14,7410.655678,log
101.42,13,7414.036676,log
86.941364,21,7418.717927,log
96.97924,18,7422.657407,log
95.621914,16,7426.869341,log
84.000472,23,7430.633322,log
98.971078,14,7434.535995,log
97.037982,11,7437.786679,log
90.861298,16,7442.139646,log
101.895111,13,7445.235799,log
104.367655,11,7448.942721,log
106.890492,9,7451.885981,log
100.27,14,7455.882143,log
97.377887,13,7459.801943,log
100.026125,14,7463.584816,log
100.054088,15,7466.873897,log
100.040492,14,7470.519329,log
85.6,21,7473.870347,log
107.93,7,7476.549519,log
109.965966,7,7479.88779,log
84.536174,25,7483.739394,log
81.907822,25,7487.797447,log
107.761914,10,7491.117383,log
105.682426,11,7494.37987,log
100.793913,12,7499.31613,log
77.235223,27,7503.140505,log
105.330492,10,7506.418475,log
109.960492,7,7509.587341,log
105.665966,7,7512.487823,log
99.740333,15,7516.490856,log
102.44,11,7519.540752,log
92.081345,16,7523.016944,log
103.13,7,7525.755963,log
89.88,17,7530.077195,log
102.110562,13,7533.220016,log
77.844942,28,7537.575337,log
98.247963,15,7543.009264,log
97.93716,16,7546.237472,log
102.977675,13,7549.438771,log
98.055514,17,7553.204446,log
100.354063,15,7557.800243,log
91.276452,16,7561.304677,log
86.134434,21,7565.905733,log
98.404434,13,7569.0523,log
69.64664,45,7574.381226,log
102.81509,12,7578.185905,log
88.953442,9,7582.351636,log
101.130825,14,7585.713662,log
109.53,7,7588.971147,log
91.66,6,7592.072556,log
107.805966,8,7595.426322,log
101.69,11,7598.823698,log
92.29,16,7602.468972,log
69.56542,61,7608.668243,log
102.559733,12,7612.248064,log
83.0463,24,7616.334874,log
103.567627,13,7620.09637,log
97.960205,14,7623.586854,log
93.065511,16,7627.119877,log
96.827068,12,7631.1159,log
101.783442,12,7634.746916,log
95.108366,16,7638.369896,log
101.379938,13,7643.292129,log
105.693341,10,7646.368975,log
105.01,9,7651.124557,log
107.628796,10,7655.112391,log
84.963413,19,7658.891183,log
97.617593,16,7662.329656,log
109.93,7,7666.612726,log
104.38,9,7670.035068,log
94.711097,16,7673.584004,log
93.993355,18,7677.11963,log
102.365539,12,7681.941087,log
107.254515,11,7685.818099,log
97.486716,14,7689.302017,log
85.687656,10,7692.73158,log
77.467337,30,7696.783487,log
110.796458,7,7699.692931,log
103.875966,12,7703.207703,log
95.278911,17,7708.343919,log
106.836961,9,7711.559995,log
92.927722,17,7715.260118,log
106.207288,10,7718.713564,log
98.485966,15,7722.415641,log
74.549612,31,7727.170706,log
103.895128,12,7730.450737,log
93.160224,14,7734.193626,log
100.801097,12,7737.673146,log
105.430492,10,7741.098981,log
98.764469,16,7744.584621,log
103.345047,11,7748.056479,log
100.089464,14,7751.286732,log
87.559059,23,7755.390953,log
96.431228,16,7759.005356,log
62.285132,29,7762.739794,log
102.391914,12,7767.623879,log
102.574434,11,7771.621893,log
105.051078,11,7775.980752,log
88.679229,15,7780.210778,log
100.198956,16,7783.887639,log
98.771097,15,7787.600095,log
107.73,7,7790.659308,log
89.522044,21,7794.06498,log
93.861219,17,7797.744179,log
93.525115,17,7801.0828,log
93.191914,18,7804.707647,log
108.455966,8,7807.50323,log
84.797655,23,7811.588979,log
75.006838,29,7815.819523,log
104.578579,11,7819.11385,log
99.515047,14,7822.696691,log
100.859481,13,7826.087101,log
102.683403,14,7829.341545,log
107.650492,8,7832.800457,log
85.433319,21,7836.888492,log
108.118473,8,7840.0768,log
100.887671,11,7843.366678,log
70.064214,43,7848.029054,log
97.085047,12,7851.368367,log
73.083817,40,7856.096334,log
90.396745,19,7859.764889,log
101.917375,14,7864.718062,log
101.908586,14,7868.140594,log
83.820927,20,7872.127402,log
108.210492,8,7875.448927,log
82.767288,23,7879.565006,log
107.071569,10,7883.142887,log
94.502304,18,7886.94502,log
96.590298,15,7890.971046,log
105.923913,9,7894.512999,log
87.657803,20,7898.974178,log
102.529973,9,7902.047155,log
95.992624,17,7906.744045,log
88.379973,9,7910.313243,log
102.938384,12,7913.775964,log
76.34612,30,7918.346136,log
105.371097,10,7921.95351,log
110.0,7,7925.097121,log
102.65,10,7929.81689,log
105.94,6,7932.840281,log
111.05,6,7936.118478,log
105.690492,9,7938.963266,log
98.655433,15,7942.318014,log
68.933186,50,7948.081774,log
102.204012,14,7951.533431,log
91.570934,20,7955.950813,log
71.826961,24,7960.408962,log
100.971569,13,7963.551407,log
86.543913,22,7967.399037,log
98.57,13,7972.205778,log
90.310492,7,7975.274134,log
89.124365,21,7979.013719,log
109.023913,9,7982.953924,log
106.498473,10,7986.078651,log
92.31,19,7989.951387,log
96.975713,16,7993.762899,log
84.117012,26,7998.151656,log
103.05,11,8001.265589,log
102.971836,11,8004.622065,log
80.136891,26,8009.138098,log
100.704004,14,8012.548365,log
101.32,9,8015.76807,log
86.61309,10,8019.395885,log
105.829973,10,8022.477518,log
106.281097,9,8025.797038,log
97.507777,11,8029.377928,log
108.7,7,8032.216239,log
107.32,8,8036.354154,log
104.89,6,8039.138027,log
105.161588,10,8042.355784,log
78.662277,12,8047.11929,log
92.36,19,8050.485746,log
75.412624,28,8054.858088,log
98.744686,14,8058.327784,log
99.237655,14,8061.806455,log
99.898473,13,8065.389023,log
93.461992,18,8069.231132,log
80.645035,24,8073.577761,log
83.296939,25,8077.908315,log
95.704687,15,8081.577056,log
94.504453,13,8086.51166,log
95.01,14,8089.874769,log
89.82,18,8093.735269,log
101.14,11,8096.985901,log
108.83,7,8100.688185,log
90.004466,20,8104.429506,log
93.48,17,8108.232942,log
102.843442,12,8111.940688,log
99.353087,14,8115.399363,log
92.970359,20,8118.982428,log
94.695047,13,8123.841111,log
93.34,16,8127.515678,log
107.956458,6,8130.573549,log
86.020492,6,8134.002062,log
90.832904,20,8137.733719,log
103.563647,13,8141.550364,log
96.975867,14,8145.278254,log
106.98,8,8148.561611,log
87.230672,18,8152.401941,log
107.87,8,8155.293951,log
67.462331,40,8160.333376,log
91.777629,19,8164.066266,log
79.065718,27,8168.106828,log
92.135433,14,8171.436494,log
94.758579,17,8175.109728,log
106.890472,9,8178.508525,log
84.071914,19,8182.213363,log
107.89,7,8185.173671,log
90.583442,18,8188.533414,log
75.156222,32,8192.782,log
84.261644,24,8197.053285,log
97.449463,12,8200.550669,log
103.242526,11,8205.510022,log
75.580478,28,8210.145603,log
112.61,5,8213.112304,log
90.693626,20,8216.602352,log
96.935047,12,8221.026814,log
95.19806,17,8224.872016,log
94.764214,13,8228.265537,log
95.688489,16,8231.924314,log
103.716125,11,8235.938277,log
91.977982,17,8239.476806,log
71.83496,44,8245.459321,log
84.219076,23,8250.79248,log
88.521745,20,8255.702092,log
98.24,13,8259.322973,log
96.101405,13,8264.394043,log
102.644926,12,8267.518012,log
96.016106,15,8272.310797,log
83.379964,24,8276.183802,log
85.024469,20,8280.293491,log
80.713507,23,8284.085145,log
101.16,11,8287.71407,log
102.510492,12,8291.21459,log
101.624434,12,8294.476679,log
101.927288,11,8297.869486,log
95.80328,14,8301.550143,log
97.36,14,8305.20511,log
74.490895,33,8311.328681,log
77.412123,30,8315.419155,log
80.529824,26,8320.760728,log
98.366597,13,8324.387856,log
97.188579,15,8328.325448,log
107.401499,9,8331.863137,log
95.657656,14,8335.508529,log
84.094723,24,8339.745815,log
104.565966,7,8342.932633,log
111.09,6,8345.650436,log
91.673442,17,8349.889799,log
107.355966,8,8354.275913,log
109.965966,7,8357.072685,log
81.578114,25,8361.110602,log
107.463847,9,8364.253006,log
100.946125,12,8368.521309,log
76.358444,32,8373.247728,log
76.29814,37,8378.358786,log
99.099102,11,8381.978611,log
97.749201,16,8385.723043,log
86.672101,23,8389.995378,log
81.367965,27,8394.339134,log
88.41,14,8398.0931,log
106.826559,9,8401.320845,log
70.698127,32,8405.594745,log
99.245151,14,8408.810539,log
104.140492,10,8413.378204,log
107.47,8,8416.464548,log
99.62048,15,8419.644298,log
89.951405,19,8423.658592,log
99.033913,14,8427.303926,log
108.53,7,8431.881826,log
74.382955,30,8436.21757,log
103.66,10,8439.533571,log
95.20372,18,8443.098832,log
82.922583,19,8446.838107,log
97.696668,15,8450.449909,log
102.46,10,8453.78171,log
106.87,9,8456.747444,log
89.73,7,8460.80899,log
102.139959,15,8465.992767,log
98.794686,14,8469.484497,log
80.864214,24,8473.162888,log
105.341364,11,8476.82252,log
104.341364,11,8481.533198,log
91.024434,16,8484.883059,log
104.881097,9,8487.992954,log
108.230492,5,8491.152744,log
85.024647,22,8495.210917,log
72.573366,34,8499.815348,log
76.054091,34,8505.095532,log
96.6,16,8509.135042,log
73.803413,30,8513.666393,log
101.662426,13,8517.10056,log
91.946466,19,8520.72929,log
72.250529,30,8525.033922,log
83.135956,21,8529.38603,log
97.114658,17,8532.968257,log
86.029943,10,8536.168046,log
83.860157,25,8541.830362,log
79.057246,28,8546.84028,log
89.61,19,8551.884644,log
106.42,8,8554.735701,log
99.805966,13,8559.544818,log
98.911219,15,8562.815616,log
100.825433,13,8566.335795,log
109.98,7,8569.457656,log
100.871499,12,8572.803176,log
93.715141,14,8576.524817,log
100.782904,14,8579.873346,log
93.664425,17,8583.865236,log
101.456625,12,8588.663082,log
100.37,13,8592.267007,log
72.857649,33,8597.130879,log
95.72409,15,8601.254394,log
102.489102,13,8604.895819,log
104.966559,10,8609.284621,log
96.921717,16,8612.783845,log
97.557063,17,8617.3671,log
95.072721,17,8621.697206,log
102.66,10,8624.886596,log
102.63,12,8628.535514,log
84.176106,23,8632.482642,log
102.142297,14,8635.813049,log
96.158386,16,8639.425406,log
83.937985,22,8643.005756,log
85.64,6,8645.968867,log
101.173442,12,8650.767315,log
102.160472,12,8653.796369,log
96.722442,16,8657.417399,log
105.482426,10,8662.038011,log
109.965966,7,8664.725092,log
107.051097,8,8667.76936,log
105.79,8,8670.768385,log
103.33,12,8674.023173,log
103.243913,12,8677.725896,log
84.046559,22,8681.457262,log
96.15358,17,8685.167662,log
87.12839,21,8689.286601,log
85.914031,24,8693.399692,log
84.931097,10,8696.655842,log
96.264686,16,8700.127373,log
106.759307,11,8703.485958,log
96.664706,16,8707.253724,log
91.956718,18,8711.428367,log
101.3,10,8714.435029,log
69.889431,44,8719.657301,log
98.036042,14,8723.066643,log
104.690205,11,8726.278791,log
91.95,16,8730.803034,log
103.83,7,8733.361757,log
104.571914,10,8736.602074,log
96.623799,18,8740.171203,log
97.412383,14,8743.613888,log
87.114926,10,8747.048582,log
93.569016,18,8751.7462,log
94.153913,16,8755.388048,log
103.129676,12,8758.45397,log
84.039416,24,8763.394675,log
86.239481,10,8767.590385,log
97.537887,17,8771.284359,log
93.789054,19,8774.848367,log
94.799141,17,8778.840854,log
96.908703,16,8782.326362,log
100.455966,13,8785.380904,log
98.182937,16,8788.585624,log
107.345966,9,8791.808556,log
101.164214,13,8795.139109,log
95.626718,16,8798.50225,log
101.478551,13,8802.711849,log
96.791885,17,8807.333903,log
87.244595,22,8812.362179,log
102.011243,12,8815.654534,log
100.46,9,8818.737933,log
108.93,7,8821.827338,log
102.691219,12,8825.382387,log
109.98,7,8828.62676,log
105.631097,9,8831.788359,log
99.580492,10,8835.022789,log
104.281499,11,8838.332837,log
95.483994,16,8841.644279,log
99.066668,15,8845.376914,log
92.42,18,8848.924878,log
88.476625,20,8852.554679,log
88.449453,22,8856.431064,log
97.98,13,8860.073065,log
103.485217,12,8863.294252,log
99.859481,13,8866.748299,log
100.59,11,8871.737751,log
85.650767,24,8875.811589,log
93.906828,15,8879.959046,log
89.420927,19,8884.122092,log
106.07,9,8887.250788,log
103.2,10,8890.532278,log
102.570472,11,8893.921132,log
105.941499,10,8897.150784,log
98.329141,15,8900.659862,log
92.967185,18,8904.350489,log
-10.35,100,8912.352947,log
111.09,6,8915.195951,log
107.951992,9,8918.766422,log
90.846796,17,8922.259599,log
71.756537,36,8927.082303,log
99.203119,14,8931.087783,log
100.893913,12,8934.542689,log
106.419733,10,8937.915237,log
79.436769,27,8942.013661,log
104.540492,10,8945.250469,log
95.06,4,8948.302226,log
86.769545,23,8953.651435,log
98.67,13,8956.991636,log
102.333523,13,8960.640988,log
94.601588,17,8964.335127,log
78.347627,15,8967.964833,log
99.648835,14,8972.69177,log
94.941992,14,8976.056776,log
81.635744,26,8980.383422,log
102.410078,13,8983.858346,log
104.980492,10,8987.374634,log
101.051097,12,8991.335925,log
107.68,7,8994.590507,log
92.216687,19,8998.285727,log
103.738473,11,9001.82706,log
91.314229,20,9005.308133,log
106.104214,10,9008.567784,log
101.625966,12,9012.285059,log
106.451097,9,9015.683034,log
104.390039,12,9019.266773,log
104.427656,11,9022.898415,log
98.348366,15,9026.911422,log
88.799141,22,9030.800204,log
107.030472,10,9034.31971,log
102.035047,12,9038.019501,log
108.27,8,9041.5118,log
98.663847,14,9045.342468,log
97.48,12,9049.022073,log
100.146106,13,9054.031874,log
106.37,8,9057.148942,log
106.745966,9,9060.337896,log
99.758366,14,9064.306589,log
99.012793,16,9068.216648,log
99.026235,15,9071.510887,log
75.361961,28,9075.628782,log
106.305138,10,9078.634603,log
97.008579,12,9081.965038,log
106.945966,9,9085.175921,log
108.650492,8,9088.798782,log
105.954214,11,9091.893354,log
102.724434,11,9095.523298,log
103.351078,11,9099.760787,log
86.239129,21,9104.043886,log
88.379481,16,9107.97751,log
100.814214,14,9112.178808,log
79.458702,28,9116.276757,log
89.420927,16,9119.798506,log
109.46,6,9122.899859,log
108.041097,8,9126.384655,log
99.85,10,9129.945774,log
108.27,8,9133.745606,log
108.691097,8,9136.969737,log
97.701499,14,9140.767642,log
92.322561,19,9144.72201,log
106.826559,9,9148.13388,log
95.390899,14,9151.960388,log
96.454688,18,9155.651528,log
101.639973,13,9159.631535,log
96.818911,13,9163.071627,log
96.871914,14,9166.979424,log
109.45,6,9170.26797,log
100.706532,13,9174.56321,log
101.1178,14,9178.244347,log
90.817922,19,9182.066741,log
81.118579,26,9186.456575,log
98.070078,16,9189.490641,log
71.818898,35,9194.454185,log
98.701914,11,9198.661013,log
103.42,9,9201.712059,log
101.626436,12,9205.121816,log
104.013913,10,9208.876835,log
98.901502,14,9212.1649,log
86.035517,23,9216.260957,log
105.845138,10,9219.258885,log
98.303442,15,9222.654974,log
105.234658,11,9226.228926,log
106.353185,10,9229.628157,log
73.208692,32,9234.087082,log
97.591569,16,9237.805174,log
72.385252,31,9242.248503,log
99.439481,10,9245.174291,log
100.377982,12,9248.409021,log
95.360927,16,9251.816269,log
109.765966,7,9255.306754,log
96.006893,14,9260.273568,log
107.200581,11,9263.664498,log
99.47,13,9267.368366,log
103.243913,12,9270.899021,log
100.201097,12,9274.455927,log
105.790492,9,9277.784265,log
106.53,8,9280.824887,log
87.410078,21,9284.123559,log
71.769262,39,9288.891414,log
72.944287,51,9294.221453,log
91.213442,18,9297.781048,log
98.318835,12,9301.26328,log
86.250864,16,9304.668985,log
108.54,7,9307.891045,log
105.380492,10,9311.333134,log
106.297656,9,9314.896973,log
73.693803,35,9319.736852,log
102.830205,8,9322.903934,log
97.877982,12,9326.092552,log
104.95,10,9329.726114,log
108.260492,8,9332.914447,log
105.010492,7,9335.881018,log
73.16,29,9340.427318,log
103.057308,12,9344.295396,log
93.120562,19,9348.556569,log
108.013847,9,9351.804163,log
92.361502,17,9355.326556,log
72.518244,40,9359.966156,log
86.186578,21,9364.016197,log
94.796042,13,9367.293518,log
93.620472,16,9370.908536,log
97.698874,14,9374.544036,log
93.505433,15,9378.186088,log
95.1,15,9383.668336,log
104.69,11,9388.054055,log
102.167288,12,9391.441886,log
100.409703,15,9395.304173,log
102.335047,12,9398.927102,log
99.548127,11,9402.243104,log
98.570622,16,9407.574905,log
104.16,10,9410.817995,log
110.05,6,9413.651769,log
106.47,9,9417.030794,log
99.824582,14,9420.427578,log
94.934621,18,9424.18935,log
105.5,11,9427.368413,log
105.217922,11,9430.734091,log
98.839293,12,9434.574167,log
74.576452,28,9438.665402,log
93.206106,17,9442.228455,log
93.519481,17,9446.623475,log
100.578117,14,9450.156258,log
104.41,9,9453.322522,log
105.34,6,9456.375898,log
109.905966,8,9460.577061,log
92.01,14,9465.555597,log
109.58,7,9468.686093,log
98.07,13,9472.106721,log
99.240078,15,9476.367067,log
94.256561,17,9479.659394,log
105.340067,10,9482.954709,log
97.972021,15,9486.402835,log
70.782017,41,9491.251217,log
98.288579,15,9496.409875,log
105.76,9,9499.639669,log
107.562994,9,9503.031959,log
100.34,12,9506.229065,log
72.997876,34,9511.412689,log
101.903913,11,9514.745767,log
99.316533,14,9519.364679,log
82.273736,25,9523.310423,log
98.865047,14,9526.738691,log
81.081162,26,9530.819563,log
103.916501,12,9535.11904,log
100.787627,11,9538.589872,log
99.22,14,9541.928277,log
102.323442,12,9545.531832,log
99.85,10,9549.040037,log
94.233413,17,9552.646652,log
98.73,12,9555.868606,log
110.24,6,9559.260242,log
104.86,9,9562.453229,log
105.923913,9,9565.651937,log
99.963442,14,9569.297596,log
103.720472,11,9572.987769,log
102.89,11,9576.425683,log
106.520492,6,9579.621626,log
104.16,9,9583.077534,log
91.228579,20,9586.781265,log
92.977922,18,9591.788956,log
106.886559,8,9595.136549,log
99.394686,14,9599.73108,log
88.535132,20,9603.811625,log
97.96,14,9607.515189,log
106.42,8,9610.778191,log
107.562994,9,9614.804977,log
102.07,8,9617.728243,log
73.968045,32,9622.463512,log
98.337288,15,9626.386304,log
102.670472,11,9630.887544,log
72.521766,31,9634.984856,log
100.573847,13,9638.619308,log
76.262253,27,9643.04173,log
100.078127,13,9647.342677,log
95.13,12,9651.824783,log
91.991219,18,9655.475504,log
103.635966,11,9658.633889,log
106.87,8,9661.772187,log
102.34,11,9665.330674,log
99.966452,13,9668.835594,log
100.964806,13,9672.418307,log
93.28,18,9676.132752,log
95.487368,18,9679.863773,log
106.16,9,9682.919041,log
86.326436,22,9687.053995,log
77.288339,23,9691.729832,log
103.04,11,9695.627782,log
108.68,7,9698.665729,log
108.455966,8,9701.688045,log
101.66,9,9704.935974,log
103.78,7,9707.976215,log
100.44,11,9711.479666,log
101.93,12,9715.247684,log
73.035744,31,9720.84194,log
95.947032,16,9724.097773,log
105.316559,10,9728.775709,log
99.312934,16,9732.265753,log
105.350472,9,9735.911859,log
90.229711,20,9739.627517,log
79.067655,11,9743.196161,log
100.0,10,9746.532708,log
107.67,8,9749.610015,log
109.905966,8,9753.016919,log
106.337627,11,9756.729904,log
100.423413,13,9761.534878,log
97.538579,15,9765.028808,log
105.797336,10,9768.601789,log
106.790472,9,9771.692921,log
90.46,19,9776.066386,log
103.940492,10,9779.297081,log
108.47,8,9782.373796,log
88.870542,21,9786.506704,log
102.551097,12,9791.52315,log
103.24,11,9795.064384,log
100.908857,14,9798.24492,log
95.556125,17,9802.069566,log
97.049849,16,9806.041754,log
103.587982,11,9809.518023,log
73.302376,41,9814.751708,log
100.675047,13,9818.418877,log
99.799141,12,9821.762482,log
106.33,8,9824.88698,log
105.09,6,9827.695536,log
103.38,7,9830.704195,log
84.989914,22,9834.459315,log
105.486452,10,9837.940605,log
94.845578,17,9841.778021,log
99.290492,14,9845.319194,log
104.611914,10,9848.585401,log
109.19,6,9851.938805,log
98.665936,14,9855.669335,log
75.404862,35,9860.772966,log
90.023902,21,9864.722008,log
98.759898,14,9868.135581,log
107.17,8,9872.505084,log
106.92,8,9875.990383,log
101.648579,13,9879.986869,log
105.669973,10,9883.655386,log
91.362168,20,9887.693919,log
94.485256,16,9891.112683,log
97.131281,16,9894.768393,log
104.640472,10,9898.080775,log
107.690472,9,9901.236969,log
101.536125,13,9904.907225,log
102.756559,12,9908.28487,log
98.77,14,9912.097082,log
104.780492,10,9915.593626,log
101.567922,14,9919.119649,log
90.59,6,9921.922731,log
108.000492,8,9925.151526,log
107.010492,8,9928.385694,log
100.99,11,9931.518477,log
71.450316,35,9936.104268,log
101.975966,11,9939.49923,log
95.133413,17,9943.472762,log
72.977493,32,9948.881796,log
89.581489,17,9952.457083,log
93.154698,18,9956.463504,log
95.053913,16,9960.075177,log
103.227288,11,9963.318523,log
92.669403,19,9967.070759,log
81.28484,20,9970.756273,log
106.387909,13,9974.171,log
96.4,15,9977.719697,log
104.076022,12,9981.09193,log
73.053264,32,9985.56695,log
70.169951,34,9990.040013,log
108.460492,8,9993.157808,log
96.750562,15,9996.564314,log
99.888757,11,9999.955163,log
101.660472,12,10003.327401,log
97.42,13,10006.950758,log
110.04,6,10009.788229,log
97.776838,16,10013.247708,log
89.79,6,10016.000873,log
104.529481,11,10019.556224,log
92.582904,19,10024.179542,log
105.814926,10,10027.614101,log
90.77914,20,10031.589036,log
90.299481,19,10035.318766,log
103.618473,11,10038.593971,log
104.66,9,10042.06889,log
92.060562,18,10046.198227,log
107.047985,10,10049.053776,log
104.313913,10,10052.810668,log
102.04036,15,10057.499996,log
94.631914,13,10061.622302,log
107.0,5,10064.745318,log
90.53,7,10068.472024,log
97.410492,13,10071.968139,log
104.743442,10,10075.11581,log
92.223413,18,10078.748671,log
88.350472,8,10082.005275,log
105.705217,10,10085.293488,log
92.948846,16,10089.095834,log
103.754358,12,10092.466492,log
98.519973,15,10096.943319,log
87.536125,18,10101.114708,log
99.433913,13,10104.821828,log
100.35215,14,10108.489982,log
103.646458,12,10111.83964,log
108.450492,8,10115.054379,log
66.871297,31,10119.982669,log
89.490243,21,10123.70524,log
89.200205,20,10127.885037,log
103.84,11,10131.32883,log
108.64,8,10134.442573,log
107.810492,8,10137.480218,log
101.274214,12,10141.542568,log
104.491914,12,10144.736812,log
95.5807,13,10147.917563,log
98.46866,16,10151.373539,log
99.464912,17,10154.952761,log
93.92,18,10159.646245,log
91.210927,20,10163.246628,log
84.976091,23,10167.500079,log
100.891499,10,10170.766754,log
105.22,9,10173.839098,log
105.76,9,10176.777224,log
97.431219,13,10180.035758,log
102.467288,12,10184.058498,log
67.357023,50,10189.812197,log
94.476516,19,10194.667103,log
92.235402,19,10198.316223,log
72.111405,29,10202.620774,log
103.33957,12,10205.909703,log
104.121588,8,10209.161568,log
105.81,9,10212.298414,log
109.305966,8,10215.690268,log
96.461097,16,10219.408319,log
104.66,11,10222.420746,log
94.35,16,10225.853034,log
97.383847,12,10230.233303,log
98.724658,12,10233.533871,log
101.326128,14,10236.932829,log
102.488579,9,10240.006824,log
104.521078,10,10243.297808,log
87.003142,23,10247.090004,log
95.76,14,10250.74435,log
109.98,7,10253.929714,log
84.771517,21,10257.488597,log
101.049973,13,10260.568326,log
101.2,12,10263.746454,log
83.6617,23,10267.526401,log
92.04,6,10271.612206,log
110.18,7,10274.897734,log
104.82,9,10279.459204,log
97.483413,12,10282.735576,log
78.79,27,10287.850525,log
99.81411,15,10291.453754,log
98.982793,15,10296.033388,log
101.398579,13,10299.123792,log
94.766625,16,10302.743243,log
101.14,11,10306.396873,log
71.152708,37,10312.034982,log
104.240492,10,10315.08883,log
96.147922,16,10318.73154,log
100.343913,12,10322.17879,log
91.400472,18,10325.679487,log
102.825256,12,10329.079109,log
103.974944,12,10333.534153,log
97.733913,14,10336.721018,log
109.286458,8,10341.374829,log
87.17,18,10346.659658,log
108.08,7,10349.421705,log
100.751991,13,10353.949939,log
90.762624,19,10357.539924,log
105.380472,11,10360.79714,log
99.57,13,10364.742996,log
91.800492,18,10368.190733,log
109.780492,7,10371.252567,log
102.424434,11,10374.477761,log
93.585217,17,10379.003033,log
103.681097,11,10382.344637,log
74.576471,32,10386.714962,log
100.92,13,10390.336958,log
83.068522,24,10394.540569,log
68.326838,46,10399.990914,log
109.765966,7,10402.940917,log
104.86,9,10406.108873,log
75.752976,35,10410.686578,log
89.517627,18,10414.609039,log
99.691097,14,10418.183929,log
89.050472,18,10422.024763,log
87.989798,16,10425.407768,log
86.054698,22,10430.744964,log
103.424944,12,10433.760224,log
75.061452,30,10438.922558,log
91.410472,19,10442.434808,log
96.96,15,10446.121067,log
96.354187,16,10449.679953,log
90.257369,19,10453.564752,log
101.611097,11,10456.818445,log
105.491097,9,10460.112619,log
93.81,4,10463.14429,log
100.18,12,10466.444973,log
105.202994,10,10469.763248,log
106.14,6,10472.617153,log
99.876106,14,10475.683931,log
103.09,11,10479.079894,log
83.926625,21,10482.609667,log
90.846625,18,10487.453011,log
90.095217,20,10491.134895,log
88.810562,18,10494.811134,log
98.338547,15,10497.999588,log
97.191097,14,10501.699354,log
104.03,7,10504.477191,log
108.57,8,10507.780514,log
96.506625,13,10511.053681,log
71.490798,46,10516.044261,log
103.54,12,10519.105219,log
75.358579,28,10523.030254,log
93.132991,15,10526.610783,log
96.491097,13,10531.175719,log
73.871914,29,10535.189347,log
97.228146,15,10538.622856,log
96.91,14,10542.593032,log
102.793913,12,10546.625654,log
101.63,12,10549.824981,log
95.285217,15,10553.45402,log
104.165047,10,10556.421424,log
101.385867,13,10559.847995,log
103.672426,11,10562.993877,log
102.786234,13,10566.085351,log
82.973413,23,10569.623078,log
81.026559,24,10573.72991,log
101.312426,13,10577.0347,log
72.99731,32,10581.558597,log
108.365966,9,10584.642972,log
108.78,7,10587.71592,log
74.088439,42,10593.172963,log
94.081914,18,10596.657775,log
80.990694,27,10601.118257,log
94.804686,17,10604.916992,log
106.31,9,10607.616164,log
104.69,6,10610.585134,log
108.47,8,10613.961019,log
97.163442,15,10617.388646,log
75.091967,23,10621.056926,log
98.895047,11,10625.533135,log
95.366125,16,10629.00672,log
74.257857,27,10633.233586,log
97.402429,14,10636.688988,log
88.134931,21,10640.685745,log
89.861558,22,10644.203799,log
79.785318,27,10648.136289,log
105.93,8,10651.120874,log
109.965966,7,10654.367047,log
98.86,10,10657.423867,log
108.85,6,10661.265079,log
103.5,10,10664.276705,log
110.165966,7,10668.633456,log
98.92,13,10673.473077,log
95.821097,15,10676.860876,log
97.57,13,10679.628715,log
98.02,13,10683.395349,log
102.900862,13,10686.48627,log
102.4495,10,10689.708665,log
106.900492,9,10693.604209,log
108.73,7,10696.712944,log
87.72,20,10700.654168,log
88.07,18,10705.739041,log
100.867656,12,10709.081428,log
100.884926,13,10712.449173,log
105.267655,11,10715.543898,log
104.511914,11,10719.744157,log
100.420562,14,10722.752264,log
105.907922,10,10725.985723,log
83.503913,11,10728.994303,log
77.328992,30,10733.282346,log
103.910472,12,10736.738094,log
100.339973,13,10741.327331,log
101.04,12,10744.417196,log
101.33,12,10747.729022,log
102.66,11,10750.854991,log
105.010492,7,10753.978871,log
108.98,7,10758.100511,log
108.47,8,10761.209654,log
99.63,12,10765.881328,log
97.517425,17,10769.37555,log
105.830472,10,10773.171945,log
89.100927,17,10776.410867,log
92.356884,18,10779.908392,log
100.180078,14,10783.15252,log
98.22,14,10786.500541,log
109.365966,7,10789.346514,log
106.525966,6,10792.319943,log
104.86,9,10795.381956,log
107.266235,10,10798.325487,log
99.52,13,10802.361845,log
102.531499,12,10806.61144,log
103.511097,11,10809.813877,log
94.262878,17,10813.2179,log
103.013913,11,10816.473012,log
101.475256,12,10819.649297,log
89.291378,22,10824.221643,log
106.500472,9,10827.278303,log
89.47,18,10831.151463,log
105.463913,10,10834.210255,log
98.721097,15,10837.493606,log
105.56,9,10840.762574,log
104.292994,11,10843.640243,log
100.851097,12,10846.909166,log
107.076458,9,10849.910349,log
106.795966,9,10853.073305,log
96.484703,17,10856.470909,log
89.579227,21,10860.517858,log
99.61,14,10863.694396,log
98.878079,14,10867.344623,log
102.888145,10,10870.629941,log
88.12,19,10875.258493,log
97.651499,15,10878.80055,log
104.95,10,10882.013328,log
95.763913,15,10885.563503,log
85.282583,23,10889.559282,log
101.913442,13,10892.762025,log
103.136635,12,10897.281409,log
96.75324,18,10900.744476,log
104.92,9,10904.065235,log
107.93,7,10906.960783,log
105.09,6,10909.986178,log
108.303442,9,10913.260769,log
104.980492,10,10916.487728,log
101.351502,13,10919.858439,log
93.335299,20,10923.646106,log
88.791502,19,10927.330538,log
100.958127,15,10930.596041,log
92.3,5,10933.560396,log
103.58,7,10937.877636,log
107.03,8,10940.580426,log
73.933732,37,10945.676869,log
93.883383,17,10949.316427,log
92.919908,19,10952.746933,log
110.24,6,10955.893365,log
94.906893,14,10960.282633,log
107.34,8,10962.897076,log
101.28,12,10965.91405,log
103.831483,12,10969.361395,log
103.293413,11,10972.880829,log
102.011992,13,10977.048595,log
85.845132,23,10980.639792,log
101.71065,14,10983.949465,log
102.44,11,10987.204687,log
108.560492,8,10990.05881,log
104.86,9,10993.324486,log
94.958579,17,10996.566736,log
73.713959,33,11001.83417,log
84.511914,20,11005.428806,log
104.590492,10,11008.805323,log
106.98,8,11011.59066,log
88.190492,20,11016.688535,log
96.857275,16,11020.497447,log
104.9,10,11023.90019,log
95.940408,17,11027.204726,log
91.582061,20,11031.063859,log
90.634902,17,11034.570571,log
103.214944,11,11038.020943,log
101.143913,12,11041.26246,log
95.453925,17,11046.094432,log
96.41,15,11049.40092,log
97.183913,14,11052.817513,log
71.412585,36,11057.694307,log
90.722291,19,11062.649988,log
105.09,6,11065.625392,log
89.99,6,11068.564384,log
102.98,7,11072.014178,log
99.664686,11,11075.371287,log
103.14,11,11078.654287,log
78.583658,26,11083.037814,log
100.850472,13,11086.309262,log
104.666559,10,11089.619541,log
86.346546,24,11093.678727,log
88.102737,22,11098.659037,log
105.396458,7,11103.019713,log
92.32,5,11105.800174,log
105.618579,11,11108.877311,log
91.373847,19,11112.324082,log
96.737288,15,11115.628022,log
106.850492,9,11118.52914,log
106.77,8,11121.691199,log
102.435966,11,11124.652884,log
83.19,11,11129.606896,log
100.010078,11,11132.315506,log
104.143847,11,11135.519322,log
77.209756,28,11140.029861,log
106.31,9,11143.33065,log
95.7,15,11146.882838,log
105.393442,10,11149.908963,log
104.641097,10,11153.19058,log
104.393847,11,11156.657693,log
87.416559,20,11160.41272,log
91.37817,20,11164.090892,log
88.873913,20,11167.706225,log
107.93,7,11170.709893,log
108.005966,8,11173.696937,log
100.77,13,11176.646426,log
98.517032,13,11180.234748,log
106.016235,10,11183.460163,log
99.7,10,11186.675052,log
98.795138,15,11190.100391,log
99.804423,15,11195.097231,log
93.686313,17,11199.304717,log
101.59,11,11203.725737,log
97.266436,14,11207.085362,log
107.67,8,11210.157963,log
99.993335,14,11213.537076,log
102.251097,13,11218.133851,log
81.122687,25,11221.969136,log
102.03806,13,11225.034694,log
90.548874,20,11228.581643,log
96.511569,15,11231.506309,log
103.299973,12,11235.080528,log
80.525613,26,11239.017018,log
94.078127,18,11242.822506,log
96.850078,12,11246.008022,log
81.821097,25,11250.244064,log
94.161097,16,11253.673235,log
111.69,6,11257.703243,log
105.94,6,11260.655462,log
109.385966,7,11264.275391,log
100.23,12,11267.796861,log
109.905966,8,11270.78198,log
78.440464,26,11274.670356,log
98.637627,12,11277.901323,log
102.416884,12,11281.283935,log
106.456128,10,11284.758417,log
101.023847,13,11288.245437,log
106.790472,9,11291.446147,log
89.849481,19,11296.300083,log
98.42879,16,11299.265313,log
72.315141,34,11303.813419,log
93.708357,18,11307.641202,log
107.991097,8,11310.787331,log
107.810492,8,11313.814135,log
106.07,9,11316.782459,log
87.500472,8,11320.297817,log
107.270078,10,11323.287358,log
91.814885,20,11329.935365,log
102.5,10,11333.019232,log
108.53,7,11336.001039,log
104.89,6,11338.92117,log
92.418061,18,11342.506162,log
99.409481,13,11345.973372,log
83.928776,25,11349.88319,log
101.43,12,11353.049094,log
103.33,12,11356.347271,log
74.852904,28,11360.983011,log
103.09,11,11364.298054,log
72.374214,32,11368.421187,log
95.286536,17,11371.988997,log
107.03,8,11374.888527,log
98.62,13,11378.115081,log
104.22,9,11381.082253,log
95.78,12,11385.406315,log
96.08,17,11389.201773,log
100.58,12,11392.163179,log
103.813283,13,11395.585999,log
79.616719,28,11399.893038,log
89.070927,21,11403.413156,log
97.469073,16,11406.639511,log
105.396458,7,11409.480389,log
94.14,16,11413.033477,log
87.974214,17,11416.378345,log
71.712058,27,11421.49081,log
106.290472,9,11424.824597,log
97.306625,12,11428.006246,log
97.411153,15,11431.424855,log
94.926836,16,11434.81879,log
97.06,14,11438.597095,log
107.87,8,11441.631854,log
104.0,10,11444.722415,log
77.661489,24,11449.076513,log
104.027627,12,11452.731647,log
104.074944,11,11455.820215,log
95.87,14,11458.834271,log
101.758835,13,11463.163662,log
85.786836,21,11466.848413,log
101.761781,14,11470.523753,log
91.674214,17,11473.898022,log
102.273442,12,11477.025895,log
101.860492,12,11481.834378,log
101.65,10,11485.002261,log
111.75,5,11487.783092,log
71.894274,36,11493.080264,log
98.264445,15,11496.990665,log
92.537325,18,11501.002293,log
86.763413,19,11504.916282,log
81.583913,24,11508.867481,log
93.589908,17,11512.824427,log
109.970492,7,11515.522624,log
108.64,7,11518.50543,log
108.69,7,11521.438073,log
100.067656,13,11525.371105,log
88.292331,21,11528.733771,log
84.235361,22,11532.370584,log
101.456625,12,11535.698981,log
97.657344,17,11539.618609,log
106.493442,10,11542.706732,log
110.24,6,11545.855348,log
102.7,10,11548.96968,log
102.06,10,11552.088599,log
90.219346,20,11555.649934,log
85.413913,21,11560.393426,log
94.885433,17,11563.769152,log
72.210839,32,11568.057971,log
106.339481,10,11571.952889,log
107.126559,9,11575.097459,log
105.500492,9,11577.987405,log
104.730492,10,11581.112973,log
85.44,21,11584.752719,log
98.66,14,11587.943248,log
70.437472,41,11592.738778,log
99.59,11,11595.647928,log
105.491097,9,11599.196897,log
109.58,7,11602.340798,log
109.965966,7,11605.214312,log
108.780078,9,11608.25199,log
89.581781,22,11611.917097,log
93.515433,19,11615.111505,log
98.22,13,11618.434629,log
104.15,10,11621.593632,log
106.77,8,11624.580953,log
100.161069,14,11628.988047,log
92.871219,19,11632.347071,log
103.191364,12,11635.488563,log
99.997022,14,11638.960556,log
107.93,9,11641.780116,log
97.764806,14,11646.125518,log
98.900492,13,11650.174773,log
89.788544,20,11653.894443,log
106.69,8,11656.574576,log
90.68,17,11660.311765,log
104.9895,11,11663.661956,log
103.243913,12,11666.863483,log
77.126712,31,11671.209711,log
101.676668,12,11674.652082,log
98.290927,12,11678.184559,log
101.640492,9,11681.272423,log
111.75,5,11684.313208,log
110.165966,7,11687.56301,log
96.286922,17,11691.169328,log
104.05,11,11693.993929,log
105.719973,10,11697.188892,log
95.596625,13,11701.079381,log
99.1,10,11704.462502,log
101.584218,12,11707.794955,log
105.316559,10,11711.188192,log
102.167288,12,11714.574027,log
83.989145,25,11718.913939,log
102.833442,12,11722.041233,log
95.98,12,11726.88312,log
101.129733,14,11730.145114,log
106.54,6,11733.068814,log
95.16,15,11736.470703,log
106.890492,9,11739.564963,log
106.790472,9,11743.399111,log
105.178579,10,11746.377497,log
104.588127,12,11750.017516,log
99.141489,11,11753.479114,log
97.35914,15,11757.478763,log
88.894493,20,11761.599943,log
102.255356,12,11764.90168,log
104.49,6,11767.90152,log
104.05,10,11770.86168,log
94.370659,17,11774.593605,log
100.963283,12,11777.929601,log
92.331452,19,11781.274072,log
101.74,11,11785.413807,log
104.82,9,11788.303534,log
96.35,15,11791.831708,log
94.516559,17,11795.162449,log
99.161219,16,11798.592382,log
104.480472,10,11803.124835,log
102.331219,13,11806.377774,log
97.267288,12,11809.514831,log
72.173913,60,11815.086033,log
91.821219,19,11818.844995,log
80.660692,24,11824.349638,log
105.09,6,11826.96681,log
80.703047,27,11832.454394,log
94.24258,15,11836.013813,log
88.797378,21,11839.704604,log
101.446559,12,11842.864686,log
73.576125,29,11846.959526,log
101.021588,14,11850.281135,log
92.734494,18,11853.878579,log
80.991097,24,11857.610484,log
105.665966,7,11860.504031,log
91.754214,19,11864.154866,log
100.941914,12,11867.300995,log
103.638846,13,11870.650931,log
89.105402,21,11874.282479,log
98.476625,10,11877.476481,log
96.631097,15,11882.154836,log
90.826125,20,11885.669128,log
88.039346,18,11889.433793,log
102.86,11,11892.445002,log
109.930492,7,11895.331887,log
104.645966,10,11898.024379,log
108.455966,8,11900.950266,log
98.145966,14,11905.640567,log
111.75,5,11908.483028,log
96.791219,12,11911.615062,log
84.582809,23,11915.773305,log
98.560082,16,11919.256104,log
103.893847,11,11922.554923,log
99.824926,14,11925.701735,log
94.985189,17,11929.468959,log
98.379705,16,11933.236381,log
71.670927,29,11937.467371,log
92.968579,16,11940.971883,log
95.146559,12,11944.917932,log
105.56,9,11948.211056,log
107.12,8,11952.344344,log
106.17,9,11956.709547,log
89.971514,20,11960.325292,log
89.003413,20,11963.744576,log
74.42308,32,11968.432513,log
89.499974,18,11971.762047,log
103.076436,12,11975.134841,log
103.079141,11,11978.532767,log
97.427386,16,11981.893872,log
103.553442,11,11986.624849,log
101.458473,13,11989.827829,log
99.72,13,11993.250361,log
107.801097,8,11997.436322,log
105.885966,10,12000.607445,log
101.75,10,12003.682902,log
87.131658,22,12007.659801,log
104.274944,12,12010.95514,log
104.980492,10,12014.334527,log
108.13,7,12017.48865,log
105.56,9,12020.493172,log
104.623913,10,12024.408382,log
89.05,20,12028.060154,log
99.4,10,12030.874251,log
99.65,15,12034.013299,log
98.089054,13,12037.568606,log
97.59,13,12041.074945,log
100.59,11,12045.610338,log
107.93,7,12048.498523,log
95.531489,17,12053.003107,log
98.1,10,12056.117504,log
105.837288,10,12060.512114,log
74.368418,30,12064.657196,log
69.573231,50,12069.534636,log
104.576436,12,12072.816184,log
80.163913,25,12077.159906,log
101.09,11,12080.436239,log
107.67,8,12083.530375,log
108.93,7,12087.685352,log
98.710927,15,12090.73418,log
101.489973,13,12093.80055,log
97.95,10,12097.051123,log
85.992793,23,12100.881481,log
97.54,11,12103.7488,log
91.055779,18,12107.042261,log
92.039733,18,12110.48823,log
95.561992,17,12114.142045,log
99.693913,13,12117.737174,log
105.412994,10,12120.742233,log
101.62,8,12123.87983,log
104.86,9,12126.862162,log
90.87097,17,12130.394194,log
105.033913,9,12133.318542,log
100.843413,11,12136.669555,log
99.189016,16,12139.860105,log
101.810492,12,12143.334845,log
101.350472,13,12146.99022,log
71.252841,37,12151.349407,log
72.25,30,12155.736659,log
108.13,7,12158.461546,log
80.796621,28,12162.911106,log
98.783913,13,12166.444604,log
101.343913,12,12170.581913,log
102.719866,14,12174.062401,log
101.31,9,12177.056711,log
84.459973,23,12180.695194,log
111.09,6,12183.401204,log
108.13,7,12186.750245,log
103.04,11,12190.017296,log
94.15,15,12193.330228,log
88.921539,20,12197.412469,log
70.292331,45,12202.705833,log
100.09,11,12205.957932,log
112.61,5,12208.652741,log
108.47,8,12211.804059,log
104.323913,10,12216.048543,log
99.261499,14,12220.265587,log
100.957288,13,12223.577369,log
102.988127,12,12226.813738,log
86.91,19,12230.59866,log
102.793442,10,12234.018221,log
90.651364,21,12238.779148,log
90.430039,18,12242.61271,log
104.180472,10,12245.85132,log
107.64,7,12248.663978,log
101.520492,12,12251.801571,log
98.07,13,12255.037377,log
94.15,16,12258.271829,log
95.020927,14,12261.564579,log
103.54,11,12264.751359,log
101.27,8,12267.545691,log
104.97,9,12270.500291,log
96.45636,16,12274.168458,log
98.485217,15,12277.55078,log
98.16,14,12281.129412,log
95.608128,16,12284.718289,log
90.79,6,12287.793849,log
107.73,7,12290.505695,log
100.201097,12,12293.938033,log
87.462974,23,12297.982482,log
104.29,11,12301.202544,log
98.82,9,12304.321107,log
90.185905,20,12307.961762,log
100.87,13,12311.333632,log
83.051097,22,12315.187644,log
96.006536,15,12318.905537,log
88.671034,21,12323.254565,log
100.614475,14,12326.859143,log
104.65,10,12329.749559,log
106.91,9,12332.71899,log
101.74,11,12335.887232,log
99.038127,12,12339.916812,log
85.791405,21,12343.39408,log
107.91,9,12346.57934,log
95.291489,16,12349.848528,log
101.477655,10,12353.160104,log
97.111528,16,12356.509782,log
108.410492,8,12359.582921,log
102.72,8,12362.569999,log
96.988146,17,12366.045909,log
101.880729,13,12370.93394,log
94.381569,17,12374.141065,log
97.849481,15,12377.387956,log
98.614214,14,12380.731635,log
99.24,13,12384.26486,log
105.901569,10,12387.776896,log
104.476559,11,12390.795415,log
101.63,12,12394.358079,log
106.793442,10,12398.169225,log
109.53,7,12400.810969,log
108.3,7,12403.737178,log
106.8,5,12406.515021,log
101.331219,13,12410.127909,log
105.96,9,12413.33218,log
95.781097,15,12416.425486,log
78.138437,26,12421.961137,log
100.866922,15,12425.315705,log
97.073913,14,12429.006003,log
102.51,10,12431.956865,log
104.69,6,12434.844805,log
110.24,6,12437.786662,log
108.73,7,12441.016489,log
105.712994,9,12445.518261,log
107.14,7,12448.433963,log
103.467844,12,12451.681839,log
95.513913,15,12455.475687,log
98.763913,15,12460.115822,log
97.521914,15,12463.256217,log
94.670472,16,12466.647079,log
84.851499,19,12471.48449,log
101.18,12,12474.761982,log
103.217655,12,12477.623901,log
102.07,13,12481.017376,log
107.28,8,12483.812865,log
109.98,7,12486.532644,log
110.18,7,12489.588972,log
95.010562,18,12492.951765,log
74.272443,33,12497.738117,log
94.165217,17,12501.902223,log
99.369075,11,12505.005313,log
91.73,17,12508.47453,log
103.081219,13,12511.853891,log
98.632893,15,12515.196925,log
113.180492,5,12518.198333,log
100.29,12,12521.195072,log
100.8,11,12524.205037,log
96.976625,15,12528.300193,log
79.467288,22,12532.217101,log
92.602731,18,12536.036124,log
93.14484,18,12539.382723,log
97.59,11,12543.043456,log
85.902788,23,12547.772791,log
95.837887,17,12551.216101,log
83.006266,21,12555.300133,log
100.18,12,12559.017197,log
94.96,14,12563.728023,log
104.97,9,12566.938161,log
103.45,10,12570.083316,log
110.44,6,12573.72094,log
98.02,13,12576.813892,log
100.431569,14,12581.183146,log
98.671528,15,12584.539816,log
92.312331,19,12588.063095,log
91.489703,18,12591.658682,log
75.283138,33,12595.978168,log
106.891502,11,12599.151814,log
102.664214,13,12602.426851,log
92.604686,17,12605.968779,log
87.989798,21,12609.649068,log
106.6,5,12612.549774,log
108.47,8,12615.346911,log
105.63,8,12618.343028,log
75.170188,29,12624.121435,log
102.043913,12,12627.299927,log
71.292291,49,12632.074038,log
95.249293,17,12635.722441,log
105.043442,10,12639.136241,log
99.407387,16,12642.233587,log
108.53,7,12645.019647,log
100.99,11,12648.152032,log
108.04,8,12651.063183,log
94.188127,19,12655.127599,log
104.776559,11,12659.182187,log
88.719481,17,12662.800926,log
74.182648,46,12668.533318,log
103.737288,11,12672.000554,log
81.349434,24,12676.373197,log
100.940323,15,12679.990647,log
105.329141,11,12683.101054,log
93.589333,16,12686.921713,log
99.58,12,12690.533166,log
103.64,11,12693.661965,log
106.44,8,12696.67642,log
99.38,12,12700.129486,log
102.64,11,12703.337314,log
103.39,11,12706.416048,log
102.217288,12,12710.032334,log
87.89,21,12713.851406,log
104.89,11,12717.203197,log
100.590205,11,12720.344263,log
102.981781,13,12723.49733,log
86.26,19,12726.991357,log
101.88,12,12730.264,log
104.091364,11,12733.563049,log
92.22,18,12736.985567,log
100.74,11,12740.3944,log
101.85,11,12743.304084,log
103.26,10,12746.365182,log
84.904035,24,12750.298196,log
104.415946,12,12753.925683,log
104.041364,11,12756.788033,log
100.643913,12,12760.03062,log
99.17,13,12763.243727,log
97.381069,16,12766.701674,log
105.11,9,12769.672048,log
100.94,11,12774.77966,log
108.07,8,12777.765992,log
94.110472,17,12781.780485,log
107.153442,9,12784.887493,log
99.81501,13,12788.10452,log
104.49,6,12791.080406,log
99.245966,14,12795.533893,log
108.72,8,12799.467893,log
99.4,10,12802.571116,log
73.379406,33,12806.777945,log
91.111405,19,12810.4705,log
78.345225,29,12816.149342,log
99.379973,14,12819.61962,log
91.982492,16,12823.173435,log
98.463913,15,12826.347441,log
90.93,17,12829.661559,log
97.926559,14,12832.97229,log
89.77,19,12837.529256,log
94.634233,19,12841.033207,log
102.978079,9,12844.799453,log
111.69,6,12847.487373,log
105.73,9,12850.416629,log
86.875966,6,12853.244641,log
102.72,8,12856.155371,log
96.501405,15,12859.333603,log
101.29,11,12862.455864,log
80.512657,25,12866.975362,log
85.678767,23,12870.654549,log
98.799574,14,12874.164728,log
76.630927,23,12877.703301,log
71.910472,32,12882.211531,log
100.413442,13,12885.729924,log
104.49,6,12888.7893,log
109.965966,7,12891.519446,log
105.380492,10,12894.602455,log
93.88,13,12897.678553,log
103.170472,11,12900.937451,log
87.214658,22,12905.294447,log
102.75,12,12908.328581,log
97.078579,15,12911.820392,log
91.826436,17,12915.397293,log
96.349973,12,12919.006089,log
97.697675,16,12922.801286,log
94.681395,17,12926.407289,log
103.79,11,12929.236994,log
104.81,9,12932.768335,log
104.52,9,12935.844953,log
104.553913,11,12939.016183,log
100.481489,12,12942.519441,log
99.096578,14,12946.222766,log
103.841569,11,12949.508485,log
95.668581,17,12953.034035,log
92.191961,19,12956.71447,log
107.14,7,12959.60167,log
101.52,8,12962.717682,log
100.94,11,12966.755761,log
99.3813,15,12970.829836,log
73.71,29,12975.097679,log
100.970472,11,12978.188601,log
104.327288,11,12981.316458,log
104.0,10,12984.416514,log
93.914632,15,12988.206255,log
104.6,10,12991.480105,log
103.26,10,12995.902465,log
102.54,11,12999.371086,log
101.243913,12,13003.344678,log
95.559293,15,13007.345491,log
101.366625,11,13010.147871,log
97.890068,14,13013.539611,log
92.86,14,13017.07062,log
86.864311,23,13021.132491,log
79.228874,27,13025.288213,log
95.169733,15,13028.514082,log
96.207344,17,13032.308578,log
104.49,6,13035.517745,log
106.42,8,13038.433414,log
96.581781,17,13041.931774,log
106.38,8,13044.955531,log
111.670492,6,13048.022293,log
106.13,9,13050.934855,log
102.253283,14,13054.114183,log
90.637327,20,13057.956595,log
94.705256,16,13061.912498,log
91.851781,20,13065.59564,log
100.211569,15,13068.831351,log
88.3795,21,13072.735562,log
99.87,13,13077.002803,log
96.257355,16,13080.076328,log
94.167844,17,13083.516133,log
92.59,16,13087.034226,log
107.531606,9,13090.314809,log
97.987655,15,13094.705492,log
105.76,9,13097.544006,log
104.72,9,13101.741625,log
110.18,7,13104.893997,log
99.059293,15,13108.515563,log
97.554806,15,13112.019347,log
98.541097,13,13115.701352,log
106.16,9,13119.018752,log
108.53,7,13121.817064,log
108.64,7,13125.495311,log
92.849908,16,13129.30561,log
85.567922,19,13133.116995,log
101.499733,12,13137.564719,log
103.971097,10,13140.691232,log
89.73,7,13144.119225,log
102.55,10,13147.320973,log
88.02,8,13150.474021,log
100.36258,14,13153.754105,log
101.911502,13,13156.773674,log
94.537844,15,13160.000964,log
103.656125,12,13163.236452,log
100.424358,14,13166.45603,log
105.06,9,13169.18509,log
103.55,10,13172.337616,log
108.42,8,13175.163523,log
94.826125,14,13178.631297,log
106.369973,10,13182.23927,log
80.216828,26,13186.665033,log
93.594686,18,13190.439617,log
103.04,11,13193.51742,log
84.14525,25,13197.694713,log
101.110472,12,13202.20218,log
101.23069,11,13205.837086,log
71.491405,29,13209.776919,log
86.031853,19,13213.420875,log
93.762331,18,13216.87144,log
86.611853,22,13220.326817,log
100.3,10,13224.131809,log
94.620472,17,13227.700922,log
101.439973,13,13231.328792,log
102.496559,12,13234.576282,log
100.398127,13,13237.648853,log
73.438956,29,13243.014732,log
107.792994,8,13246.134552,log
106.740492,9,13249.183044,log
110.24,6,13252.405705,log
99.804652,12,13256.860142,log
104.491364,11,13260.120121,log
99.956436,14,13263.603191,log
98.193913,13,13266.969622,log
86.045779,23,13271.632198,log
106.501569,10,13274.612073,log
109.45,6,13277.421807,log
102.411097,11,13281.032345,log
107.02,8,13284.262532,log
100.59,11,13287.593237,log
86.890927,22,13291.311567,log
96.34,16,13295.703361,log
82.62,8,13298.539458,log
99.77,13,13302.747199,log
74.661405,32,13305.955289,log
95.393913,17,13309.532344,log
68.6598,39,13314.565312,log
89.8,20,13318.874957,log
83.155252,24,13322.502115,log
94.805132,17,13325.985329,log
98.649733,13,13329.424524,log
90.441586,20,13333.259128,log
95.838857,16,13336.500958,log
105.136452,10,13339.781405,log
101.84,11,13343.065771,log
107.39,8,13346.616158,log
109.98,7,13349.752191,log
100.162878,16,13354.754183,log
90.544231,20,13359.560835,log
93.67484,15,13363.228915,log
108.379973,9,13366.360784,log
90.835779,19,13369.987703,log
103.14,11,13373.265435,log
101.79,12,13376.013514,log
82.948127,21,13380.273301,log
92.902461,17,13384.076185,log
94.116668,18,13387.670039,log
102.14,11,13392.045393,log
110.24,6,13395.121032,log
100.311836,13,13398.64225,log
96.049346,17,13402.106003,log
94.930472,16,13405.565431,log
94.19,16,13408.919056,log
106.43,8,13412.762515,log
91.132331,16,13416.435477,log
70.901132,37,13420.787355,log
96.813442,15,13424.215244,log
97.167982,14,13429.22089,log
96.03,12,13432.237751,log
104.5,10,13435.468117,log
101.071499,12,13438.719155,log
95.851097,17,13442.456757,log
98.741781,11,13445.737532,log
103.75,10,13448.750559,log
111.09,6,13451.452696,log
92.32,5,13454.201518,log
108.14,7,13458.200744,log
102.02,13,13461.487127,log
78.099346,27,13465.469294,log
99.261569,14,13468.646384,log
106.101588,10,13471.776889,log
110.44,6,13474.694605,log
100.13,12,13477.536604,log
103.953913,11,13480.773737,log
104.890472,11,13484.409565,log
106.981097,9,13488.079036,log
100.115946,13,13491.299606,log
79.425916,29,13495.401232,log
102.34,11,13498.515285,log
92.749411,16,13502.154854,log
81.683913,23,13506.050156,log
100.02,13,13509.237469,log
102.04,11,13512.673802,log
106.14,6,13515.502927,log
108.88,7,13519.588372,log
83.780578,25,13523.965336,log
91.370039,19,13527.383621,log
99.069733,15,13531.128289,log
91.72,18,13535.805796,log
102.53,7,13539.789325,log
110.44,6,13542.820598,log
91.667408,21,13546.964595,log
106.36,10,13549.797273,log
99.76,9,13552.978687,log
97.164214,13,13556.199321,log
97.691097,14,13559.593652,log
71.44795,52,13565.317694,log
106.253442,9,13568.90241,log
96.146125,17,13572.585853,log
101.95582,12,13576.358506,log
108.73,7,13580.415501,log
107.19,8,13583.251876,log
104.69,6,13586.207659,log
101.83,12,13590.641583,log
108.15,7,13593.176291,log
106.271097,10,13596.355194,log
104.151097,12,13599.96618,log
108.973847,8,13604.188789,log
105.646625,9,13607.283722,log
105.735217,10,13610.407626,log
101.493913,12,13613.653281,log
87.191656,22,13618.097505,log
96.980205,17,13621.711571,log
77.917987,31,13626.205819,log
106.680472,10,13630.726782,log
103.158835,12,13634.052837,log
91.048127,16,13637.609744,log
84.355433,20,13640.990814,log
97.48,12,13644.381484,log
89.601097,18,13648.027231,log
108.89,7,13650.776704,log
86.727355,24,13656.51669,log
95.081499,16,13659.845361,log
94.365217,17,13663.58755,log
100.49,12,13666.632888,log
95.49,16,13670.03866,log
104.177288,12,13673.243551,log
103.370562,12,13676.546558,log
107.17,8,13679.96653,log
108.49,8,13682.98272,log
101.658127,10,13686.018753,log
97.32,14,13688.979317,log
89.894445,14,13692.221844,log
97.27,14,13696.028437,log
96.18,12,13699.345407,log
99.93,12,13703.987942,log
73.317979,37,13708.781644,log
86.970241,24,13712.672729,log
97.642708,13,13718.360854,log
94.461924,18,13722.435844,log
98.5,15,13727.345265,log
94.736575,15,13731.729927,log
68.235858,60,13738.197248,log
95.017655,16,13741.654044,log
97.92,13,13744.919341,log
108.28,7,13749.004847,log
106.16,9,13752.069829,log
105.571097,10,13755.406993,log
107.17,8,13758.502976,log
97.0,15,13762.016561,log
72.810282,41,13766.912634,log
96.84,16,13770.499945,log
84.229307,23,13774.80105,log
101.023413,13,13777.885974,log
93.339169,17,13781.217043,log
94.635402,15,13784.832053,log
93.56409,17,13788.215991,log
101.133913,13,13791.539662,log
100.750952,14,13795.148569,log
94.531569,17,13799.533003,log
110.44,6,13802.338846,log
104.95,10,13805.3205,log
107.94,7,13808.445661,log
102.93,12,13811.901606,log
100.213237,15,13815.319334,log
92.181097,19,13819.513376,log
100.913913,11,13822.652406,log
88.19,21,13827.334952,log
103.593913,12,13831.353687,log
105.06,9,13834.369758,log
108.73,7,13837.426744,log
108.73,7,13840.500848,log
101.703913,11,13843.821552,log
99.173283,16,13847.538992,log
100.59,11,13850.533684,log
105.06,9,13853.352862,log
103.45,10,13856.312851,log
97.57,13,13860.70169,log
103.86,10,13863.415052,log
91.872658,20,13868.115539,log
96.929973,14,13871.43152,log
95.246125,17,13876.085296,log
78.112893,29,13881.761523,log
98.797656,14,13884.941893,log
78.224214,22,13888.699234,log
100.61,9,13891.475597,log
107.182994,8,13894.519431,log
97.078128,15,13897.912486,log
87.291767,23,13902.009594,log
106.553442,9,13905.309827,log
101.681364,12,13909.534235,log
101.121364,13,13912.517813,log
91.397655,18,13916.190229,log
96.844806,15,13919.770664,log
101.69,11,13922.955066,log
71.696328,28,13927.202303,log
88.172461,21,13931.124285,log
92.562878,21,13935.248868,log
90.06,16,13938.59531,log
108.08,7,13941.695912,log
109.58,7,13944.58919,log
108.53,7,13947.873602,log
88.692331,20,13952.836707,log
100.610472,12,13956.352159,log
99.289733,13,13959.569982,log
108.73,7,13963.772182,log
105.57,9,13967.163435,log
105.09,6,13969.882431,log
98.134926,14,13973.39063,log
70.752893,33,13977.971407,log
99.7,10,13983.073955,log
100.258127,10,13986.377986,log
98.62,15,13989.784881,log
90.861569,19,13993.408924,log
100.209989,14,13998.07829,log
107.280472,10,14002.48993,log
103.91,9,14005.816818,log
108.73,7,14009.087875,log
103.45,10,14012.328791,log
104.96,9,14015.351693,log
104.454944,12,14018.738045,log
99.038874,15,14022.337412,log
102.496559,12,14025.717794,log
87.544251,20,14029.634928,log
103.130472,11,14032.960954,log
87.293847,21,14036.766688,log
108.69,7,14039.601062,log
106.13,8,14042.569729,log
106.42,8,14046.106912,log
96.29065,15,14049.441229,log
96.096436,15,14052.873295,log
84.673833,25,14057.839151,log
97.541781,17,14061.296171,log
95.599733,17,14064.924719,log
101.296022,14,14068.284156,log
110.24,6,14071.104344,log
98.86,14,14074.769763,log
105.29,6,14077.877794,log
101.21,11,14082.396713,log
105.421097,10,14085.540765,log
109.58,7,14088.378487,log
99.357655,13,14091.998697,log
72.481056,41,14096.924466,log
102.530472,11,14099.763602,log
104.413283,13,14103.110763,log
83.229989,22,14106.814562,log
97.853913,11,14111.220892,log
108.02,8,14114.397344,log
93.481097,15,14117.891122,log
108.63,8,14120.819791,log
66.56,14,14124.283303,log
106.4,10,14127.512678,log
90.867288,19,14130.997374,log
85.099549,22,14135.466637,log
91.267656,18,14138.738601,log
101.706625,12,14142.293436,log
83.449327,24,14146.216774,log
95.32568,17,14150.369764,log
95.05,15,14153.722558,log
108.02,8,14156.774871,log
106.37,8,14160.094554,log
101.52,8,14162.873455,log
89.16,19,14167.117638,log
101.797922,11,14171.350627,log
99.073847,13,14174.490776,log
72.385773,36,14178.914587,log
78.752433,28,14183.130515,log
96.804358,15,14186.734243,log
83.9,20,14191.49251,log
107.3,5,14195.498709,log
94.95,15,14198.581199,log
100.801097,13,14203.324577,log
91.060472,17,14206.875576,log
98.113913,15,14210.333281,log
97.115047,15,14213.815645,log
95.632331,16,14217.342388,log
104.909733,11,14220.554351,log
96.39,11,14223.752155,log
91.43,17,14227.372664,log
99.171219,15,14230.829631,log
104.821097,10,14235.100294,log
110.44,6,14239.21119,log
105.29,6,14243.286761,log
104.24,7,14246.060266,log
110.44,6,14248.854722,log
102.8,10,14252.102717,log
70.900562,34,14256.239836,log
78.36794,27,14261.882973,log
106.981097,9,14266.658146,log
100.651605,14,14270.201747,log
107.07,9,14273.334727,log
93.549333,19,14277.274766,log
94.516292,17,14280.7428,log
103.33,12,14283.622127,log
98.416106,14,14286.855862,log
107.17,8,14290.144519,log
105.612994,10,14293.248851,log
106.22,8,14296.24028,log
73.320927,29,14300.456476,log
85.142146,23,14304.318475,log
106.790472,9,14308.726497,log
100.050472,13,14313.068813,log
76.670546,28,14317.457803,log
99.741097,13,14321.92741,log
103.35,10,14325.549649,log
104.69,6,14328.267895,log
94.95,15,14331.419966,log
85.504409,24,14335.599754,log
100.98,12,14340.223416,log
88.671499,17,14343.855957,log
100.31,9,14347.301774,log
98.366625,11,14350.732972,log
86.663913,20,14354.207565,log
102.8,10,14357.316366,log
108.47,8,14363.08297,log
96.39,11,14367.175539,log
101.490067,13,14370.60118,log
99.263442,14,14373.76914,log
93.640927,17,14377.309932,log
107.22,8,14380.177114,log
108.08,7,14382.957814,log
104.56,10,14385.781409,log
100.367655,12,14390.002553,log
91.634214,16,14393.25259,log
79.855995,25,14398.178765,log
101.710472,12,14401.577238,log
86.228755,23,14405.424848,log
64.911037,54,14411.406959,log
97.897887,17,14414.910366,log
94.41,14,14418.342163,log
98.096625,15,14421.688675,log
99.57,13,14425.002645,log
95.559286,16,14428.329612,log
96.610323,17,14431.924231,log
107.42,8,14434.890367,log
106.62,8,14437.875442,log
104.05,10,14440.978862,log
84.750068,23,14444.69081,log
97.644795,16,14449.436791,log
100.857655,12,14452.925852,log
82.31,24,14457.419447,log
106.17,8,14460.265706,log
97.87,13,14463.951684,log
100.59,11,14467.421949,log
103.275217,11,14470.612949,log
100.54,12,14474.475622,log
103.35,10,14477.56064,log
107.67,8,14480.89498,log
109.58,7,14483.987155,log
91.244113,20,14487.657597,log
101.88,12,14490.564688,log
105.903847,10,14494.041846,log
101.33,12,14497.768579,log
71.781174,32,14502.721162,log
98.277655,10,14506.021401,log
99.921097,10,14509.324515,log
94.60732,17,14512.860183,log
96.516373,18,14516.847608,log
110.13,7,14520.871743,log
97.27,14,14524.963288,log
105.397887,11,14528.422239,log
102.98069,11,14531.712765,log
103.74,11,14535.203725,log
104.448127,11,14538.347825,log
105.57,9,14542.550983,log
98.82,13,14545.744843,log
102.95,10,14548.821157,log
70.534821,33,14553.060159,log
102.420472,11,14556.30719,log
95.813061,17,14559.87622,log
90.367922,19,14563.735744,log
81.905047,25,14567.610734,log
74.370068,31,14571.469803,log
98.506436,15,14574.83502,log
97.610927,15,14578.153145,log
102.420472,11,14582.442097,log
96.51,14,14585.707357,log
109.965966,7,14588.558416,log
99.461097,13,14592.172058,log
100.010472,12,14595.495678,log
107.06,9,14599.95123,log
95.5,15,14603.524099,log
91.33,7,14606.44225,log
104.26,10,14609.716175,log
101.03,12,14612.522822,log
92.605223,19,14616.343937,log
102.8,11,14621.271508,log
94.876796,17,14625.538909,log
70.942331,30,14630.890805,log
67.537656,45,14636.773628,log
92.411098,17,14641.973706,log
105.01,9,14645.436782,log
105.57,9,14648.361932,log
92.43,17,14652.318111,log
94.491364,16,14655.390267,log
102.799346,13,14659.079881,log
92.05,15,14662.907723,log
98.780472,15,14666.234694,log
94.950601,17,14669.767553,log
100.37,13,14673.240693,log
91.665217,17,14677.057133,log
96.29,11,14680.378562,log
101.943442,12,14683.621835,log
87.310068,22,14688.533941,log
102.246559,12,14691.581324,log
104.477655,10,14695.683307,log
107.38,8,14699.615993,log
94.59,16,14702.80053,log
101.630562,12,14706.11423,log
103.2,10,14709.036427,log
98.950472,13,14712.417015,log
95.281097,16,14715.751733,log
105.09,6,14718.517447,log
109.44,6,14721.72304,log
104.82,9,14725.732309,log
72.763847,34,14730.470384,log
99.639973,14,14734.928286,log
103.44,11,14738.212862,log
100.046559,13,14741.652644,log
99.453847,15,14745.046067,log
96.429411,18,14748.669447,log
97.747156,15,14752.00718,log
97.45,10,14755.547797,log
101.251219,11,14760.204897,log
98.83,13,14763.877018,log
109.64,6,14766.908154,log
108.73,7,14770.155359,log
96.242583,17,14773.517378,log
103.509733,11,14777.375175,log
103.471097,12,14780.953146,log
85.44,21,14784.862988,log
100.94,12,14788.003001,log
107.93,7,14791.193594,log
106.158145,9,14795.390781,log
107.153442,9,14799.773572,log
106.047803,10,14804.004037,log
76.831489,27,14807.877014,log
100.941606,13,14811.626043,log
97.150927,16,14816.370259,log
107.06,9,14820.320108,log
90.762708,20,14824.375545,log
86.560515,24,14828.483779,log
107.17,8,14833.355607,log
108.58,7,14837.130158,log
97.2,10,14841.308239,log
70.272708,34,14845.7334,log
102.84,11,14848.866913,log
97.951219,16,14852.510377,log
83.501831,22,14857.311787,log
94.811097,16,14860.972934,log
106.57,8,14864.257823,log
98.89258,15,14868.173984,log
85.648213,22,14872.119373,log
102.530205,12,14875.407149,log
105.76,9,14879.828717,log
105.51,9,14883.782791,log
107.421588,9,14887.933968,log
101.071569,14,14891.280016,log
96.375256,17,14895.043819,log
103.99,11,14898.121813,log
88.943913,17,14902.12338,log
104.59,11,14905.239777,log
106.040472,9,14908.625341,log
98.027922,14,14911.932842,log
100.0,10,14915.701388,log
99.496668,15,14919.135123,log
108.73,7,14925.171057,log
101.94,11,14928.357823,log
105.82,8,14931.397787,log
85.307288,23,14935.550157,log
68.882624,46,14941.890565,log
93.764214,18,14946.279349,log
90.180927,19,14951.574399,log
100.27,14,14954.893776,log
105.413913,10,14957.910255,log
90.112,18,14962.401871,log
103.631499,11,14966.135257,log
85.237887,22,14971.764262,log
108.93,7,14975.724204,log
86.433442,21,14981.097053,log
89.28,7,14984.130702,log
98.71,9,14987.085713,log
110.24,6,14990.269101,log
109.65,6,14992.954543,log
96.5,15,14996.111694,log
84.83577,22,14999.953846,log
100.041097,13,15003.915069,log
101.93,12,15008.244347,log
73.200562,29,15012.384247,log
102.69,11,15015.949282,log
111.76,5,15018.92761,log
110.25,6,15021.784967,log
110.25,6,15024.60811,log
71.298992,52,15030.531028,log
82.203282,25,15034.626841,log
77.398247,27,15039.036348,log
104.993847,11,15042.424679,log
99.714358,14,15047.732696,log
83.971444,24,15051.862458,log
96.479141,14,15058.140519,log
106.353442,9,15061.413773,log
92.527655,15,15064.827772,log
79.336806,27,15069.38475,log
89.216668,19,15073.352542,log
101.923442,12,15076.599265,log
110.24,6,15079.780865,log
109.555966,8,15083.837724,log
108.68,7,15086.657636,log
100.986559,13,15089.950223,log
92.366884,18,15094.336527,log
75.348707,28,15099.094339,log
107.698551,10,15103.360835,log
89.272124,21,15108.04667,log
93.771067,19,15113.232863,log
103.58,7,15116.165929,log
104.69,6,15118.902696,log
104.31,9,15121.812488,log
94.822809,16,15125.196894,log
84.106895,22,15129.140715,log
101.065946,13,15134.596416,log
106.140205,11,15138.028944,log
104.853847,10,15141.19957,log
97.04,16,15145.585075,log
105.86,9,15148.622272,log
99.96,14,15152.323069,log
104.21,9,15155.541706,log
87.455433,21,15160.914941,log
111.75,5,15163.836786,log
105.91,9,15166.844807,log
106.364926,10,15171.102931,log
107.36,9,15174.503795,log
99.157288,14,15178.003883,log
71.808874,33,15182.655774,log
101.34,11,15185.836664,log
74.254099,46,15191.483115,log
85.148184,22,15195.430328,log
104.61,10,15198.603106,log
103.056707,12,15201.970078,log
108.68,7,15205.376066,log
107.37,8,15208.469899,log
105.29,6,15211.905117,log
74.338739,28,15216.06454,log
101.379574,12,15219.311183,log
95.8,15,15222.651752,log
102.870679,12,15226.866211,log
101.407989,12,15230.305989,log
95.580535,18,15234.343825,log
88.401489,20,15239.828888,log
99.133913,13,15243.150851,log
90.501364,20,15247.152807,log
110.24,6,15250.617853,log
105.97,8,15253.549817,log
108.73,7,15256.839782,log
94.192708,18,15260.324427,log
99.404493,14,15263.699156,log
85.491219,23,15268.153991,log
110.44,6,15271.267603,log
108.13,7,15274.323214,log
109.58,7,15277.59814,log
100.99,12,15281.683848,log
67.173736,45,15287.075104,log
79.090927,22,15292.060995,log
99.323913,14,15297.725321,log
96.180472,15,15301.721166,log
103.39,11,15306.411708,log
105.51,9,15309.377481,log
108.93,7,15313.561822,log
110.24,6,15318.00304,log
83.865223,24,15322.025781,log
107.42409,10,15325.810989,log
89.46,20,15329.430432,log
82.414863,24,15333.495415,log
103.44,11,15336.696395,log
50.130928,43,15342.065099,log
100.89,11,15346.943294,log
90.01,6,15349.96659,log
109.351097,7,15353.235629,log
