#{"t_start": 1780861332.801356, "env_id": "None"}
r,l,t,target
40.413442,78,7.817639,clay
21.942981,69,13.775834,clay
-35.047671,100,20.850639,N/A
-53.925418,100,27.326648,N/A
50.065188,65,34.25972,clay
32.124807,77,40.836969,clay
70.913883,26,45.588817,clay
64.599243,31,48.984315,clay
-36.584801,100,56.079684,clay
-59.596117,100,63.166802,clay
73.187655,19,66.053001,clay
-34.015645,100,72.802712,clay
-9.950225,100,79.503866,N/A
48.488368,58,85.690788,clay
-30.823175,100,92.248054,clay
50.389541,58,97.124067,clay
-53.983162,100,104.010902,N/A
16.347922,36,108.143771,clay
68.402617,33,111.763191,clay
-10.949529,100,120.091025,clay
49.723422,65,125.52091,clay
-35.991129,100,132.325175,clay
-33.072426,100,139.354051,N/A
19.217552,67,144.947442,clay
25.147985,44,149.167153,clay
-18.807128,100,157.084773,clay
34.919544,84,163.012601,clay
-63.168104,100,172.088913,clay
21.788412,73,177.931963,clay
-33.097813,100,184.770209,N/A
81.524495,25,188.083946,clay
37.169084,69,193.089309,clay
75.579633,22,196.38542,clay
-35.603927,100,203.185779,clay
-8.32777,100,210.309417,clay
57.654582,35,213.89499,clay
47.566436,53,219.167099,clay
-36.386645,100,225.945048,clay
-6.888351,100,232.78514,clay
-5.039735,100,239.464295,N/A
-34.813249,100,246.833048,clay
-64.77358,100,253.02524,clay
59.587237,35,256.679653,clay
-38.235165,100,263.400685,N/A
79.554107,11,266.099744,clay
62.202544,40,270.290821,clay
60.447503,42,274.584131,clay
28.900472,33,278.301897,clay
49.265264,57,282.924566,clay
-39.074876,100,289.739739,clay
-12.786298,93,296.232657,clay
90.291506,15,300.558134,clay
16.62,68,306.184322,clay
50.302552,38,311.326191,clay
-23.616637,100,318.024491,clay
-45.809349,100,324.560973,N/A
-10.319585,100,332.965283,N/A
-40.808309,100,339.58564,clay
-15.80531,100,346.206134,clay
-13.491736,100,353.034925,clay
16.713137,89,359.347755,clay
53.617656,32,363.214655,clay
64.86,32,366.723359,clay
48.272565,44,372.261855,clay
66.19,21,375.938732,clay
-35.355701,100,382.341098,N/A
24.016466,53,386.873194,clay
27.020712,99,394.436389,clay
26.042128,93,400.807093,clay
39.450142,35,404.616306,clay
18.000081,93,411.815315,clay
29.261571,37,417.692646,clay
59.786559,38,421.927541,clay
31.633517,40,426.20383,clay
64.912498,37,430.355337,clay
68.517052,51,435.076963,clay
-63.043877,100,443.498488,clay
19.596275,81,449.39436,clay
44.252949,90,456.337341,clay
74.73,22,459.53143,clay
63.035966,20,462.698841,clay
-34.840173,100,469.503624,clay
-35.505451,100,477.817535,N/A
-14.720868,100,486.295158,clay
-64.349263,100,492.981661,N/A
46.294197,85,499.379242,clay
-14.102401,100,507.142631,clay
2.178662,91,513.66949,clay
-36.390353,100,520.683987,clay
-43.037856,100,527.738245,clay
57.249647,75,533.026908,clay
-72.138976,100,540.313463,clay
65.868155,40,544.085702,clay
-30.691143,100,550.846013,clay
-24.755437,100,558.019094,clay
-56.060935,100,564.65382,clay
52.678957,100,573.206922,clay
54.070028,56,578.098833,clay
21.769561,92,585.025355,clay
95.573442,15,587.640084,clay
59.773481,33,591.32627,clay
64.242335,45,595.838629,clay
-65.182789,100,603.367149,N/A
32.021853,75,609.094458,clay
-29.548747,100,616.506767,clay
-14.561492,100,624.241923,N/A
-25.220157,100,630.733831,clay
-33.245359,100,637.354596,clay
47.464019,53,642.279607,clay
-52.648068,100,649.153559,N/A
-30.302914,100,656.900598,N/A
-4.358111,100,664.646844,clay
-58.614267,100,671.433566,N/A
74.494626,23,674.666591,clay
-47.802266,100,681.902031,N/A
27.044373,35,685.445858,clay
25.453199,54,690.388555,clay
25.26513,73,696.048895,clay
-32.784399,100,703.657939,clay
52.756398,42,707.863695,clay
-35.122873,100,714.088126,N/A
-31.81847,100,720.887698,clay
57.582005,44,725.944745,clay
18.912223,56,730.364712,clay
-37.076033,100,737.134406,clay
-32.211165,100,746.131138,clay
67.345256,25,749.31569,clay
16.319977,87,755.711367,clay
-24.436426,100,762.350429,clay
-40.837919,100,769.092347,N/A
-36.023577,100,776.053167,clay
-35.088114,100,784.651892,clay
-6.968553,100,791.326102,clay
-31.766549,100,799.226527,N/A
32.905217,43,803.546132,clay
56.038796,32,807.183244,clay
-66.227594,100,814.043191,clay
-53.027894,100,821.479826,clay
35.359102,50,826.288861,clay
-5.927983,100,832.906111,clay
-20.704824,100,839.705314,N/A
94.983442,16,842.916169,clay
82.17,8,845.528189,clay
-42.063867,100,853.220121,N/A
34.791628,85,859.706542,clay
68.887288,35,863.039291,clay
26.374659,91,868.980729,clay
51.55621,28,872.691384,clay
62.702359,43,877.025878,clay
13.055574,57,881.495767,clay
64.656143,44,885.516529,clay
29.158958,51,890.652032,clay
73.981364,22,893.913273,clay
64.207924,21,897.105051,clay
55.233847,52,902.027597,clay
25.723051,66,907.431901,clay
51.160407,36,911.593466,clay
48.307248,70,917.049488,clay
31.634632,97,923.757931,clay
64.17951,78,929.260654,clay
41.340295,37,933.414985,clay
60.26928,52,938.158541,clay
46.033952,64,943.374851,clay
25.870668,79,948.912264,clay
59.81,24,952.527504,clay
35.4693,72,958.318139,clay
62.982682,45,962.765253,clay
61.130472,55,967.374278,clay
-34.792217,100,974.483317,clay
-36.831532,100,981.272137,N/A
56.091245,59,986.214368,clay
81.54358,13,989.053845,clay
71.060113,28,992.525262,clay
50.705478,70,999.096788,clay
55.735641,39,1003.194139,clay
23.521405,44,1007.237651,clay
-7.856056,100,1014.276578,clay
62.775867,39,1019.223754,clay
62.815069,56,1023.81004,clay
30.608256,89,1030.1457,clay
37.007336,89,1036.779456,clay
-30.76121,100,1043.35572,clay
26.010001,63,1048.386781,clay
68.187982,16,1051.119524,clay
56.419246,45,1055.565606,clay
-26.719726,100,1062.360814,N/A
-40.575974,100,1069.337724,clay
63.048992,27,1072.502496,clay
58.689118,72,1078.078987,clay
53.896112,44,1082.325431,clay
88.740472,19,1085.323482,clay
36.003688,98,1092.473576,clay
55.740831,77,1098.138904,clay
52.511097,14,1101.09139,clay
35.650846,64,1106.558408,clay
5.231478,78,1112.353738,clay
81.807922,20,1115.513533,clay
-30.687839,100,1122.717421,N/A
44.300076,32,1126.274644,clay
60.983699,45,1130.804319,clay
52.904084,75,1137.525591,clay
66.01923,34,1141.209205,clay
-28.674148,100,1148.41444,N/A
-33.18385,100,1154.955687,N/A
53.212583,75,1160.321196,clay
70.271201,38,1165.532959,clay
59.598757,38,1169.554728,clay
35.234926,33,1173.23143,clay
-9.266315,100,1179.955369,clay
32.030889,70,1185.269926,clay
72.624333,21,1188.559762,clay
68.201704,56,1193.103046,clay
56.446108,40,1196.946673,clay
17.46656,55,1201.31945,clay
70.16314,48,1205.946205,clay
76.293414,14,1208.865629,clay
58.038163,59,1213.787306,clay
67.352474,39,1217.43346,clay
-26.114527,100,1224.200233,N/A
22.845751,96,1230.432605,clay
41.160218,32,1234.340314,clay
52.611757,43,1239.791966,clay
52.954245,68,1244.907084,clay
39.13728,42,1249.122308,clay
60.293615,56,1253.920008,clay
56.75795,51,1258.888696,clay
20.261192,96,1265.092808,clay
36.266204,71,1271.090799,clay
77.291914,27,1274.670543,clay
58.366106,34,1278.541051,clay
63.539869,77,1284.603246,clay
-31.062413,100,1291.81886,clay
54.71702,54,1296.326082,clay
45.227493,58,1301.59857,clay
26.799785,55,1306.208274,clay
77.994434,22,1309.199672,clay
34.109763,69,1314.870848,clay
21.212865,65,1319.783966,clay
29.044436,80,1325.759249,clay
27.108838,90,1331.870883,clay
58.550545,31,1335.723601,clay
29.449714,32,1339.534852,clay
68.060067,46,1345.39784,clay
75.546972,31,1348.780588,clay
61.394434,24,1352.080243,clay
53.644218,46,1356.697845,clay
50.772197,99,1362.908052,clay
87.19018,19,1366.596556,clay
86.918672,24,1370.664422,clay
85.95,10,1373.601798,clay
-0.600489,100,1380.295349,clay
27.601034,62,1385.49548,clay
57.571288,38,1389.756364,clay
58.923442,32,1393.438145,clay
51.509431,42,1398.096017,clay
74.46,14,1400.783265,clay
65.37203,36,1404.778101,clay
68.555047,35,1408.748638,clay
73.886266,28,1412.267193,clay
81.661219,20,1415.443664,clay
29.878428,61,1420.569104,clay
33.867428,64,1425.711897,clay
89.134214,16,1428.615249,clay
60.345467,38,1432.766527,clay
73.487288,20,1435.981684,clay
56.998771,45,1440.393022,clay
60.83918,100,1447.74143,clay
68.740567,33,1451.530648,clay
71.857325,34,1455.030082,clay
73.261379,48,1459.729747,clay
5.763834,89,1465.801812,clay
66.38,27,1469.12414,clay
20.741407,77,1474.712554,clay
39.708984,95,1481.494791,clay
87.667181,22,1484.493997,clay
58.321124,56,1489.391409,clay
53.387747,55,1494.028827,clay
20.001696,57,1498.939242,clay
64.544685,34,1502.626116,clay
73.705031,24,1505.980736,clay
42.933146,32,1509.665217,clay
85.152021,12,1512.47368,clay
67.967165,25,1516.236993,clay
81.341097,13,1519.218708,clay
74.625946,31,1522.912145,clay
67.220886,35,1526.842929,clay
56.490059,53,1532.342522,clay
67.081391,21,1535.42645,clay
38.562823,66,1540.717004,clay
98.447656,14,1543.816999,clay
48.948606,26,1547.231365,clay
10.376321,64,1553.82386,clay
68.385409,41,1557.695361,clay
67.107074,50,1562.727708,clay
70.356265,43,1567.368868,clay
59.907336,34,1571.027647,clay
72.099138,44,1575.17074,clay
81.647922,21,1578.62362,clay
63.280715,41,1582.74122,clay
40.877187,42,1586.826411,clay
34.745256,58,1591.182107,clay
39.416922,69,1596.725717,clay
6.890619,49,1601.781813,clay
28.436418,33,1605.623137,clay
51.45232,33,1609.147084,clay
53.152278,30,1612.560931,clay
27.120136,61,1617.453026,clay
29.974994,67,1623.228068,clay
73.494632,27,1626.986224,clay
47.006718,31,1630.372743,clay
51.788874,40,1635.716035,clay
57.701842,26,1639.10701,clay
57.532338,57,1643.621184,clay
68.116125,25,1646.804156,clay
56.88,42,1651.180434,clay
65.01065,23,1654.396469,clay
88.999973,20,1658.55832,clay
38.4295,36,1662.512188,clay
58.309633,36,1666.40475,clay
-34.685934,100,1674.504437,N/A
55.627658,26,1678.498106,clay
53.87069,52,1684.225162,clay
24.940338,89,1690.549626,clay
60.673453,31,1694.491834,clay
71.141097,18,1697.523811,clay
73.679141,14,1700.456714,clay
58.513361,21,1703.783136,clay
54.596318,25,1707.085186,clay
88.18,7,1709.685267,clay
30.380546,52,1714.837903,clay
22.661639,66,1719.983219,clay
66.743403,37,1723.91713,clay
56.62921,57,1728.63448,clay
68.310361,29,1732.541739,clay
30.660174,54,1738.104376,clay
4.780307,100,1745.12265,clay
75.816625,16,1748.075439,clay
80.888836,23,1751.563967,clay
67.590927,42,1756.104857,clay
59.73118,25,1759.341939,clay
40.711434,78,1766.338569,clay
52.041097,28,1770.936519,clay
39.600492,38,1775.318875,clay
57.920453,33,1779.182391,clay
54.99755,40,1783.711955,clay
58.170611,56,1788.551684,clay
29.258603,73,1794.622632,clay
65.116725,54,1800.279243,clay
96.05,15,1803.156128,clay
72.130938,28,1806.783448,clay
37.658145,38,1811.267118,clay
62.67029,49,1815.706223,clay
60.290341,77,1821.86694,clay
59.469243,24,1825.99047,clay
74.057922,28,1830.640453,clay
79.530492,10,1834.242754,clay
70.052331,39,1838.560853,clay
68.536452,25,1841.904796,clay
65.939585,32,1845.487137,clay
64.396266,64,1850.614925,clay
77.17,13,1853.447709,clay
54.410829,23,1856.823535,clay
8.170562,52,1863.308158,clay
62.992758,36,1867.154574,clay
100.727656,14,1869.98258,clay
59.092543,29,1873.400363,clay
74.299463,17,1876.544956,clay
71.543233,33,1880.529412,clay
73.02023,27,1884.059529,clay
30.378535,62,1889.636659,clay
41.614041,33,1893.199158,clay
79.67957,27,1897.131458,clay
31.485217,35,1901.63954,clay
102.487288,13,1904.87328,clay
69.873139,47,1909.258394,clay
68.920492,36,1914.528024,clay
70.729304,38,1918.250393,clay
91.067593,16,1921.62233,clay
90.231915,19,1925.100545,clay
57.102731,38,1929.500091,clay
52.059989,23,1933.003119,clay
74.221364,13,1935.739678,clay
73.925966,21,1938.71449,clay
82.17,8,1941.150924,clay
20.177451,49,1947.340076,clay
27.801108,54,1952.74793,clay
69.266625,21,1956.054518,clay
94.95752,19,1960.628133,clay
22.281038,74,1965.884472,clay
64.692061,67,1972.18074,clay
71.22933,35,1976.934319,clay
73.355966,13,1979.773315,clay
31.885927,51,1984.191736,clay
53.333932,43,1988.436395,clay
65.038539,35,1992.08781,clay
75.800612,26,1995.615225,clay
94.65,15,1998.669217,clay
24.275908,60,2003.458026,clay
49.830472,55,2009.040598,clay
66.3,20,2012.182725,clay
62.152011,45,2016.701684,clay
71.826559,32,2020.495228,clay
31.979532,31,2024.130989,clay
73.839962,47,2028.856232,clay
91.021499,12,2032.455998,clay
63.463246,43,2037.16911,clay
88.311364,19,2040.149548,clay
64.87,33,2043.740912,clay
64.186068,68,2049.01703,clay
43.045631,52,2054.90845,clay
66.255356,30,2058.272377,clay
65.91392,29,2062.278116,clay
64.444704,20,2065.498533,clay
90.9,15,2068.394552,clay
83.567191,18,2072.05711,clay
74.285877,31,2075.951831,clay
70.812578,34,2079.626937,clay
69.18926,48,2083.904597,clay
67.072909,48,2088.325681,clay
76.517555,17,2091.307638,clay
48.166321,29,2094.955806,clay
80.941097,18,2098.154081,clay
64.902961,51,2102.679025,clay
80.766418,25,2106.326303,clay
60.930492,20,2109.702373,clay
38.095826,73,2115.518152,clay
72.448366,51,2120.166076,clay
62.644685,29,2123.738385,clay
65.361078,20,2126.672119,clay
80.02065,17,2130.294658,clay
38.803873,89,2136.481751,clay
99.711502,15,2139.198658,clay
63.222642,50,2143.792999,clay
93.787347,18,2147.988605,clay
90.710492,17,2151.138447,clay
90.450492,18,2154.756855,clay
59.721453,48,2159.443914,clay
52.869895,78,2166.910227,clay
78.839836,28,2170.758037,clay
64.779155,25,2174.164227,clay
60.278384,31,2177.732156,clay
68.737656,17,2180.457978,clay
73.124345,47,2185.135125,clay
75.180078,29,2189.218404,clay
55.946817,34,2193.671111,clay
59.232544,60,2200.262247,clay
82.54,11,2203.185601,clay
36.176839,48,2208.529133,clay
62.546625,28,2212.218963,clay
34.02,28,2216.720637,clay
53.617288,37,2220.500969,clay
79.536187,15,2223.133225,clay
47.598145,19,2226.195367,clay
72.60713,19,2229.369085,clay
87.0,8,2232.077181,clay
49.657655,22,2235.761049,clay
104.44,11,2238.73942,clay
68.273913,29,2242.450557,clay
54.953125,67,2247.656957,clay
69.499993,37,2252.016777,clay
85.15,20,2254.930402,clay
76.585346,12,2258.652131,clay
60.496706,37,2262.4503,clay
67.725394,27,2266.079869,clay
77.108366,14,2268.952808,clay
54.003714,33,2273.279611,clay
46.14,26,2276.975267,clay
61.303258,23,2280.311299,clay
79.06,19,2283.331436,clay
83.637656,23,2286.846334,clay
56.440632,49,2291.388357,clay
53.542843,26,2295.020044,clay
95.211097,16,2297.936121,clay
93.48,17,2300.932193,clay
78.55,10,2303.788521,clay
72.256817,18,2306.938934,clay
89.46,14,2309.951952,clay
78.021916,25,2313.671374,clay
59.806625,22,2317.040748,clay
70.335047,17,2319.962955,clay
75.929154,19,2322.961847,clay
72.08683,43,2327.3152,clay
75.491854,16,2330.412297,clay
81.720492,11,2333.575049,clay
71.272331,32,2337.873491,clay
93.476559,14,2340.880255,clay
71.686033,27,2344.408696,clay
60.406022,43,2348.566831,clay
79.574214,22,2352.138932,clay
31.652099,53,2356.653179,clay
55.114797,59,2362.103014,clay
79.06,24,2365.318576,clay
85.58,7,2367.803774,clay
88.578728,23,2371.241095,clay
82.008127,25,2374.844778,clay
63.386049,46,2380.681761,clay
80.25,23,2383.693251,clay
89.976559,19,2387.4328,clay
79.173157,12,2390.078246,clay
80.620901,26,2393.744087,clay
60.355974,46,2398.701987,clay
61.095858,29,2402.54834,clay
59.857854,38,2406.594428,clay
69.08,17,2410.024273,clay
79.482006,28,2413.672213,clay
88.51,7,2416.01598,clay
61.532944,37,2420.391336,clay
69.68,27,2423.888049,clay
73.598065,19,2426.881491,clay
86.293847,21,2430.350055,clay
43.206747,46,2434.575902,clay
86.92,18,2437.620812,clay
87.522434,22,2441.136264,clay
68.630068,30,2444.995896,clay
83.35,13,2447.932289,clay
80.181513,25,2451.295647,clay
82.372833,25,2454.803568,clay
57.477655,28,2458.464738,clay
102.236625,12,2461.527276,clay
77.071502,26,2464.939697,clay
83.759141,21,2468.275035,clay
94.706292,13,2471.025934,clay
85.180492,10,2473.823319,clay
61.5879,41,2478.267466,clay
64.142524,51,2482.679917,clay
84.490976,24,2487.440304,clay
93.66,14,2490.203521,clay
54.020726,30,2493.841915,clay
43.83,25,2496.9498,clay
38.26803,63,2502.374052,clay
73.212674,33,2506.096631,clay
102.62,11,2509.010905,clay
73.20717,25,2512.710943,clay
81.060492,12,2515.43569,clay
79.463932,10,2518.499605,clay
64.798601,39,2522.383354,clay
61.007725,59,2527.955212,clay
105.49,11,2531.019807,clay
62.650763,38,2535.051219,clay
54.594983,51,2540.32636,clay
87.760472,12,2543.308043,clay
74.674153,32,2546.865458,clay
89.08,12,2549.585856,clay
74.248174,49,2554.04797,clay
63.845722,30,2558.20541,clay
70.938777,60,2564.211189,clay
77.131506,29,2568.026762,clay
73.369428,31,2571.92044,clay
93.985141,20,2574.992005,clay
55.925112,25,2578.45629,clay
67.354924,31,2582.50811,clay
105.32,6,2585.134637,clay
104.84,6,2588.042159,clay
93.041506,15,2590.9819,clay
73.690305,27,2596.125522,clay
88.46068,18,2599.435321,clay
72.049263,18,2602.649524,clay
68.53617,36,2606.608497,clay
73.425336,38,2610.759235,clay
73.690864,15,2614.176123,clay
85.878061,17,2617.417942,clay
60.636452,30,2620.919619,clay
71.568374,36,2625.16569,clay
87.836625,19,2628.6021,clay
71.441219,32,2632.449159,clay
73.04863,19,2635.630974,clay
71.006292,28,2640.775152,clay
78.11,19,2643.929402,clay
72.5583,46,2648.297438,clay
72.522393,69,2653.881279,clay
73.264482,29,2658.936074,clay
66.49,31,2662.715415,clay
88.121097,8,2665.406151,clay
70.937185,16,2668.464786,clay
59.010562,33,2672.386347,clay
76.890496,30,2677.223737,clay
72.081394,29,2680.688831,clay
88.001097,20,2684.284404,clay
102.094214,10,2686.939573,clay
89.224214,17,2689.868293,clay
95.89,11,2692.685127,clay
78.327982,27,2696.417515,clay
79.656357,28,2700.128951,clay
49.51,34,2704.940764,clay
62.781499,29,2710.075136,clay
72.464926,15,2713.836936,clay
35.430935,58,2718.846209,clay
69.83804,17,2722.107629,clay
61.499773,27,2725.888336,clay
77.402331,24,2729.628185,clay
71.697051,20,2733.282409,clay
76.363394,18,2736.189438,clay
83.983847,17,2739.07027,clay
81.21,14,2742.091594,clay
74.654113,44,2746.276647,clay
69.167288,17,2749.249124,clay
76.243835,16,2752.164193,clay
73.486501,15,2755.520968,clay
36.741136,29,2759.512011,clay
91.538579,19,2763.01498,clay
62.870422,34,2767.340137,clay
56.531405,35,2771.149179,clay
72.836452,17,2774.335021,clay
89.456292,16,2777.257347,clay
82.27,11,2780.082874,clay
98.702199,16,2782.885936,clay
72.120548,17,2785.911052,clay
87.767288,15,2788.822809,clay
82.25,17,2791.824832,clay
94.146452,14,2794.709016,clay
75.034826,34,2798.412516,clay
71.864369,29,2801.994216,clay
58.132756,73,2807.401452,clay
95.201569,15,2810.458709,clay
81.22,23,2814.012602,clay
64.560078,23,2817.231673,clay
73.93,17,2820.31056,clay
72.39087,34,2824.644011,clay
90.22,18,2829.252986,clay
80.38,22,2832.666573,clay
86.561914,20,2835.954975,clay
28.860039,40,2841.014292,clay
68.553224,38,2846.172212,clay
79.474685,15,2849.057427,clay
80.315256,26,2852.331018,clay
48.495337,38,2856.272025,clay
89.39,16,2859.394742,clay
93.178146,18,2862.800751,clay
80.845702,25,2866.514011,clay
82.438957,14,2869.652769,clay
46.670726,30,2874.27931,clay
73.033913,33,2877.935329,clay
65.368676,41,2882.540001,clay
75.559973,16,2885.515692,clay
79.050492,13,2888.638177,clay
90.124214,17,2891.623683,clay
84.03,22,2895.016763,clay
70.028217,45,2899.99984,clay
58.384818,30,2903.628261,clay
71.380472,25,2907.245039,clay
92.083552,19,2910.417481,clay
46.603166,27,2915.684432,clay
85.091405,24,2919.198644,clay
106.77,8,2921.824055,clay
66.832101,38,2926.004537,clay
86.764214,11,2928.950813,clay
76.271444,22,2932.451322,clay
65.83484,59,2937.396901,clay
76.359243,15,2940.660596,clay
87.37,18,2943.779593,clay
76.43,12,2946.921393,clay
86.21,9,2949.931505,clay
79.827671,27,2953.320435,clay
88.619261,18,2956.393919,clay
57.463525,37,2961.080507,clay
92.920905,15,2964.408157,clay
97.467336,13,2967.326006,clay
78.96,24,2970.894035,clay
79.53785,24,2974.097178,clay
76.138445,52,2978.795326,clay
75.55,15,2981.995679,clay
92.1,18,2985.023386,clay
93.969898,18,2988.212892,clay
60.585966,25,2992.319117,clay
86.436106,22,2995.498187,clay
82.33879,16,2998.596347,clay
71.598127,31,3002.440431,clay
75.071499,22,3005.714366,clay
99.534944,14,3009.715451,clay
103.225728,13,3013.785741,clay
73.374245,38,3019.009165,clay
83.623847,23,3022.270396,clay
76.084507,34,3026.435308,clay
86.84,16,3029.652111,clay
96.087555,18,3032.596947,clay
76.518473,16,3035.516294,clay
73.82,23,3038.987861,clay
80.291219,25,3042.266988,clay
89.190562,20,3045.239408,clay
79.491569,14,3048.149195,clay
60.046208,25,3053.436115,clay
94.69358,18,3056.776529,clay
63.933886,28,3060.289923,clay
75.757288,26,3063.838938,clay
94.890472,17,3068.550194,clay
79.851499,14,3071.700957,clay
84.084373,21,3075.938204,clay
67.669733,18,3079.606968,clay
70.182809,46,3083.669328,clay
73.538581,35,3087.869839,clay
90.03,19,3090.930042,clay
80.492896,11,3093.871107,clay
69.8,15,3097.482408,clay
94.258146,18,3100.684502,clay
90.304907,16,3103.53981,clay
70.781539,29,3107.124133,clay
77.52,13,3110.422451,clay
60.141069,39,3114.445841,clay
88.39,21,3117.529773,clay
89.832306,17,3120.65154,clay
61.990511,23,3124.120359,clay
47.111364,29,3127.676137,clay
65.706106,35,3131.785646,clay
83.05,10,3134.440054,clay
80.081097,9,3137.288069,clay
84.28,22,3140.466446,clay
74.6098,39,3144.926684,clay
72.572308,38,3149.07446,clay
95.36,14,3152.101868,clay
96.28,12,3156.344954,clay
81.5895,10,3159.169727,clay
72.229082,38,3163.264164,clay
72.913913,30,3166.869362,clay
62.959894,30,3172.245428,clay
85.575047,23,3175.818341,clay
95.3495,14,3178.833248,clay
61.96446,36,3182.638035,clay
104.107655,12,3185.323086,clay
93.958473,17,3189.103829,clay
95.919288,17,3192.192696,clay
79.015421,25,3196.419374,clay
75.87634,31,3200.331324,clay
91.85,20,3204.249884,clay
72.397022,43,3210.238163,clay
73.637755,43,3214.756617,clay
71.041323,30,3218.303273,clay
76.191626,29,3222.185071,clay
69.997385,28,3226.76143,clay
91.812136,19,3230.280818,clay
100.448473,13,3233.497247,clay
82.961364,9,3236.41943,clay
87.079141,19,3239.566874,clay
87.600263,19,3242.757049,clay
71.690188,67,3248.912524,clay
44.657426,35,3252.899224,clay
95.858788,18,3256.268938,clay
71.96,19,3259.244767,clay
76.1,20,3262.346454,clay
85.68,10,3265.040469,clay
93.25,15,3268.66893,clay
64.28352,23,3271.68381,clay
97.221097,15,3275.205743,clay
77.463166,35,3278.674262,clay
83.148293,25,3282.14933,clay
75.49404,33,3285.91772,clay
54.818508,29,3289.523098,clay
86.92,8,3292.2214,clay
78.041394,28,3295.928059,clay
103.49,11,3299.120616,clay
67.342017,35,3302.80839,clay
80.822017,22,3306.020767,clay
96.033442,16,3309.574661,clay
102.77,13,3312.348147,clay
86.824012,22,3315.381646,clay
84.300472,23,3318.635892,clay
83.878849,24,3322.315324,clay
92.08,20,3325.899873,clay
75.550292,44,3330.543996,clay
89.43,17,3333.494672,clay
91.725047,18,3336.849583,clay
83.837288,20,3340.47071,clay
81.340562,15,3343.870497,clay
83.074281,24,3347.437282,clay
77.233442,14,3350.062859,clay
86.022331,22,3353.599632,clay
78.352101,20,3358.332123,clay
72.191906,59,3362.901046,clay
74.625728,15,3365.945825,clay
63.022798,33,3370.229325,clay
57.055904,30,3373.757984,clay
67.156668,19,3376.967039,clay
73.287087,41,3381.230906,clay
81.26,14,3384.443587,clay
75.665433,29,3388.03357,clay
61.037187,28,3392.965833,clay
73.003594,36,3397.278944,clay
92.752383,15,3399.958253,clay
53.634543,34,3403.558743,clay
90.635047,17,3406.848547,clay
83.73,12,3409.983459,clay
84.009668,26,3413.576979,clay
60.378484,22,3417.261696,clay
100.23,15,3420.122566,clay
84.611489,24,3423.458459,clay
90.410161,20,3426.506188,clay
96.687288,15,3429.925865,clay
76.915936,17,3433.762076,clay
99.338473,14,3436.511591,clay
54.732089,26,3440.014203,clay
88.950492,8,3443.333899,clay
86.416106,22,3446.355392,clay
67.345011,18,3449.444709,clay
93.144626,18,3452.904896,clay
56.639989,20,3456.512953,clay
93.084604,19,3459.636106,clay
74.283442,16,3462.809669,clay
67.252033,22,3466.36904,clay
86.697844,22,3470.560934,clay
90.087876,19,3473.920192,clay
104.384944,12,3476.478447,clay
100.99,14,3480.479455,clay
87.756559,21,3485.174179,clay
96.81,14,3489.497528,clay
94.754626,17,3493.229839,clay
102.23,12,3496.301855,clay
79.943847,14,3499.325839,clay
91.17,13,3502.336854,clay
79.025299,28,3507.292001,clay
96.877655,15,3510.357218,clay
90.611405,22,3513.763872,clay
70.857922,15,3516.919572,clay
72.254944,17,3520.138135,clay
100.361097,14,3522.761206,clay
81.518874,25,3526.012314,clay
66.001097,22,3529.465258,clay
94.457593,17,3532.28835,clay
87.36032,19,3535.473843,clay
67.957632,21,3539.274755,clay
72.23572,17,3542.360004,clay
88.703913,21,3545.641564,clay
86.626546,21,3549.086264,clay
82.926559,24,3552.483304,clay
94.67,16,3555.162099,clay
98.870472,16,3557.979352,clay
101.126022,14,3560.787639,clay
74.325741,47,3565.293417,clay
74.705217,16,3568.035398,clay
104.530562,11,3570.817446,clay
88.950492,8,3573.572756,clay
95.94572,14,3576.925174,clay
78.232614,28,3580.705361,clay
89.348784,21,3583.53474,clay
69.361392,23,3586.709302,clay
74.081405,30,3590.329028,clay
91.218145,17,3593.822691,clay
81.293934,13,3596.806637,clay
86.84,9,3599.249369,clay
93.245141,16,3603.339368,clay
100.53,12,3606.477648,clay
103.29,11,3610.982289,clay
99.745946,14,3613.777371,clay
69.34,31,3617.998067,clay
88.080562,21,3621.360288,clay
75.806668,22,3624.795424,clay
80.108215,24,3628.943873,clay
92.498145,14,3631.708613,clay
77.254563,25,3635.359655,clay
82.678456,22,3638.85228,clay
105.55,10,3641.991499,clay
76.211587,36,3646.227736,clay
74.10715,40,3650.262159,clay
85.36,9,3653.760442,clay
95.15,15,3656.589164,clay
89.481219,18,3659.682217,clay
72.88,17,3662.724314,clay
103.96,12,3665.493461,clay
83.921219,24,3668.967378,clay
89.222306,23,3672.145104,clay
91.733913,18,3675.353076,clay
105.49,6,3678.079927,clay
86.090562,20,3682.504289,clay
98.320492,11,3685.549393,clay
88.431354,23,3688.635468,clay
74.604025,26,3692.212822,clay
75.779761,39,3696.137488,clay
72.802942,28,3699.924109,clay
96.734652,14,3702.918073,clay
99.02,13,3705.888258,clay
90.346546,14,3709.772199,clay
75.890039,22,3713.313029,clay
90.82,6,3715.966986,clay
99.941243,14,3719.092634,clay
71.049101,37,3723.167835,clay
88.664214,18,3726.560515,clay
69.701405,18,3729.4414,clay
55.679733,14,3732.620056,clay
101.650472,13,3735.623707,clay
84.961424,21,3739.056858,clay
79.341446,24,3742.220094,clay
101.86,12,3745.582837,clay
86.09,14,3748.463542,clay
85.845165,21,3751.876094,clay
100.31,14,3754.931167,clay
72.682331,56,3759.787762,clay
68.07069,12,3763.116481,clay
95.949102,16,3766.212378,clay
81.930954,27,3769.850466,clay
95.42,13,3772.968529,clay
95.9595,13,3776.025466,clay
76.838473,19,3779.572283,clay
84.235966,20,3782.853924,clay
88.690875,19,3786.255105,clay
73.496475,31,3789.617606,clay
82.34,11,3792.645901,clay
97.582994,12,3796.742606,clay
74.831243,18,3799.988694,clay
81.19,27,3803.488385,clay
75.861781,32,3807.220933,clay
73.703886,31,3811.385449,clay
83.62,18,3814.585914,clay
62.371444,32,3818.557757,clay
83.37,13,3821.413299,clay
94.15452,18,3824.676289,clay
85.48,7,3827.31732,clay
99.116436,16,3831.152892,clay
75.93558,45,3835.51095,clay
80.622766,26,3839.066404,clay
85.936106,22,3842.149881,clay
94.281062,14,3846.02866,clay
96.8,15,3848.903502,clay
74.21,24,3852.304573,clay
99.745256,15,3855.606787,clay
84.335295,25,3858.979354,clay
80.562094,23,3862.351667,clay
101.73,12,3865.795371,clay
92.966718,15,3869.133907,clay
77.456546,33,3873.320705,clay
102.21358,14,3876.323192,clay
74.372331,37,3880.238328,clay
100.42,13,3882.947622,clay
94.274661,18,3885.937198,clay
90.47,6,3889.394095,clay
81.380039,23,3892.57999,clay
79.003913,26,3896.737304,clay
102.596625,13,3899.76332,clay
75.248149,33,3903.886426,clay
78.131243,25,3907.334743,clay
91.500612,16,3910.538877,clay
102.47,8,3913.332259,clay
84.780562,16,3916.987554,clay
95.048544,14,3919.998234,clay
94.389733,13,3923.13464,clay
79.474602,30,3927.014708,clay
92.62,18,3931.128128,clay
86.588065,22,3934.765435,clay
94.29409,18,3937.968726,clay
70.250651,22,3941.069865,clay
84.623913,19,3944.365847,clay
71.722997,53,3949.26406,clay
75.945867,17,3952.413558,clay
103.62,13,3955.415068,clay
98.826625,15,3958.064025,clay
74.374298,44,3962.584774,clay
85.58,7,3965.326651,clay
75.955608,31,3969.229974,clay
84.245818,24,3972.654575,clay
87.38,10,3975.154837,clay
89.562942,17,3979.57668,clay
81.73,12,3982.41951,clay
91.746559,17,3985.294822,clay
61.162371,34,3989.075914,clay
64.942331,30,3992.697831,clay
92.436718,18,3996.497589,clay
92.627677,20,3999.906001,clay
73.71,29,4003.468391,clay
94.995047,16,4006.591079,clay
86.661691,23,4009.98046,clay
87.427403,22,4013.421345,clay
73.058068,38,4017.654242,clay
91.89,6,4021.327432,clay
100.28,12,4024.697606,clay
96.466698,18,4027.719678,clay
77.568644,37,4031.924935,clay
96.86,14,4035.003268,clay
96.133442,16,4038.089208,clay
85.582994,7,4041.872868,clay
76.18,12,4044.856859,clay
71.248898,16,4047.822036,clay
72.506096,21,4051.073634,clay
97.378874,16,4054.363038,clay
89.674926,19,4057.536729,clay
89.970666,21,4060.791043,clay
81.384233,26,4065.012161,clay
87.405772,23,4068.421964,clay
66.687587,40,4073.193643,clay
84.18,22,4076.323541,clay
99.04,11,4078.963687,clay
88.26,9,4081.655041,clay
96.62,13,4084.783275,clay
83.150562,24,4089.10387,clay
80.83,12,4092.442714,clay
94.900562,14,4095.444742,clay
89.759733,16,4098.544755,clay
90.960039,20,4101.905201,clay
97.4,15,4105.291905,clay
87.35,5,4108.636258,clay
81.93,12,4112.09253,clay
102.09,11,4114.784945,clay
73.7798,35,4119.070692,clay
83.110283,24,4122.430679,clay
92.677288,16,4125.490428,clay
83.621842,24,4128.686066,clay
97.430472,15,4131.796572,clay
84.405217,18,4135.31411,clay
94.226893,17,4138.232897,clay
89.387185,21,4141.668756,clay
90.79,6,4144.428257,clay
66.027722,27,4148.043191,clay
91.301364,20,4151.183035,clay
83.867655,21,4154.311119,clay
70.732792,25,4158.029778,clay
93.232199,20,4161.672188,clay
73.697108,43,4166.33942,clay
86.412021,11,4169.190892,clay
81.897288,9,4171.984804,clay
90.391201,19,4175.400806,clay
95.27,13,4179.699334,clay
94.421405,16,4183.646952,clay
73.739267,39,4189.074661,clay
98.556106,15,4192.241673,clay
99.677655,13,4194.905177,clay
72.425844,19,4198.576421,clay
88.726458,9,4201.436718,clay
96.572994,13,4204.616503,clay
78.85,10,4207.297272,clay
76.899953,26,4210.717333,clay
57.165256,23,4214.457423,clay
72.124185,49,4219.301423,clay
97.174214,17,4222.432657,clay
94.54,16,4225.643323,clay
72.121405,34,4230.450228,clay
78.686106,27,4234.137892,clay
85.354649,25,4237.742568,clay
75.625016,29,4241.107293,clay
90.790601,21,4244.399827,clay
84.718534,20,4247.29461,clay
58.54,11,4250.373573,clay
93.81,14,4253.451188,clay
66.614614,38,4258.774564,clay
79.632017,26,4262.49588,clay
75.163506,31,4266.470011,clay
84.040345,24,4270.162809,clay
85.84,6,4272.801774,clay
72.855619,35,4276.505611,clay
73.553051,44,4281.492685,clay
86.385217,20,4285.423198,clay
91.87,18,4288.855694,clay
84.092624,25,4292.51045,clay
90.48,7,4295.311521,clay
74.310176,27,4299.011131,clay
97.07,13,4302.166981,clay
75.53,17,4305.587311,clay
72.122017,40,4309.524954,clay
90.493414,19,4312.855428,clay
79.407765,26,4316.700098,clay
84.212907,25,4320.157877,clay
83.162994,9,4322.950565,clay
97.254821,15,4326.778535,clay
76.051469,48,4331.695229,clay
79.295138,15,4334.77277,clay
74.544269,49,4339.492233,clay
73.522494,33,4345.201206,clay
76.343121,44,4349.605505,clay
89.196625,21,4352.807982,clay
78.621405,26,4356.441239,clay
101.63,12,4359.285273,clay
71.957914,54,4363.870096,clay
87.35,5,4366.586995,clay
92.3,15,4370.381648,clay
89.380492,8,4373.236897,clay
85.622949,24,4377.870675,clay
102.290729,11,4380.770506,clay
77.281489,30,4384.405003,clay
105.338127,12,4387.540723,clay
74.216121,43,4392.078964,clay
78.258579,20,4395.320023,clay
97.9,15,4398.359024,clay
100.47,13,4401.683496,clay
61.67358,38,4406.217532,clay
77.447378,25,4409.881415,clay
70.711617,29,4414.16562,clay
100.787655,14,4416.82642,clay
73.26,34,4420.961401,clay
94.9895,15,4425.556496,clay
45.522455,30,4429.271709,clay
87.936436,21,4433.263192,clay
92.301914,16,4436.155639,clay
78.559868,15,4439.406325,clay
105.47,10,4442.785109,clay
96.75,15,4445.870348,clay
78.52,13,4450.021763,clay
99.45,10,4452.980364,clay
93.523442,17,4456.440235,clay
87.92,13,4459.443683,clay
70.970905,35,4463.46487,clay
87.84,21,4466.634593,clay
95.48,17,4469.583751,clay
98.541513,16,4472.874032,clay
74.417014,31,4477.021264,clay
89.237325,21,4480.355444,clay
69.308721,42,4484.612586,clay
71.88767,29,4488.319079,clay
90.74,16,4492.371394,clay
78.117066,29,4495.778549,clay
73.53,32,4499.730126,clay
75.457108,32,4503.814694,clay
71.902107,31,4508.872548,clay
102.47,8,4512.712903,clay
74.834245,35,4517.031388,clay
91.94,16,4519.995606,clay
76.613736,29,4523.789295,clay
88.28214,19,4526.948422,clay
95.39509,14,4529.672949,clay
65.657105,90,4536.386745,clay
82.634214,26,4539.763727,clay
98.335433,15,4542.688986,clay
100.071097,10,4547.196753,clay
99.96,9,4550.092921,clay
94.324214,17,4553.404826,clay
96.91358,16,4556.344752,clay
84.242742,23,4559.732476,clay
85.02577,23,4564.294084,clay
76.500927,29,4568.949733,clay
97.501097,12,4571.74855,clay
55.691219,22,4575.461467,clay
99.5,10,4578.531859,clay
87.579733,22,4581.637558,clay
100.330492,15,4584.708562,clay
90.77,6,4587.615614,clay
81.51,9,4590.441439,clay
95.145047,16,4593.712836,clay
87.747922,21,4597.250867,clay
79.868579,26,4600.81611,clay
80.02,23,4604.150671,clay
92.96,14,4607.315785,clay
101.901097,12,4610.418934,clay
89.98118,17,4613.703516,clay
74.014214,28,4617.368619,clay
74.852331,29,4621.012478,clay
96.993932,12,4624.067275,clay
77.071405,16,4627.356437,clay
98.090608,17,4630.261532,clay
97.023414,16,4633.73015,clay
81.246625,13,4636.784594,clay
78.936394,28,4641.61418,clay
86.584652,19,4644.801733,clay
88.321405,21,4648.434689,clay
58.093063,67,4654.363218,clay
80.19,26,4658.204269,clay
75.867906,38,4661.996004,clay
76.356707,30,4665.762732,clay
86.67,8,4669.830683,clay
83.721169,17,4673.077045,clay
93.622893,16,4676.794628,clay
87.79024,18,4680.216862,clay
89.787922,22,4684.688915,clay
91.670562,17,4688.855055,clay
101.98,12,4691.763859,clay
83.23,7,4695.712232,clay
79.015141,27,4699.177256,clay
74.642809,32,4702.866424,clay
71.791738,36,4707.273364,clay
91.720581,19,4711.891548,clay
95.97,13,4715.090574,clay
100.83,12,4719.060649,clay
97.97,13,4722.133985,clay
77.686227,22,4726.765073,clay
49.503045,33,4730.466771,clay
98.244214,15,4733.494679,clay
84.671588,8,4736.592816,clay
106.6,8,4739.257361,clay
96.788874,15,4743.513829,clay
87.51,9,4746.274395,clay
85.382994,10,4749.121878,clay
102.47,8,4751.622942,clay
75.672416,32,4755.133512,clay
75.731659,39,4759.365747,clay
91.200039,16,4762.414939,clay
78.551499,26,4767.30815,clay
73.860472,35,4771.172366,clay
99.157922,13,4775.636423,clay
86.14232,22,4778.763905,clay
95.573442,17,4781.870983,clay
93.65,18,4785.039791,clay
81.652624,19,4788.250798,clay
78.239686,27,4791.778929,clay
85.98,10,4794.634158,clay
101.367288,12,4798.088985,clay
91.9,15,4801.243555,clay
83.070927,24,4804.862111,clay
101.021405,14,4808.033019,clay
75.343913,30,4811.808927,clay
101.83,12,4814.845943,clay
90.37,18,4818.224665,clay
87.38,22,4821.572659,clay
86.68,10,4824.567853,clay
92.400562,19,4828.076942,clay
92.783008,19,4831.124358,clay
82.513895,25,4834.625703,clay
91.691914,17,4839.497967,clay
83.6,25,4843.188001,clay
100.033847,12,4846.170963,clay
83.37,8,4849.201122,clay
96.207985,13,4852.074936,clay
87.362331,18,4855.172114,clay
102.321078,12,4858.235798,clay
70.321967,33,4861.888782,clay
83.45,25,4866.495046,clay
98.253847,15,4870.563017,clay
88.668145,22,4873.952058,clay
74.129481,31,4877.765314,clay
81.372146,25,4881.350535,clay
85.38,7,4884.432366,clay
89.541711,20,4887.652189,clay
93.863818,15,4890.890853,clay
80.608642,24,4894.569052,clay
79.06,14,4897.82415,clay
78.954778,16,4901.096698,clay
95.324397,17,4904.282704,clay
86.068217,23,4907.370706,clay
87.02,23,4911.142725,clay
77.123366,34,4915.120642,clay
96.890039,15,4918.242074,clay
77.05,15,4921.376998,clay
81.880562,24,4925.87288,clay
82.894494,21,4929.034333,clay
94.82,13,4932.115346,clay
69.931539,19,4935.138059,clay
68.931097,14,4938.204094,clay
85.126546,24,4942.90495,clay
101.71,9,4946.179957,clay
90.82,6,4949.92014,clay
78.942585,24,4953.242666,clay
87.74718,22,4956.823827,clay
80.360472,17,4960.085108,clay
93.1,15,4964.514723,clay
93.800927,19,4967.512203,clay
77.464192,32,4971.183783,clay
87.736718,23,4974.506569,clay
85.836484,23,4977.759569,clay
61.540472,34,4982.853281,clay
73.13,27,4986.276781,clay
85.04,6,4989.268274,clay
105.11,9,4992.008893,clay
90.53,7,4995.082293,clay
86.94,9,4997.865683,clay
105.210492,7,5001.042766,clay
94.33,17,5004.298339,clay
96.139733,13,5007.383462,clay
102.26,12,5010.931825,clay
89.558005,22,5014.093569,clay
68.286757,35,5017.831018,clay
73.778215,27,5021.554199,clay
95.71,14,5025.485317,clay
95.721345,17,5030.05221,clay
87.83,22,5033.210427,clay
97.25,15,5036.793223,clay
72.311836,32,5041.325085,clay
98.653413,15,5044.604218,clay
99.746106,14,5047.651345,clay
102.02,13,5050.57314,clay
87.54,9,5054.766227,clay
78.95,15,5057.699734,clay
94.554507,18,5061.540092,clay
93.250472,13,5064.507544,clay
99.192994,11,5067.070246,clay
84.600927,21,5070.233166,clay
106.86,9,5073.332567,clay
97.081364,12,5076.078333,clay
90.431038,22,5079.187499,clay
83.87,18,5082.412766,clay
98.941499,15,5085.551364,clay
96.727655,15,5089.737416,clay
94.88,12,5093.810668,clay
92.3,5,5097.795382,clay
87.51,9,5100.574567,clay
103.98,7,5103.090154,clay
67.550278,27,5106.44758,clay
95.960562,18,5111.352318,clay
70.392592,30,5114.94935,clay
97.725031,16,5117.777865,clay
82.302064,22,5121.398724,clay
90.211444,21,5124.700455,clay
101.02,13,5127.666819,clay
89.116614,20,5132.462713,clay
68.552331,39,5136.357591,clay
93.02,18,5139.281469,clay
99.075217,14,5142.261969,clay
90.166452,17,5145.445944,clay
83.101967,25,5149.431209,clay
86.618432,23,5152.903557,clay
87.830562,21,5156.459285,clay
83.706744,24,5160.542692,clay
98.831097,14,5163.443089,clay
77.064298,30,5167.199971,clay
70.942304,57,5172.334707,clay
78.336581,15,5176.130334,clay
97.0995,14,5179.521762,clay
73.056625,32,5183.458464,clay
72.502891,44,5189.544425,clay
64.929537,37,5193.755143,clay
72.439225,54,5198.374238,clay
101.88,12,5201.478042,clay
92.322583,19,5204.93358,clay
80.381528,23,5208.642263,clay
99.86,9,5211.206951,clay
97.72995,15,5214.337223,clay
72.752458,33,5218.960929,clay
97.310472,15,5222.593802,clay
88.460472,17,5225.418146,clay
97.49,11,5228.468259,clay
95.674214,17,5231.410745,clay
105.8,10,5234.395855,clay
98.015217,12,5237.356843,clay
73.222398,35,5242.382572,clay
85.806225,23,5245.678506,clay
83.510587,26,5249.435955,clay
98.436106,12,5252.464157,clay
101.821364,13,5255.392143,clay
93.056106,15,5258.488566,clay
104.89,11,5261.45857,clay
95.592331,18,5264.653388,clay
89.752383,20,5267.926948,clay
90.997336,20,5271.519773,clay
82.642306,21,5275.021683,clay
73.81,39,5279.28121,clay
96.434686,17,5282.46657,clay
95.230039,13,5285.469541,clay
84.07,8,5287.982795,clay
92.195433,16,5290.757334,clay
71.312331,36,5296.11248,clay
92.255217,18,5299.322832,clay
78.421405,26,5302.700099,clay
103.340472,9,5305.842161,clay
95.780472,15,5308.730764,clay
83.036597,21,5311.96107,clay
87.81422,22,5315.387817,clay
85.58,7,5317.99649,clay
86.340927,22,5321.689731,clay
83.13,10,5324.423632,clay
80.636621,28,5328.367811,clay
89.670039,14,5332.230972,clay
87.946718,22,5335.598652,clay
80.081405,25,5339.37288,clay
97.393175,12,5342.486695,clay
98.515217,15,5346.227406,clay
97.72069,12,5349.364763,clay
76.13241,33,5353.206643,clay
84.581914,23,5356.737081,clay
103.581914,8,5359.622908,clay
105.210492,7,5362.84148,clay
85.986106,22,5366.173594,clay
101.893913,12,5369.527758,clay
98.744214,15,5372.754874,clay
68.598617,32,5377.027489,clay
77.62803,28,5381.292181,clay
101.401502,13,5384.478558,clay
48.646786,40,5388.732688,clay
86.054706,22,5392.134076,clay
64.812809,33,5395.807942,clay
89.28,7,5398.423105,clay
95.841569,16,5401.65578,clay
97.407922,15,5404.839925,clay
98.135217,15,5408.022759,clay
74.52387,34,5413.248397,clay
102.09,11,5416.187104,clay
83.27,8,5419.144973,clay
63.510679,20,5422.749887,clay
92.274026,17,5427.854593,clay
106.651364,10,5431.626983,clay
74.867466,27,5435.196268,clay
86.89,21,5438.615623,clay
96.315217,12,5442.71384,clay
72.313258,29,5446.651985,clay
90.82,6,5449.068091,clay
104.35,10,5452.05874,clay
73.751005,28,5455.757208,clay
88.062335,18,5460.697468,clay
96.961078,15,5463.934962,clay
74.610612,33,5467.652466,clay
88.871097,20,5471.941396,clay
88.973932,19,5475.584086,clay
88.48,7,5478.444955,clay
94.95,15,5481.850379,clay
104.38,10,5484.519891,clay
86.611967,24,5487.85055,clay
102.691261,14,5492.155332,clay
105.277655,10,5495.373099,clay
92.752222,20,5498.886802,clay
100.087771,15,5502.570974,clay
100.943913,13,5505.759639,clay
97.712064,16,5509.369105,clay
87.793236,22,5513.482236,clay
75.934181,29,5517.996733,clay
96.138727,15,5521.425989,clay
75.442792,29,5525.579076,clay
106.38,8,5528.241636,clay
91.26,5,5531.165158,clay
74.224214,28,5535.617892,clay
105.14,8,5538.549766,clay
78.242239,31,5544.572344,clay
105.621588,10,5547.700127,clay
103.720472,11,5550.735336,clay
90.128497,20,5554.221965,clay
104.018835,12,5557.697972,clay
83.688642,23,5561.67559,clay
57.512501,24,5565.529765,clay
104.687288,10,5569.183837,clay
106.524944,10,5572.61662,clay
83.483242,23,5576.859567,clay
97.050648,16,5581.15779,clay
98.585809,14,5585.915019,clay
111.09,6,5588.669127,clay
109.59,6,5592.147532,clay
107.810492,8,5595.394094,clay
98.930462,14,5599.316525,clay
99.485708,13,5602.651991,clay
63.549169,74,5609.832202,clay
108.123913,9,5614.153371,clay
99.105461,14,5618.910704,clay
100.471506,12,5622.372749,clay
86.327605,22,5626.262111,clay
97.23572,15,5629.632842,clay
106.263913,10,5633.494319,clay
107.417922,9,5636.259665,clay
86.340475,22,5639.934592,clay
93.960659,17,5643.587556,clay
103.61,9,5646.725663,clay
86.29,6,5649.612176,clay
111.75,5,5652.766572,clay
91.309878,19,5657.55154,clay
106.309071,10,5660.820486,clay
100.176452,13,5663.952397,clay
107.978127,9,5667.718059,clay
89.079431,20,5671.721678,clay
95.716125,16,5674.88062,clay
105.74,6,5677.860697,clay
89.101097,7,5680.869117,clay
94.44,16,5684.712111,clay
94.054944,17,5688.037847,clay
101.409346,11,5691.011408,clay
106.76,9,5695.755714,clay
102.570472,12,5698.82638,clay
94.127288,17,5703.682036,clay
95.815295,16,5707.850756,clay
109.64,6,5710.974981,clay
111.440492,6,5714.085842,clay
84.873385,24,5719.451238,clay
101.734358,12,5722.490375,clay
106.946625,9,5725.824342,clay
93.090398,19,5729.164843,clay
96.365366,16,5733.165332,clay
92.597922,11,5737.588322,clay
92.773237,19,5741.476654,clay
90.73,17,5746.503169,clay
95.640018,17,5751.338971,clay
72.671136,43,5756.540151,clay
99.916452,13,5760.056905,clay
73.777782,33,5764.504932,clay
105.00309,11,5767.905918,clay
110.44,6,5771.00602,clay
108.68,7,5774.261941,clay
79.381914,19,5778.015716,clay
90.62,18,5782.144838,clay
76.195727,28,5787.539378,clay
92.326584,18,5791.231404,clay
75.39161,29,5797.051735,clay
106.026559,9,5800.21472,clay
78.509091,29,5804.232793,clay
103.29,11,5807.17668,clay
84.459732,23,5812.301409,clay
95.630749,17,5815.811629,clay
80.561424,24,5819.989612,clay
101.801508,15,5823.812651,clay
94.861502,17,5827.219667,clay
108.08,7,5830.168644,clay
74.280913,31,5835.230708,clay
91.126452,11,5839.338477,clay
93.81,4,5842.225538,clay
107.0,5,5845.085269,clay
102.51,11,5847.977528,clay
99.72,13,5851.519823,clay
100.622378,12,5854.699507,clay
98.52,13,5858.294894,clay
102.511097,11,5863.184267,clay
91.770992,21,5867.157167,clay
104.751219,11,5870.289696,clay
76.406242,31,5875.286289,clay
87.860472,8,5879.668262,clay
69.630222,19,5883.249286,clay
95.225047,14,5887.364423,clay
91.198127,16,5891.043179,clay
105.089733,9,5894.484418,clay
103.521097,10,5898.493863,clay
101.74,11,5902.822533,clay
109.965966,7,5905.646911,clay
91.5,5,5908.757002,clay
88.93,7,5911.611481,clay
99.373442,12,5914.90857,clay
98.990205,11,5918.738586,clay
88.790472,20,5922.370982,clay
97.499346,12,5925.487411,clay
100.573013,14,5928.815594,clay
92.969388,20,5932.396657,clay
95.954323,17,5935.647681,clay
104.74,11,5938.835669,clay
102.194926,12,5942.25136,clay
73.144715,35,5947.860698,clay
108.08,7,5950.755869,clay
98.595151,15,5954.354824,clay
103.09,11,5959.049555,clay
96.92102,17,5962.850718,clay
90.416625,18,5966.299648,clay
83.131489,24,5969.783771,clay
106.790472,9,5972.65872,clay
71.81608,42,5978.106366,clay
85.790205,7,5980.831621,clay
90.345758,19,5984.373947,clay
68.45,35,5990.3547,clay
89.99,6,5993.172695,clay
85.061364,9,5996.445778,clay
91.958189,19,5999.895652,clay
106.553442,9,6003.145383,clay
104.330492,10,6006.314567,clay
73.961268,30,6010.474628,clay
99.821405,13,6013.684513,clay
89.873355,20,6017.134964,clay
103.989733,10,6020.538775,clay
70.833913,33,6025.198535,clay
99.577288,13,6028.470771,clay
86.89166,24,6032.366389,clay
106.95,10,6035.541384,clay
91.431097,6,6038.607685,clay
105.73,8,6041.649377,clay
109.18,7,6044.422792,clay
93.337022,18,6047.926686,clay
103.503847,10,6051.372296,clay
102.46065,13,6054.58498,clay
94.120366,18,6058.189262,clay
100.802994,12,6061.347242,clay
101.46,9,6065.033238,clay
109.870492,7,6067.977199,clay
101.45409,12,6071.970756,clay
88.838179,21,6075.79513,clay
103.845256,11,6078.87871,clay
93.620303,18,6082.546741,clay
107.513913,10,6085.786963,clay
107.227655,10,6088.824004,clay
89.691113,20,6092.490738,clay
108.303442,9,6097.047031,clay
101.313913,10,6101.178136,clay
93.217791,18,6105.246776,clay
86.64355,21,6109.684393,clay
75.965107,27,6113.402017,clay
100.915217,13,6116.853672,clay
90.721569,8,6119.931728,clay
103.840492,10,6123.173245,clay
88.061097,18,6126.815381,clay
111.75,5,6129.744839,clay
102.120205,13,6133.129895,clay
92.7273,18,6136.985918,clay
71.084462,26,6140.865433,clay
103.427288,11,6143.906775,clay
99.896944,13,6147.198755,clay
107.823913,9,6150.178801,clay
94.96409,16,6153.997727,clay
107.56,9,6158.629196,clay
109.64,6,6162.788633,clay
100.969149,13,6167.137632,clay
89.851097,7,6170.962704,clay
103.18,7,6174.710934,clay
65.161162,17,6177.903551,clay
96.373583,16,6181.636622,clay
73.515192,29,6186.149524,clay
88.611503,19,6189.641548,clay
99.081078,13,6193.002463,clay
102.996625,13,6196.280637,clay
90.095868,19,6199.931565,clay
84.967887,19,6203.341765,clay
96.337288,15,6206.940291,clay
90.960728,19,6210.621776,clay
87.593058,21,6215.604522,clay
106.644214,10,6219.424536,clay
90.536161,18,6222.785017,clay
93.180927,14,6225.946548,clay
95.07,4,6228.654708,clay
103.128966,14,6232.162142,clay
84.923913,20,6236.548995,clay
100.243137,15,6240.155344,clay
102.033913,8,6243.24715,clay
97.877922,14,6246.371987,clay
93.832426,15,6250.039154,clay
95.65,15,6253.526184,clay
104.831097,10,6256.85703,clay
105.26,9,6259.8821,clay
110.271097,6,6262.565388,clay
105.27,9,6265.574987,clay
108.09,8,6268.34185,clay
97.666022,12,6271.591054,clay
72.384379,40,6276.373016,clay
100.41,9,6279.438859,clay
95.299903,16,6283.624957,clay
95.264686,16,6287.737914,clay
89.868218,16,6291.188691,clay
96.059481,14,6294.84143,clay
102.861364,10,6299.153276,clay
104.936436,11,6303.713923,clay
100.565966,12,6307.838376,clay
90.600927,16,6311.274638,clay
94.312023,17,6314.92358,clay
79.505616,28,6319.286761,clay
81.518659,23,6323.044325,clay
99.533442,13,6326.567036,clay
100.18,12,6329.844935,clay
108.1,7,6333.780772,clay
97.075204,16,6337.400648,clay
88.268252,22,6340.989712,clay
102.531914,13,6344.695589,clay
104.545217,11,6347.900587,clay
100.291569,13,6352.570572,clay
98.033913,14,6355.915555,clay
74.138799,32,6361.485517,clay
104.011097,12,6364.712487,clay
100.696125,13,6367.780468,clay
88.874028,21,6371.398633,clay
98.96,14,6374.822493,clay
89.325389,22,6379.00556,clay
103.848127,11,6382.511424,clay
77.24891,28,6386.644365,clay
110.160492,7,6389.822423,clay
85.49,6,6392.909347,clay
95.811219,16,6396.24436,clay
103.871832,13,6399.851283,clay
102.117922,9,6403.090626,clay
90.59,6,6406.198243,clay
108.73,7,6409.218207,clay
91.5,5,6412.074212,clay
108.83,9,6414.692198,clay
106.108366,10,6417.714514,clay
80.522171,27,6423.203974,clay
90.223413,19,6427.841433,clay
101.311766,13,6431.465434,clay
88.771828,20,6435.646587,clay
92.27,5,6438.621697,clay
111.56,5,6441.240596,clay
103.425115,11,6445.097067,clay
107.126559,9,6448.238535,clay
89.15,20,6453.15499,clay
102.808127,10,6456.35444,clay
97.427532,14,6460.164644,clay
111.96,5,6462.9858,clay
93.500492,5,6466.105892,clay
107.13107,11,6471.141706,clay
105.936625,9,6474.146988,clay
107.197288,9,6477.054552,clay
94.807288,10,6480.003792,clay
85.263723,22,6483.919656,clay
98.837288,10,6486.899858,clay
88.470825,19,6490.521279,clay
109.965966,7,6493.420563,clay
88.83,19,6498.15791,clay
89.527803,22,6501.703392,clay
90.150668,20,6506.345142,clay
92.396134,20,6510.243035,clay
97.325015,15,6513.794003,clay
102.640492,9,6517.268898,clay
97.971513,17,6520.665678,clay
87.529058,20,6524.539584,clay
74.662983,28,6530.005295,clay
95.241594,17,6533.3913,clay
106.57,8,6536.435065,clay
61.540833,32,6542.287475,clay
109.501097,7,6545.271411,clay
88.465722,23,6551.067723,clay
105.201175,11,6554.861581,clay
103.476022,13,6557.90185,clay
111.15,5,6561.029366,clay
99.991097,9,6563.967235,clay
101.276436,12,6568.370215,clay
95.880472,16,6571.681373,clay
101.256625,12,6575.104379,clay
98.19,11,6578.490981,clay
106.587656,10,6581.737225,clay
101.295809,13,6585.167451,clay
103.458796,12,6589.66879,clay
102.73806,13,6592.802161,clay
92.594661,18,6596.399309,clay
98.92411,15,6599.834416,clay
95.040492,4,6603.141909,clay
97.611354,15,6606.678699,clay
101.46,10,6611.279897,clay
94.103913,16,6616.118201,clay
98.297288,15,6619.342536,clay
98.997627,15,6623.027637,clay
108.300472,8,6625.992123,clay
101.00501,13,6629.245186,clay
91.310205,19,6632.850995,clay
90.405223,20,6636.569016,clay
97.015779,16,6640.330502,clay
100.533442,12,6643.555938,clay
105.01,9,6647.242783,clay
110.44,6,6651.165955,clay
70.98453,41,6655.977781,clay
97.054806,14,6659.296542,clay
93.190562,16,6663.024249,clay
96.39,11,6666.217925,clay
95.069898,13,6669.78876,clay
112.6,5,6672.844614,clay
106.021097,10,6675.981966,clay
76.993913,27,6682.182881,clay
99.368336,14,6686.05798,clay
104.070492,11,6690.529142,clay
109.58,7,6693.474783,clay
87.431097,9,6697.082832,clay
109.525966,7,6699.857017,clay
98.871364,14,6704.662796,clay
94.780472,16,6707.786914,clay
105.223913,10,6710.82116,clay
72.436932,36,6716.106025,clay
102.213913,11,6720.41944,clay
100.140729,13,6723.522624,clay
109.083913,8,6726.546619,clay
109.530205,8,6729.54771,clay
102.653145,13,6734.261908,clay
108.99,7,6736.922001,clay
78.669365,26,6742.236742,clay
97.84,13,6745.494924,clay
98.322685,11,6748.80602,clay
78.211699,29,6753.230092,clay
85.579071,18,6757.523905,clay
94.984574,15,6760.842095,clay
99.69,12,6764.264684,clay
101.059601,14,6767.701271,clay
82.931097,10,6770.922935,clay
109.311097,7,6773.727486,clay
97.9,7,6776.688522,clay
97.211502,12,6779.737792,clay
87.135223,22,6784.618935,clay
86.703391,23,6788.870913,clay
98.02,13,6792.14309,clay
106.91,9,6795.472816,clay
89.766264,20,6799.157037,clay
75.901216,30,6803.687828,clay
82.49654,25,6807.617879,clay
100.5,10,6810.641836,clay
93.81,4,6813.736018,clay
102.870562,12,6816.964635,clay
98.541098,14,6820.559739,clay
101.707655,12,6824.717921,clay
94.13906,17,6828.244828,clay
102.06065,14,6831.595782,clay
87.43,7,6836.60701,clay
108.08,7,6839.555254,clay
93.62,4,6842.016056,clay
105.459346,12,6845.113615,clay
93.104113,19,6848.672908,clay
80.508061,25,6853.95567,clay
104.85032,12,6857.271132,clay
86.604475,21,6862.095616,clay
102.417922,9,6865.32993,clay
101.264214,13,6869.111076,clay
107.64,8,6872.607576,clay
101.58,12,6875.84949,clay
102.740601,13,6879.142927,clay
100.793413,11,6882.5438,clay
105.031097,9,6886.057362,clay
75.960621,34,6891.045878,clay
101.790067,13,6895.269109,clay
102.976625,11,6898.152025,clay
102.392526,11,6901.308866,clay
92.04,6,6904.059502,clay
108.13,7,6908.102297,clay
75.755593,30,6912.605813,clay
103.231569,12,6916.574678,clay
96.641499,15,6920.699125,clay
89.127532,21,6924.166093,clay
87.634218,22,6927.939333,clay
99.818551,14,6931.90135,clay
86.442708,18,6935.382079,clay
99.671219,14,6938.983055,clay
94.143613,18,6942.959368,clay
89.68,7,6946.155014,clay
92.921097,5,6949.276992,clay
93.81,4,6953.647948,clay
96.857887,16,6956.819534,clay
107.441097,10,6960.439344,clay
100.931499,13,6963.635937,clay
102.73,7,6966.677908,clay
107.992994,8,6969.972099,clay
110.44,6,6973.059642,clay
101.640255,14,6976.739851,clay
95.592682,14,6980.300807,clay
96.347722,15,6983.968224,clay
94.895132,18,6988.841823,clay
85.37,18,6992.82272,clay
72.210774,31,6997.515752,clay
104.595433,11,7000.759131,clay
104.560492,7,7003.806873,clay
95.335966,16,7007.205638,clay
91.200472,18,7012.161027,clay
81.519327,22,7015.939581,clay
95.762078,19,7019.954521,clay
102.187288,10,7023.088511,clay
72.471507,33,7027.854509,clay
94.301986,15,7031.480141,clay
110.25,6,7034.624762,clay
99.948547,14,7037.843259,clay
103.033932,8,7041.017967,clay
85.833913,23,7044.871488,clay
99.050294,13,7048.674396,clay
106.05,10,7051.825541,clay
103.41,10,7054.706845,clay
107.24,8,7057.891711,clay
107.33,7,7060.626541,clay
99.027325,14,7064.474304,clay
78.116722,27,7068.8426,clay
84.427379,25,7073.981219,clay
105.276559,10,7077.410494,clay
86.663847,19,7081.346295,clay
98.707624,16,7084.79071,clay
98.77,13,7088.795491,clay
99.451097,12,7092.524497,clay
89.95,6,7095.567198,clay
79.345256,26,7099.445691,clay
98.731528,13,7102.652101,clay
92.481914,18,7106.216025,clay
105.830472,10,7109.418038,clay
106.540472,10,7112.419012,clay
75.360281,28,7117.534348,clay
91.411097,6,7120.628036,clay
107.89,7,7123.658569,clay
110.881097,6,7126.575899,clay
96.571991,15,7130.169215,clay
106.353442,9,7133.373999,clay
67.773913,24,7137.369678,clay
98.48501,15,7140.937673,clay
106.009071,10,7145.073785,clay
98.647288,14,7148.441744,clay
104.21,9,7151.764738,clay
82.47,23,7155.12325,clay
107.98,8,7157.941699,clay
75.378507,28,7162.167685,clay
106.790472,9,7166.967627,clay
104.21,10,7169.740283,clay
98.686836,15,7173.641337,clay
104.362442,11,7178.085608,clay
93.191986,16,7181.887802,clay
91.773413,18,7187.191897,clay
77.225318,29,7191.635432,clay
87.901175,10,7194.50805,clay
97.369864,18,7198.303963,clay
72.759754,35,7202.688455,clay
100.9,12,7205.839638,clay
107.73,7,7208.554391,clay
99.95018,13,7213.349392,clay
95.711303,17,7216.876857,clay
95.451097,12,7220.706295,clay
92.04,6,7223.403824,clay
106.6,5,7226.582826,clay
85.601916,23,7230.510234,clay
102.518003,12,7234.637848,clay
97.186537,17,7238.244486,clay
103.23,12,7241.867705,clay
97.023913,14,7245.546162,clay
91.745256,20,7249.208137,clay
110.18,7,7252.58979,clay
95.468581,17,7255.841075,clay
104.69,6,7259.480378,clay
102.36409,12,7262.685861,clay
103.870472,12,7266.105092,clay
102.298127,13,7269.50154,clay
108.289973,9,7272.903989,clay
98.26806,15,7276.427972,clay
101.041351,15,7281.542985,clay
78.681444,26,7286.53084,clay
93.55,5,7289.517997,clay
106.381097,9,7294.289716,clay
100.654944,13,7297.6586,clay
95.76,14,7302.581321,clay
104.177655,11,7305.805054,clay
104.524944,11,7308.721414,clay
89.68016,19,7312.432775,clay
99.261219,15,7315.876843,clay
91.101219,16,7319.402427,clay
96.481097,14,7322.813664,clay
101.91,11,7325.887602,clay
105.239733,9,7329.026395,clay
80.1895,10,7332.195956,clay
89.177922,19,7335.894173,clay
72.527931,48,7341.508862,clay
98.057722,15,7344.654499,clay
91.846559,18,7348.175902,clay
97.565457,16,7351.719561,clay
82.78242,24,7357.541232,clay
98.834944,14,7361.004906,clay
111.76,5,7363.980722,clay
106.56,9,7368.385912,clay
108.42,8,7372.436668,clay
103.009141,12,7375.642757,clay
98.076625,10,7378.742925,clay
96.860578,15,7382.585734,clay
104.96,9,7387.401747,clay
99.64,11,7390.720804,clay
103.38835,12,7394.080768,clay
106.329619,10,7398.279763,clay
99.191097,14,7401.605036,clay
98.990205,11,7405.07376,clay
80.707288,24,7408.960157,clay
96.375402,14,7412.438134,clay
91.832696,19,7416.945329,clay
80.863538,25,7420.925689,clay
89.887583,21,7424.815898,clay
100.701097,13,7428.265742,clay
72.71,29,7433.805542,clay
109.64,6,7436.460984,clay
111.16,5,7439.259983,clay
96.488484,16,7442.947403,clay
105.065047,10,7446.289321,clay
97.423913,15,7450.989383,clay
105.74,6,7453.717565,clay
92.26,5,7457.172609,clay
100.89,11,7460.540038,clay
100.306625,12,7464.751965,clay
96.622994,14,7467.913741,clay
90.871967,20,7472.013895,clay
107.001097,9,7475.190845,clay
100.944512,14,7478.762121,clay
106.61,9,7481.836576,clay
106.53,8,7486.274068,clay
108.751097,7,7489.551787,clay
102.831781,13,7493.33862,clay
102.843461,12,7496.656535,clay
92.551711,19,7500.411617,clay
102.207922,11,7503.821764,clay
91.341097,18,7507.16688,clay
101.035132,14,7510.89796,clay
74.741313,30,7515.414856,clay
107.001097,8,7519.576948,clay
90.54,6,7522.482203,clay
99.747777,13,7526.815781,clay
80.406513,22,7530.918997,clay
106.457656,10,7534.070658,clay
79.688097,20,7537.824977,clay
85.794298,23,7542.061886,clay
57.622585,25,7546.12768,clay
101.889733,8,7549.494408,clay
104.514216,11,7552.739832,clay
94.928678,14,7556.313789,clay
106.7,10,7559.243365,clay
111.75,5,7562.556556,clay
86.884214,21,7567.154775,clay
100.337677,13,7570.275609,clay
82.28161,25,7575.967563,clay
81.495613,24,7580.296963,clay
81.9598,25,7583.949617,clay
96.983913,13,7588.036603,clay
84.169703,24,7592.174901,clay
104.916707,11,7595.416731,clay
83.121383,24,7599.682035,clay
81.991219,23,7603.658884,clay
106.46,9,7606.739148,clay
64.723736,52,7612.507878,clay
97.661896,15,7615.957187,clay
101.14,11,7619.113514,clay
110.201097,7,7623.207006,clay
103.45,10,7626.466205,clay
106.37,8,7629.375698,clay
103.779733,9,7632.600005,clay
105.287655,10,7635.686096,clay
95.754218,15,7639.412264,clay
107.135217,10,7642.488687,clay
94.339973,13,7647.477647,clay
100.516625,13,7650.635509,clay
89.889733,18,7654.471952,clay
95.500239,18,7658.134959,clay
106.235217,10,7661.420896,clay
88.871569,18,7665.073684,clay
107.077922,9,7668.18503,clay
77.129534,29,7673.927123,clay
110.44,6,7677.958218,clay
72.274984,37,7682.894802,clay
108.08,7,7685.880345,clay
104.560492,7,7688.89417,clay
104.571914,10,7693.455103,clay
80.988327,26,7697.530872,clay
98.546884,15,7700.868969,clay
102.176625,11,7704.056538,clay
104.891569,11,7709.081874,clay
109.286625,9,7712.081478,clay
106.790472,9,7715.203102,clay
96.217887,14,7719.815577,clay
104.71,10,7723.922995,clay
96.641097,13,7727.243605,clay
98.694686,14,7730.872248,clay
104.46,10,7735.191358,clay
88.66,4,7738.009936,clay
88.354298,21,7741.926064,clay
71.420388,31,7748.048388,clay
104.770472,11,7751.493711,clay
102.104113,14,7755.090729,clay
90.564985,20,7758.898847,clay
108.27,8,7762.193853,clay
105.107922,10,7765.738727,clay
105.133913,10,7768.638463,clay
89.423788,16,7772.494244,clay
77.856166,27,7776.567546,clay
106.2,5,7779.47759,clay
91.825966,6,7784.044431,clay
107.64,7,7786.995364,clay
87.327552,22,7791.131553,clay
97.491243,15,7794.472564,clay
93.113442,18,7798.570613,clay
99.13,13,7802.235619,clay
96.827325,14,7805.99378,clay
106.976559,9,7809.28144,clay
109.65,6,7812.087137,clay
105.38,8,7814.939899,clay
82.317023,24,7819.039531,clay
100.807655,12,7823.089619,clay
77.384686,24,7827.07629,clay
97.644497,15,7831.561743,clay
104.96,9,7834.603755,clay
108.78,7,7837.52774,clay
106.12,9,7840.527435,clay
71.380966,30,7845.473183,clay
88.710472,9,7848.410243,clay
75.8374,31,7852.835283,clay
106.250205,10,7855.837364,clay
88.417922,20,7859.808384,clay
101.060472,12,7863.399545,clay
74.333051,33,7867.74944,clay
104.313913,10,7870.864053,clay
77.845848,28,7875.383173,clay
99.84763,13,7878.900745,clay
107.33,7,7881.629466,clay
108.68,7,7884.965841,clay
84.846671,20,7889.104193,clay
101.107627,14,7892.563412,clay
96.096182,16,7896.261904,clay
97.156625,14,7900.100791,clay
88.811569,9,7905.223299,clay
100.541078,12,7908.380704,clay
101.1,10,7911.532672,clay
101.590927,13,7914.923947,clay
109.64,6,7917.959545,clay
108.113647,9,7921.952543,clay
70.737562,35,7926.517484,clay
100.56,9,7929.591217,clay
101.097922,11,7933.812413,clay
96.046452,15,7937.020037,clay
106.053442,9,7940.470945,clay
104.56,9,7943.603717,clay
110.201097,7,7946.893899,clay
108.78,7,7949.726869,clay
109.78,7,7952.870852,clay
110.601097,7,7955.696172,clay
105.781097,9,7959.068642,clay
103.743913,12,7962.252095,clay
100.528874,11,7965.727933,clay
104.617655,11,7969.195759,clay
93.560562,13,7973.033223,clay
81.672866,26,7977.585547,clay
90.99,17,7981.441597,clay
74.885517,34,7985.692646,clay
101.81,9,7988.956444,clay
46.763715,33,7993.492347,clay
84.024477,25,7997.569683,clay
84.809973,21,8002.73753,clay
100.057656,14,8006.07302,clay
103.63,7,8009.027983,clay
86.01,21,8012.95244,clay
111.77,5,8015.782815,clay
108.328127,9,8018.991089,clay
91.535411,20,8022.845605,clay
77.761238,28,8026.689419,clay
106.81,9,8029.69564,clay
99.03,12,8034.036746,clay
101.61,10,8037.149926,clay
80.119054,26,8041.211867,clay
102.638127,12,8045.464929,clay
88.265609,18,8049.803648,clay
103.46,9,8053.33741,clay
104.69,6,8056.453706,clay
110.44,6,8059.5067,clay
95.333913,13,8062.559277,clay
96.839908,17,8065.977683,clay
87.6,20,8069.924003,clay
105.96,9,8074.007854,clay
98.49,11,8077.690663,clay
97.586718,15,8082.372258,clay
106.951097,9,8085.536713,clay
98.944547,14,8089.028347,clay
99.596625,13,8092.582487,clay
88.510927,20,8096.294296,clay
97.72,14,8099.282759,clay
102.250472,8,8102.650399,clay
104.92,8,8105.820559,clay
106.745217,9,8109.04909,clay
103.76,9,8112.326189,clay
95.11,15,8115.474664,clay
90.160002,15,8118.914541,clay
100.627922,14,8122.23505,clay
107.761364,10,8125.092391,clay
73.05995,32,8129.65362,clay
98.32358,15,8134.878362,clay
100.762023,12,8138.775178,clay
110.44,6,8141.950342,clay
99.691097,13,8145.429864,clay
100.03,13,8148.745169,clay
87.415926,23,8152.935139,clay
91.369771,19,8157.150591,clay
90.676313,19,8161.977498,clay
82.908002,24,8166.446244,clay
97.162708,16,8169.511453,clay
93.81,4,8172.708405,clay
104.69,6,8175.673784,clay
107.751097,8,8178.751388,clay
91.280927,19,8182.449724,clay
79.905256,25,8186.356107,clay
83.315818,24,8190.558361,clay
99.48358,14,8195.425526,clay
76.606539,27,8199.56325,clay
91.574369,18,8203.447788,clay
96.862146,12,8206.752591,clay
85.931097,9,8210.02953,clay
99.74,12,8213.339178,clay
108.798145,9,8216.714379,clay
105.235256,11,8220.376365,clay
104.34057,12,8223.766073,clay
98.55,15,8227.204898,clay
109.58,7,8230.207827,clay
110.44,6,8233.375151,clay
101.54,11,8236.616258,clay
101.505217,13,8239.963479,clay
92.661967,17,8243.536144,clay
77.32,23,8247.365459,clay
81.758217,26,8251.635026,clay
103.316452,12,8255.098911,clay
105.831097,9,8258.625251,clay
109.18,7,8261.503037,clay
110.44,6,8264.518986,clay
90.594712,21,8269.772577,clay
103.948127,11,8273.37042,clay
95.582544,17,8277.188933,clay
83.572907,26,8281.570148,clay
92.314214,18,8285.980883,clay
105.840472,10,8289.02828,clay
105.74,6,8291.845752,clay
104.360492,7,8295.146273,clay
111.09,6,8298.248006,clay
101.863119,12,8302.041599,clay
102.236559,8,8305.044952,clay
73.657999,32,8309.824641,clay
106.37,8,8313.016676,clay
109.870492,7,8316.157747,clay
111.96,5,8318.829913,clay
96.001378,16,8323.201539,clay
91.755506,20,8326.88327,clay
108.936559,8,8330.000113,clay
102.867655,12,8332.98871,clay
92.119243,19,8336.912823,clay
88.228592,22,8341.927117,clay
83.61,9,8345.301394,clay
111.77,5,8348.191372,clay
111.56,5,8350.835843,clay
93.848874,14,8354.098546,clay
103.498874,9,8357.494826,clay
84.98731,24,8361.37735,clay
90.569436,17,8364.85648,clay
96.079772,16,8369.206196,clay
93.165437,15,8373.267428,clay
109.217627,9,8376.426148,clay
95.439327,17,8379.969748,clay
95.607288,13,8383.662152,clay
101.93,7,8386.698506,clay
102.611097,11,8389.748194,clay
106.53,8,8392.782272,clay
85.108114,24,8396.720719,clay
100.310472,12,8400.158163,clay
76.05161,29,8404.665875,clay
106.14,6,8407.431872,clay
69.313906,32,8412.173507,clay
111.75,5,8415.861301,clay
104.75,10,8420.769027,clay
95.713913,15,8424.526882,clay
87.594766,22,8428.779885,clay
103.447922,12,8432.116608,clay
69.560472,27,8436.799783,clay
108.57,8,8440.175772,clay
101.459798,14,8443.555584,clay
95.481262,18,8447.242585,clay
104.84258,11,8450.724665,clay
95.084214,16,8454.572442,clay
106.728127,9,8457.64871,clay
95.516373,17,8461.067651,clay
109.965966,7,8464.435063,clay
109.965966,7,8467.332846,clay
109.45,6,8470.344224,clay
77.735249,27,8474.493794,clay
103.930472,10,8478.024421,clay
72.569327,32,8482.68661,clay
110.39,6,8485.688249,clay
107.011097,8,8488.935978,clay
96.495141,16,8492.675976,clay
89.285256,21,8496.614856,clay
69.665039,50,8502.25377,clay
71.271542,58,8509.907657,clay
93.216826,18,8513.51036,clay
102.197922,11,8516.79584,clay
101.977655,10,8520.641327,clay
103.344214,12,8523.768852,clay
89.786014,23,8528.998656,clay
80.353847,25,8533.361059,clay
111.56,5,8535.906226,clay
108.05,7,8539.172024,clay
110.44,6,8542.060956,clay
102.046906,13,8546.25576,clay
104.887655,10,8550.224988,clay
94.185217,17,8553.662157,clay
95.714706,16,8557.68883,clay
87.37118,18,8561.15192,clay
85.04,6,8564.248705,clay
81.092455,23,8568.458566,clay
88.14,16,8571.999852,clay
106.47,9,8574.984961,clay
88.161364,9,8578.064677,clay
92.94328,15,8581.90154,clay
99.343914,13,8586.001536,clay
110.44,6,8588.90862,clay
105.86,9,8592.221406,clay
108.68,7,8595.227865,clay
102.490472,9,8598.317676,clay
96.194563,16,8602.063135,clay
108.718127,9,8605.730533,clay
96.294774,17,8609.562892,clay
98.098127,11,8612.958887,clay
105.498127,11,8616.279635,clay
106.57,8,8619.231123,clay
108.89,7,8621.924845,clay
92.320492,16,8625.674657,clay
57.182316,20,8629.273748,clay
75.862331,28,8633.543629,clay
103.0,10,8636.958594,clay
101.650205,10,8640.340606,clay
107.02,9,8643.543319,clay
97.624686,16,8647.168759,clay
93.81,4,8650.308525,clay
111.96,5,8653.076906,clay
107.0,5,8656.130168,clay
90.78,18,8659.502605,clay
108.807655,9,8663.395971,clay
103.850778,12,8667.433438,clay
107.153442,9,8670.792803,clay
96.91957,15,8674.294902,clay
79.832496,23,8679.731099,clay
94.552907,18,8683.563303,clay
99.590407,14,8688.049935,clay
81.334933,25,8692.282208,clay
105.58,8,8695.445987,clay
102.86,10,8698.443072,clay
104.44,6,8701.484975,clay
108.69,7,8705.86356,clay
108.08,7,8709.028153,clay
99.451097,12,8712.616276,clay
105.88,9,8715.507424,clay
90.321424,20,8719.216681,clay
106.07,10,8722.405725,clay
103.229733,10,8725.419126,clay
89.220511,17,8729.101142,clay
107.870205,9,8732.409313,clay
79.438607,27,8736.526239,clay
107.002994,10,8739.658076,clay
95.426625,15,8742.894095,clay
104.69,6,8746.528601,clay
110.44,6,8749.405223,clay
109.151097,7,8752.402406,clay
85.78355,23,8756.357074,clay
91.865217,18,8759.98678,clay
97.217722,15,8764.259859,clay
84.838574,23,8768.233947,clay
86.856384,24,8772.810814,clay
107.153442,9,8775.86781,clay
110.44,6,8778.898412,clay
104.86,9,8782.13029,clay
99.16,9,8785.285366,clay
74.431633,30,8789.627822,clay
99.98,13,8792.761393,clay
91.081097,19,8797.266896,clay
95.953913,16,8801.590522,clay
105.643442,10,8804.945719,clay
106.01,9,8808.088655,clay
93.256559,16,8811.71721,clay
106.436125,9,8814.963974,clay
90.822618,19,8819.704124,clay
106.57,8,8822.582688,clay
105.09,6,8825.618777,clay
105.911097,6,8828.930656,clay
110.147655,8,8832.223525,clay
102.496559,12,8835.384326,clay
84.182829,24,8839.13044,clay
70.177964,32,8843.67414,clay
96.97,15,8847.089424,clay
103.244946,14,8852.35279,clay
86.003736,22,8856.247544,clay
105.09,6,8859.276755,clay
108.08,7,8862.185641,clay
99.755995,15,8865.52824,clay
101.274434,12,8868.843108,clay
100.808394,13,8872.363332,clay
107.991097,8,8877.030203,clay
110.24,6,8880.015169,clay
104.83,8,8883.119168,clay
96.030472,15,8887.356004,clay
83.781055,23,8891.484192,clay
108.636559,8,8894.775551,clay
104.123913,10,8898.041006,clay
101.429703,14,8901.587969,clay
98.128406,16,8904.956505,clay
92.572371,18,8908.704783,clay
94.248874,14,8912.030127,clay
102.19,11,8915.468904,clay
108.08,7,8918.320192,clay
102.59,11,8921.700252,clay
110.44,6,8924.703834,clay
104.77,9,8927.905036,clay
105.88,8,8930.657815,clay
104.69,6,8933.681657,clay
95.394539,17,8938.778177,clay
93.057288,18,8942.424637,clay
76.723988,28,8946.707752,clay
98.546436,15,8950.315367,clay
103.32,8,8953.603717,clay
100.177288,11,8956.97936,clay
105.760729,11,8960.327345,clay
102.275614,15,8964.429987,clay
89.781405,21,8968.11081,clay
110.24,6,8971.312259,clay
106.87,8,8974.558559,clay
107.0,5,8978.9787,clay
108.87,8,8982.129925,clay
106.76,9,8985.361871,clay
98.740205,11,8988.970761,clay
109.191914,8,8991.975233,clay
95.040492,4,8995.183487,clay
101.124214,14,8998.628932,clay
106.613413,9,9001.681679,clay
75.538913,33,9006.078836,clay
105.336625,10,9008.926049,clay
84.998217,18,9012.468996,clay
106.092933,12,9015.947464,clay
105.567922,10,9019.191613,clay
91.857288,18,9022.85414,clay
94.77928,18,9026.500609,clay
108.57,8,9029.876225,clay
106.77,9,9032.791765,clay
104.341499,11,9035.910815,clay
97.302306,15,9040.316824,clay
108.83,7,9043.376621,clay
110.24,6,9046.584108,clay
111.75,5,9049.568051,clay
94.246106,17,9053.009474,clay
86.066641,23,9057.15501,clay
96.449346,17,9061.099657,clay
105.81,9,9064.492148,clay
88.99,8,9067.559725,clay
107.93,7,9070.626578,clay
91.858145,13,9075.356181,clay
89.231914,19,9078.916592,clay
103.977655,11,9082.223268,clay
90.585259,22,9085.981324,clay
97.06726,15,9089.807186,clay
103.485217,12,9093.006869,clay
97.38,13,9096.140692,clay
101.181097,9,9099.5696,clay
95.449397,17,9103.330745,clay
68.759253,60,9109.401347,clay
106.525966,6,9112.13965,clay
110.44,6,9115.160634,clay
109.53,7,9118.083412,clay
110.44,6,9121.109852,clay
112.61,5,9123.744895,clay
106.219346,11,9126.966616,clay
84.742871,23,9130.561031,clay
83.99161,24,9135.54928,clay
90.829243,19,9139.204973,clay
105.96,9,9142.157853,clay
97.390472,15,9145.370564,clay
86.06,11,9148.612478,clay
80.641877,24,9153.681443,clay
98.892788,12,9157.145882,clay
89.379073,20,9161.001943,clay
109.45,6,9163.608078,clay
107.27,8,9166.473343,clay
106.224944,10,9169.534813,clay
93.531914,18,9173.028436,clay
105.476625,10,9176.152133,clay
97.01,14,9179.520588,clay
108.631452,8,9182.693887,clay
112.61,5,9185.435866,clay
90.131489,17,9189.38432,clay
98.28,12,9192.529546,clay
87.746244,22,9197.561058,clay
98.729141,14,9200.857947,clay
108.128127,9,9203.608281,clay
73.785247,29,9207.847603,clay
102.95,10,9211.290289,clay
102.461219,10,9214.664706,clay
75.106744,29,9219.495053,clay
111.430492,6,9222.521849,clay
107.93,7,9226.431742,clay
110.44,6,9229.418224,clay
103.679733,10,9232.635556,clay
92.621499,17,9236.483004,clay
104.888127,8,9239.791742,clay
92.493913,17,9243.368263,clay
104.000205,11,9246.73987,clay
102.833913,13,9250.011792,clay
101.58,7,9252.946952,clay
103.87,10,9255.728865,clay
111.09,6,9258.548526,clay
87.967844,17,9262.036867,clay
93.198145,14,9265.411484,clay
106.46,9,9268.553024,clay
99.986559,13,9271.733406,clay
98.964661,15,9275.089991,clay
93.18,12,9278.566725,clay
84.660472,22,9282.841787,clay
73.611609,32,9288.153543,clay
105.343442,10,9291.610424,clay
108.28,7,9294.658013,clay
93.539182,17,9298.174165,clay
82.802624,24,9302.631869,clay
78.634312,29,9306.713896,clay
107.978127,9,9309.84882,clay
91.27,18,9313.559921,clay
107.13,8,9316.351913,clay
103.18,7,9319.258667,clay
106.14,6,9322.137565,clay
93.215995,18,9325.72981,clay
96.26,14,9330.812688,clay
100.51,9,9333.904127,clay
87.037355,22,9337.63817,clay
100.723413,13,9341.231895,clay
72.116722,33,9347.683779,clay
90.152624,19,9351.359926,clay
103.707922,12,9354.726233,clay
91.424661,18,9358.411721,clay
105.34,6,9361.120729,clay
104.96,9,9364.319684,clay
108.53,7,9367.497605,clay
101.58,12,9370.676596,clay
80.251137,26,9375.797927,clay
100.721175,13,9379.945972,clay
110.44,6,9383.255745,clay
110.25,6,9386.212309,clay
105.06,9,9389.102613,clay
107.970205,9,9392.01225,clay
104.41,10,9395.093487,clay
107.91,9,9398.072446,clay
98.760562,14,9401.409112,clay
88.18,8,9404.379394,clay
103.4,10,9407.484391,clay
102.183847,12,9410.669586,clay
106.82,8,9413.870387,clay
102.523913,11,9417.26486,clay
98.083913,14,9420.371847,clay
104.263913,10,9423.61382,clay
69.789811,42,9430.104815,clay
107.023442,8,9433.045916,clay
110.24,6,9435.852772,clay
98.857656,14,9439.111729,clay
109.043913,9,9441.981814,clay
98.547922,11,9445.051275,clay
102.190181,14,9448.216837,clay
106.537655,9,9452.786227,clay
92.733847,17,9456.325651,clay
100.100472,13,9459.91458,clay
96.526125,14,9463.348886,clay
88.577288,18,9467.07653,clay
103.25,11,9470.244514,clay
110.4,6,9473.028023,clay
90.79,6,9476.411808,clay
106.262994,9,9480.893363,clay
106.818127,10,9483.896679,clay
100.04,11,9487.532297,clay
92.378005,19,9491.045266,clay
106.14,6,9494.056431,clay
100.18,12,9497.376989,clay
108.13,7,9500.694313,clay
99.304539,13,9505.253752,clay
95.950927,16,9508.725644,clay
92.210472,17,9512.297731,clay
103.953913,11,9515.930428,clay
102.0878,13,9519.447322,clay
105.449716,11,9522.744837,clay
103.638127,12,9526.090441,clay
92.209327,19,9529.808315,clay
101.110472,12,9533.008019,clay
110.25,6,9535.83972,clay
109.46,6,9538.861779,clay
108.08,7,9542.074894,clay
101.207655,12,9546.841497,clay
108.21,9,9549.981107,clay
88.114475,20,9554.395589,clay
75.23295,26,9558.333444,clay
104.196436,12,9561.437336,clay
92.623786,20,9566.012316,clay
104.75,11,9569.161292,clay
109.031097,9,9573.476932,clay
104.803847,10,9576.607238,clay
107.02,8,9579.669924,clay
106.57,8,9582.503686,clay
109.64,6,9585.22891,clay
93.230472,16,9588.68414,clay
99.19,12,9591.715938,clay
110.178127,8,9595.323913,clay
107.001097,9,9598.195832,clay
84.470562,22,9602.18219,clay
91.263442,18,9605.828316,clay
97.792316,14,9609.393074,clay
110.44,6,9613.403287,clay
108.08,7,9616.586496,clay
108.02,8,9619.547945,clay
106.17,8,9622.717656,clay
108.13,7,9625.962054,clay
100.145946,14,9629.345856,clay
93.290458,18,9633.201818,clay
76.674854,33,9637.962749,clay
68.959532,40,9642.890473,clay
103.99,11,9645.800385,clay
89.101528,21,9649.468995,clay
94.766037,18,9653.198636,clay
72.747677,30,9657.697319,clay
106.56409,11,9660.973241,clay
101.176436,12,9664.567891,clay
77.94,26,9668.410381,clay
95.993442,15,9671.922438,clay
101.94,11,9676.052347,clay
110.21,6,9678.909569,clay
106.8,5,9682.012305,clay
104.69,6,9684.898708,clay
104.07,9,9687.858272,clay
102.89,12,9690.982202,clay
103.02,8,9693.786563,clay
100.49,12,9696.697005,clay
102.372994,13,9699.982452,clay
93.102316,18,9703.508505,clay
87.166128,19,9707.237014,clay
95.342331,16,9710.277563,clay
100.312316,14,9713.613869,clay
98.078127,14,9716.762402,clay
108.378127,9,9719.764642,clay
107.93,7,9723.756737,clay
110.44,6,9726.835741,clay
111.75,5,9731.305467,clay
103.87409,12,9736.074406,clay
107.417922,9,9739.198919,clay
74.862809,30,9743.21454,clay
105.2,10,9746.421433,clay
89.065779,21,9750.097743,clay
101.14,13,9753.278703,clay
94.160472,17,9757.13637,clay
96.174686,16,9760.687704,clay
105.340205,11,9764.1458,clay
106.33,8,9767.066289,clay
105.78,8,9769.992744,clay
109.53,7,9772.917754,clay
111.75,5,9776.266647,clay
110.44,6,9780.242384,clay
106.13,8,9783.260422,clay
105.557308,11,9787.010164,clay
99.951364,10,9790.200415,clay
99.306638,14,9793.510695,clay
83.520927,24,9797.735028,clay
103.6895,10,9800.66593,clay
95.161219,16,9804.047621,clay
104.625946,12,9807.292186,clay
107.251569,10,9812.319965,clay
106.61,9,9815.380326,clay
104.41,9,9819.955984,clay
92.771781,18,9823.674282,clay
94.863506,18,9827.494557,clay
99.32,13,9830.931541,clay
107.94,7,9833.901513,clay
108.48,7,9836.577321,clay
108.57,8,9839.868208,clay
101.077922,8,9842.882269,clay
103.016873,13,9846.981365,clay
107.311364,9,9850.310313,clay
104.75,10,9854.923411,clay
92.779703,18,9858.675529,clay
110.44,6,9861.592575,clay
106.33,8,9864.522097,clay
96.61,14,9867.981015,clay
107.126559,9,9871.183522,clay
106.76,9,9874.180535,clay
103.2,10,9877.269983,clay
104.69,6,9880.065508,clay
101.812994,9,9883.020165,clay
107.73,7,9885.86086,clay
69.68,29,9890.043456,clay
100.803442,9,9893.180103,clay
99.62,13,9896.56761,clay
95.171993,17,9900.528004,clay
107.27,8,9903.335479,clay
106.14,6,9906.208271,clay
89.662371,20,9911.143228,clay
71.133913,43,9917.548912,clay
83.836547,25,9921.918935,clay
88.32,8,9924.87786,clay
65.021097,20,9928.736835,clay
95.77,13,9932.185868,clay
107.37,8,9935.483984,clay
108.69,7,9938.38012,clay
108.68,7,9942.895752,clay
104.911364,10,9945.679674,clay
90.970927,19,9949.263716,clay
101.63,12,9952.666418,clay
100.965132,11,9955.932018,clay
104.406922,12,9959.175929,clay
96.280952,16,9962.563759,clay
106.56,9,9965.681897,clay
87.748484,21,9969.407123,clay
101.147655,13,9973.557587,clay
110.26,6,9976.930564,clay
112.980492,5,9980.02892,clay
110.44,6,9982.852684,clay
101.74,11,9986.347129,clay
73.126436,32,9990.852833,clay
103.523847,8,9993.834073,clay
110.44,6,9996.743876,clay
106.48,8,9999.906931,clay
107.751097,8,10004.044852,clay
73.741097,13,10008.855458,clay
108.27,8,10012.78175,clay
103.206559,11,10016.786931,clay
105.563913,10,10020.119823,clay
107.153442,9,10023.166529,clay
103.020492,12,10026.421993,clay
103.4,10,10029.604785,clay
107.0,5,10032.386542,clay
110.44,6,10035.463318,clay
95.672624,17,10038.976702,clay
98.740205,11,10042.222727,clay
69.603654,49,10047.059215,clay
94.256546,19,10050.739734,clay
102.338127,12,10053.783478,clay
98.670029,16,10057.527244,clay
84.93,22,10061.426298,clay
103.078145,11,10064.896664,clay
94.388184,17,10068.156933,clay
105.26,9,10071.268921,clay
90.540476,19,10075.037037,clay
102.991219,12,10078.066029,clay
107.0,5,10081.946949,clay
111.09,6,10084.772597,clay
108.72,8,10088.525824,clay
92.868145,17,10092.649737,clay
98.32776,15,10095.892862,clay
96.881097,15,10099.543151,clay
84.980701,21,10103.338227,clay
91.33,12,10107.750073,clay
106.76,9,10110.69078,clay
103.45,10,10113.75778,clay
99.766225,12,10117.182888,clay
102.85,10,10120.326993,clay
109.351097,7,10123.404389,clay
109.55,7,10126.401783,clay
105.781097,9,10129.535154,clay
98.036786,15,10133.134204,clay
103.930472,10,10136.160699,clay
95.117325,16,10139.658836,clay
97.694944,14,10142.804876,clay
89.423847,20,10146.192856,clay
103.738127,12,10149.838052,clay
98.513847,14,10153.247989,clay
93.066348,18,10156.806721,clay
101.526668,12,10160.112159,clay
106.497655,10,10163.370793,clay
94.914941,17,10167.068451,clay
102.560472,12,10170.931032,clay
87.63,8,10174.417106,clay
85.92,8,10179.331438,clay
106.33,8,10182.423434,clay
103.42,10,10185.43203,clay
111.75,5,10190.004148,clay
107.67,8,10193.118272,clay
106.250472,9,10197.058597,clay
106.968127,10,10200.495504,clay
96.850205,15,10204.215265,clay
86.97615,23,10208.280423,clay
108.57,8,10211.61159,clay
97.268145,12,10215.075403,clay
108.118127,9,10218.283215,clay
104.16,10,10221.233765,clay
86.794251,21,10224.596564,clay
105.77,8,10227.478038,clay
100.33,12,10230.385783,clay
111.96,5,10232.98805,clay
107.828127,9,10235.886695,clay
94.174251,17,10239.585043,clay
90.64,18,10243.058157,clay
104.5,11,10246.049605,clay
110.228127,8,10249.46714,clay
100.079397,14,10253.114957,clay
98.7,12,10256.029915,clay
98.77,13,10259.619988,clay
105.57,9,10262.612564,clay
103.971219,9,10265.865314,clay
75.870546,29,10269.846349,clay
101.67,13,10273.362973,clay
107.13,8,10276.663851,clay
108.02,8,10279.670339,clay
107.68,7,10282.777063,clay
108.81,9,10285.918133,clay
99.33,12,10289.232334,clay
96.174944,15,10292.668006,clay
98.116625,11,10295.866058,clay
102.557655,12,10299.557813,clay
99.665256,14,10302.793905,clay
95.469346,16,10306.097607,clay
105.91,10,10309.33488,clay
101.74,11,10312.517208,clay
102.706559,11,10315.810923,clay
97.6,10,10319.084541,clay
78.690612,22,10323.031252,clay
111.96,5,10325.679413,clay
109.311097,7,10328.473358,clay
107.12,8,10331.754897,clay
105.591097,9,10334.688719,clay
105.76,9,10337.842418,clay
110.24,6,10342.288438,clay
108.57,8,10345.581684,clay
77.182107,28,10349.904514,clay
98.836559,13,10353.167486,clay
103.078145,11,10357.459432,clay
93.969059,19,10360.712838,clay
109.638127,8,10363.712139,clay
105.397922,11,10367.064885,clay
95.85,15,10370.431944,clay
88.02,8,10373.553121,clay
98.583847,13,10376.876414,clay
111.75,5,10379.697514,clay
105.01,9,10383.222728,clay
102.76,11,10386.431648,clay
98.641424,12,10390.055838,clay
72.788429,32,10394.364529,clay
106.38,8,10397.204482,clay
104.69,6,10400.002398,clay
110.4,6,10402.574675,clay
104.821364,10,10405.870388,clay
108.138127,9,10408.912472,clay
106.287655,9,10412.31764,clay
105.26,9,10415.59422,clay
107.820039,9,10418.904417,clay
98.041528,17,10422.40128,clay
111.5,6,10425.198582,clay
111.16,5,10427.818185,clay
107.48,7,10430.691375,clay
97.82,14,10434.042331,clay
108.87,8,10437.020749,clay
104.1,10,10440.205484,clay
72.63651,30,10444.345543,clay
86.671506,22,10448.30081,clay
102.631569,12,10451.748348,clay
110.44,6,10455.617158,clay
97.17,14,10458.722057,clay
105.674653,11,10461.976744,clay
99.776436,13,10465.481539,clay
96.049733,17,10469.0638,clay
92.990839,18,10472.545681,clay
92.01,19,10476.10397,clay
91.022331,18,10480.346628,clay
82.282239,27,10484.592198,clay
87.245217,9,10488.583509,clay
105.303442,10,10491.508555,clay
108.718127,9,10495.37768,clay
100.047656,14,10498.715453,clay
110.44,6,10501.60459,clay
108.78,7,10504.267879,clay
93.23,17,10507.70224,clay
70.095818,30,10511.508454,clay
106.923361,10,10515.000713,clay
108.87,8,10518.363966,clay
96.246884,15,10521.777727,clay
105.51,10,10526.196558,clay
106.527655,10,10530.590333,clay
74.536125,29,10534.740677,clay
103.778145,11,10538.788663,clay
110.861097,6,10541.927484,clay
98.78,13,10545.289245,clay
109.46,6,10548.098488,clay
108.53,7,10551.05441,clay
107.0,5,10554.004195,clay
110.24,6,10557.407679,clay
97.431781,12,10560.902154,clay
101.22,8,10563.82278,clay
102.64,11,10567.10414,clay
89.338127,8,10570.072612,clay
108.818145,9,10573.449718,clay
89.771405,21,10577.138553,clay
106.16,9,10580.33435,clay
82.105588,26,10584.190013,clay
84.624233,24,10588.801168,clay
103.170472,11,10591.924999,clay
107.417922,9,10595.341665,clay
105.413847,9,10598.317552,clay
107.89,7,10601.132716,clay
107.0,5,10603.893242,clay
110.871097,6,10606.917763,clay
98.53,13,10610.148829,clay
100.279346,14,10614.52894,clay
96.101781,16,10618.184871,clay
82.861174,24,10622.678939,clay
75.024214,29,10627.039004,clay
79.363847,24,10630.843155,clay
90.59,6,10633.824728,clay
106.251097,8,10636.787973,clay
110.24,6,10639.85024,clay
97.990679,15,10643.33267,clay
95.458579,17,10646.847883,clay
105.121502,11,10650.12709,clay
107.760472,8,10653.061823,clay
99.35,10,10656.191629,clay
106.201569,10,10659.401575,clay
107.44,7,10662.307125,clay
107.15,7,10665.421569,clay
106.57,8,10668.522871,clay
77.668749,29,10672.900932,clay
92.500472,18,10676.909443,clay
109.707627,9,10680.388817,clay
108.88,7,10683.20302,clay
88.86,4,10686.920926,clay
107.605966,8,10689.702135,clay
72.492809,29,10693.885111,clay
98.481405,15,10698.046953,clay
87.261405,22,10702.185316,clay
110.25,6,10705.011845,clay
87.35,5,10708.073854,clay
108.08,7,10710.884058,clay
87.121924,22,10714.858209,clay
99.45,12,10718.168844,clay
97.003343,16,10721.56803,clay
71.331097,15,10726.28321,clay
104.21,9,10729.677671,clay
105.05,10,10732.721159,clay
110.24,6,10735.606819,clay
111.76,5,10738.400669,clay
106.33,8,10741.288327,clay
74.794686,28,10745.37694,clay
85.386817,21,10750.530061,clay
98.221364,13,10754.049023,clay
101.995779,14,10757.058213,clay
71.893442,30,10761.612669,clay
96.570601,13,10765.138123,clay
96.611364,15,10768.678009,clay
43.81,34,10773.063488,clay
98.47,14,10776.395795,clay
106.16,9,10779.70798,clay
103.27,8,10782.826067,clay
92.341489,16,10786.575858,clay
108.13,7,10789.724905,clay
104.82,9,10792.662728,clay
110.26,6,10795.695894,clay
97.760039,15,10799.162773,clay
103.39,11,10802.430921,clay
70.571034,40,10807.466823,clay
104.168145,12,10810.788696,clay
73.428763,35,10817.143751,clay
89.48,18,10820.334012,clay
100.54,11,10823.569347,clay
108.93,7,10826.547832,clay
108.78,7,10829.44793,clay
96.06,15,10832.834275,clay
98.66,9,10836.302619,clay
99.46,9,10839.478663,clay
101.34,11,10842.535571,clay
101.732788,13,10846.125592,clay
95.921097,16,10849.49414,clay
101.69,11,10852.788482,clay
104.82,9,10855.524535,clay
105.61,9,10858.600317,clay
91.896106,18,10861.812252,clay
92.932331,17,10865.356202,clay
99.83,12,10868.400755,clay
105.09,6,10871.306755,clay
92.58,17,10874.854888,clay
79.46,25,10878.814903,clay
82.81084,26,10883.32531,clay
102.696668,12,10887.865338,clay
102.478145,11,10890.890422,clay
103.27,8,10893.884941,clay
103.248145,9,10896.855261,clay
104.540205,11,10900.036345,clay
110.44,6,10902.941293,clay
92.08,17,10906.668288,clay
109.342994,7,10909.744638,clay
90.305256,19,10913.442655,clay
102.300205,12,10918.1753,clay
108.303442,9,10921.235065,clay
103.138127,12,10925.132745,clay
105.713847,9,10928.225765,clay
103.103361,12,10931.734991,clay
106.72,8,10934.770009,clay
92.3,5,10937.653945,clay
108.68,7,10941.060888,clay
107.06,9,10945.42081,clay
73.219998,29,10949.580215,clay
76.293098,29,10954.701337,clay
97.092708,17,10958.371921,clay
97.26,15,10961.401071,clay
106.52,8,10964.472804,clay
107.27,8,10967.45075,clay
111.75,5,10970.38878,clay
110.44,6,10973.254042,clay
106.530472,10,10977.063507,clay
99.130472,15,10981.416897,clay
87.654622,21,10985.53117,clay
99.68,12,10988.790669,clay
103.411364,11,10992.16126,clay
97.701364,15,10995.551194,clay
95.61,15,10998.810601,clay
105.07,9,11003.384221,clay
108.69,7,11006.414598,clay
103.379676,12,11011.366575,clay
78.740562,25,11016.23492,clay
106.07409,10,11019.661776,clay
107.310039,10,11022.966902,clay
93.268145,17,11027.950897,clay
73.624129,32,11033.192334,clay
99.78,12,11036.597494,clay
101.09,11,11039.54093,clay
106.14,6,11042.974379,clay
92.856559,17,11046.384377,clay
71.74455,44,11051.247525,clay
106.35,10,11054.400518,clay
106.580492,10,11057.654788,clay
108.636559,8,11060.72309,clay
103.770472,11,11065.440911,clay
110.21,6,11068.181047,clay
98.825217,13,11071.454967,clay
97.68,7,11074.740645,clay
107.06,9,11079.153206,clay
103.26,11,11082.155135,clay
97.921097,15,11085.337834,clay
101.98,7,11088.344111,clay
104.71,9,11091.157989,clay
95.91,14,11094.428818,clay
108.57,8,11097.74022,clay
85.517677,24,11101.993878,clay
91.88,17,11105.704601,clay
72.187122,33,11109.844078,clay
105.25,10,11112.927012,clay
96.982316,16,11116.242562,clay
104.51,9,11119.457686,clay
97.236559,14,11122.72694,clay
101.04,11,11125.836253,clay
105.86,10,11128.630213,clay
91.414806,18,11132.291609,clay
98.154686,12,11136.029881,clay
110.24,6,11139.122867,clay
70.731405,30,11143.436064,clay
105.29,6,11146.538911,clay
87.700974,21,11150.986604,clay
88.498835,18,11155.052619,clay
96.571219,15,11159.475134,clay
105.29,6,11162.509976,clay
108.08,7,11165.640657,clay
105.340492,10,11169.026618,clay
94.784088,17,11172.48563,clay
95.717655,16,11175.782955,clay
99.251364,15,11179.022236,clay
101.51,9,11181.8877,clay
106.01,9,11185.012945,clay
106.36,10,11187.850508,clay
91.373442,18,11191.373692,clay
98.550205,15,11195.485852,clay
98.07,14,11198.751593,clay
108.09,7,11202.35116,clay
103.89,6,11205.160863,clay
110.24,6,11208.362676,clay
106.716436,10,11211.477977,clay
104.49,6,11215.22398,clay
108.08,7,11217.93636,clay
83.220348,24,11221.990844,clay
105.254358,12,11225.314019,clay
96.911558,16,11229.913612,clay
99.46,9,11232.964305,clay
86.533258,22,11236.954678,clay
99.290039,13,11240.39364,clay
106.82,8,11244.522461,clay
93.233442,17,11247.943819,clay
103.583442,11,11251.239135,clay
110.44,6,11253.988519,clay
104.77,9,11257.112743,clay
108.08,7,11259.994319,clay
87.635011,22,11263.977833,clay
90.22,19,11267.719198,clay
97.34069,16,11270.854504,clay
111.75,5,11275.238791,clay
108.68,7,11278.275702,clay
106.48,8,11281.306797,clay
103.02,8,11284.246211,clay
105.603442,10,11287.597893,clay
102.60409,12,11290.740908,clay
107.153442,9,11293.784997,clay
102.260472,8,11296.85376,clay
94.816786,17,11300.58158,clay
107.31,9,11303.825197,clay
92.53,12,11307.553805,clay
98.398145,15,11310.832411,clay
99.851502,14,11315.378248,clay
97.283413,12,11318.456177,clay
101.967288,12,11321.653748,clay
108.93,7,11324.943809,clay
104.69,6,11330.438566,clay
104.77,9,11333.439829,clay
102.273847,13,11338.223632,clay
105.018835,11,11341.491773,clay
91.57,18,11346.573963,clay
108.88,7,11349.716336,clay
109.64,6,11352.519725,clay
101.75,10,11355.657601,clay
103.29,12,11358.590735,clay
83.1,22,11362.070462,clay
87.701219,21,11365.965538,clay
97.481569,12,11369.306361,clay
108.57,8,11372.624783,clay
99.334358,14,11375.919577,clay
108.69,7,11378.827087,clay
111.77,5,11381.716875,clay
99.322994,13,11385.139756,clay
102.093913,12,11388.958031,clay
91.945968,17,11393.024723,clay
93.931569,17,11397.005566,clay
92.506786,19,11400.742625,clay
90.482357,19,11404.460744,clay
95.79,16,11408.038476,clay
108.13,7,11410.944261,clay
108.69,7,11414.32619,clay
98.061219,15,11417.651671,clay
104.091424,12,11421.221886,clay
103.840205,11,11424.513279,clay
87.1,17,11427.965671,clay
110.2,6,11430.849002,clay
107.17,8,11434.049954,clay
103.96,10,11437.069341,clay
97.13,13,11440.36435,clay
97.854218,15,11443.916652,clay
102.383139,12,11447.197873,clay
101.351364,12,11450.355784,clay
105.840205,11,11455.112909,clay
90.535421,20,11460.051925,clay
110.44,6,11463.682122,clay
110.44,6,11466.529678,clay
106.8,5,11469.476011,clay
107.511364,9,11472.695056,clay
71.349074,34,11477.130824,clay
91.43,17,11481.718125,clay
92.897033,18,11485.140507,clay
73.474159,42,11490.181366,clay
108.21,9,11493.404002,clay
90.523913,19,11496.994206,clay
108.936559,8,11500.305972,clay
97.523847,14,11503.616325,clay
107.33,7,11506.541652,clay
110.44,6,11509.46278,clay
108.73,7,11512.356918,clay
106.82,8,11515.524673,clay
101.63,12,11518.753628,clay
93.076436,17,11522.2891,clay
105.298127,11,11525.540818,clay
103.916625,11,11528.89569,clay
93.739346,18,11532.53488,clay
102.15,12,11535.681376,clay
104.76358,11,11538.947471,clay
92.336049,18,11543.656089,clay
111.69,6,11546.689721,clay
107.751097,8,11549.756594,clay
105.01,9,11553.419625,clay
96.461424,16,11556.816463,clay
95.16,15,11559.880432,clay
105.974358,10,11563.043983,clay
101.83,12,11567.988974,clay
105.147655,8,11571.118797,clay
89.14,16,11574.666758,clay
106.48,8,11577.752499,clay
108.93,7,11582.40317,clay
108.64,7,11585.265977,clay
105.49,6,11588.205229,clay
86.25,20,11591.64006,clay
107.27,8,11595.712458,clay
94.95,15,11600.163387,clay
95.470205,14,11603.366663,clay
69.039,45,11608.717204,clay
102.279908,13,11612.537687,clay
107.760472,8,11615.495254,clay
69.406718,36,11620.291048,clay
80.984445,23,11624.398183,clay
110.24,6,11627.492276,clay
111.670492,6,11630.657271,clay
87.428145,21,11634.917571,clay
101.53,12,11637.985627,clay
102.771291,13,11641.644922,clay
90.684988,19,11644.989569,clay
101.994051,13,11648.294848,clay
101.51,9,11651.161107,clay
94.65,16,11654.234518,clay
101.436707,13,11657.560186,clay
79.95606,26,11661.471915,clay
75.593096,28,11666.413354,clay
105.454949,10,11669.979483,clay
84.176761,24,11673.898836,clay
105.96,9,11677.841738,clay
106.57,8,11681.042131,clay
109.455966,8,11684.158349,clay
107.98,8,11686.996947,clay
103.45,10,11690.338136,clay
105.29,6,11693.204452,clay
107.717922,9,11696.412399,clay
97.11,15,11699.749963,clay
99.65,10,11702.668077,clay
99.763913,10,11705.559592,clay
101.59069,10,11709.025385,clay
89.372825,20,11712.509647,clay
111.75,5,11715.606333,clay
107.0,5,11718.566738,clay
111.75,5,11721.622678,clay
106.05,10,11725.139931,clay
104.95,10,11728.327938,clay
100.983442,11,11731.295448,clay
102.316625,11,11734.681325,clay
93.976436,17,11738.06001,clay
98.915256,14,11741.34005,clay
108.69,7,11744.143602,clay
105.41,9,11747.18076,clay
109.53,7,11750.043447,clay
100.38,12,11753.294803,clay
101.34,11,11757.663277,clay
96.434944,14,11761.141834,clay
90.651961,19,11764.658676,clay
98.241986,16,11768.358599,clay
85.085217,21,11771.94412,clay
103.2,10,11774.918619,clay
102.84,11,11779.167017,clay
103.27,8,11782.356948,clay
82.68974,23,11786.611546,clay
96.023913,15,11790.094633,clay
101.51,9,11793.045791,clay
106.99,8,11795.785187,clay
106.57,8,11798.942461,clay
89.99,6,11801.83563,clay
94.707675,17,11806.694124,clay
95.561213,17,11810.370595,clay
77.101219,26,11816.203701,clay
110.24,6,11819.309713,clay
106.22,8,11822.060209,clay
106.14,6,11825.05094,clay
95.725995,17,11828.69513,clay
86.9634,22,11832.762763,clay
91.268184,18,11838.084749,clay
98.885256,11,11842.643727,clay
92.390562,15,11846.519286,clay
106.16,9,11849.860786,clay
102.73,12,11853.301797,clay
102.783442,12,11856.446628,clay
84.784214,21,11860.077922,clay
110.2,6,11862.948681,clay
98.59,11,11866.215441,clay
93.44,16,11870.80981,clay
91.750562,19,11875.122624,clay
74.715581,29,11879.585543,clay
105.19,11,11883.015581,clay
104.82,9,11886.026864,clay
101.297938,14,11889.979628,clay
110.24,6,11892.886606,clay
103.635217,10,11896.181783,clay
68.023595,49,11901.486841,clay
100.483913,13,11905.054886,clay
101.7,10,11908.906949,clay
108.73,7,11912.074224,clay
108.28,7,11915.168923,clay
102.738835,9,11918.811328,clay
100.827032,13,11923.245401,clay
99.883847,13,11926.536012,clay
106.01,9,11929.698136,clay
103.790205,11,11933.013041,clay
96.33,17,11937.871923,clay
104.168145,12,11941.318867,clay
83.196301,24,11945.436988,clay
103.818366,8,11948.847838,clay
108.93,7,11952.856102,clay
95.4,16,11956.193774,clay
104.640492,10,11959.344582,clay
78.938145,26,11963.41764,clay
86.820219,23,11968.268811,clay
89.00596,23,11972.566864,clay
108.798145,9,11975.940622,clay
104.45,10,11979.193905,clay
91.699633,19,11984.057642,clay
110.44,6,11987.072534,clay
108.510492,8,11990.095479,clay
110.24,6,11993.22788,clay
70.798094,43,11998.730992,clay
78.655256,25,12002.894864,clay
104.91,10,12006.044752,clay
94.46,9,12009.099934,clay
106.91,9,12012.777168,clay
108.64,7,12015.490348,clay
104.901569,11,12018.799088,clay
104.610612,11,12022.111634,clay
103.233442,11,12025.244884,clay
100.058127,10,12028.275038,clay
98.089878,15,12031.844647,clay
107.67,8,12034.878253,clay
108.93,7,12038.261799,clay
103.5,10,12041.277054,clay
108.73,7,12044.48682,clay
101.33,12,12048.721646,clay
101.16,9,12051.85202,clay
107.251569,10,12055.393143,clay
84.473442,22,12059.210936,clay
99.696625,13,12062.395058,clay
99.7,10,12065.434515,clay
89.86,19,12069.331504,clay
100.081219,14,12074.00996,clay
71.883941,31,12078.570755,clay
86.092809,22,12082.407711,clay
101.563647,13,12085.910447,clay
82.262331,23,12089.627024,clay
110.44,6,12092.35483,clay
99.68,12,12095.538091,clay
106.38,8,12099.188144,clay
102.55,10,12102.212349,clay
110.26,6,12106.399546,clay
107.33,7,12109.229864,clay
88.673913,20,12112.389962,clay
101.81,9,12115.56584,clay
75.796718,27,12120.442713,clay
104.736668,11,12123.964319,clay
96.45118,16,12127.185948,clay
82.051069,24,12132.674174,clay
98.355995,15,12136.104614,clay
91.360039,15,12139.379134,clay
103.99,11,12142.445215,clay
72.882536,36,12147.436741,clay
86.900239,22,12151.376858,clay
97.39,11,12154.360056,clay
107.09,8,12157.150187,clay
93.933442,16,12160.691981,clay
108.75,7,12163.784837,clay
105.81,10,12166.67234,clay
76.554113,29,12171.735933,clay
82.723145,24,12175.537501,clay
104.06,9,12179.175873,clay
105.82,8,12181.971923,clay
107.0,5,12184.845322,clay
105.048127,11,12189.287967,clay
106.82,8,12192.376119,clay
93.616625,16,12196.02208,clay
103.14,11,12199.122699,clay
106.16,9,12202.356802,clay
96.645217,14,12205.863815,clay
96.04063,18,12209.439811,clay
106.981097,9,12213.625118,clay
99.51,14,12217.021717,clay
110.21,6,12219.933356,clay
109.65,6,12222.591612,clay
109.58,7,12225.622138,clay
87.710039,20,12229.205103,clay
87.144251,21,12234.302996,clay
101.07,13,12237.710193,clay
107.19,8,12241.779449,clay
103.34,11,12244.855782,clay
108.08,7,12247.943645,clay
105.840205,11,12251.171547,clay
74.482331,28,12255.593936,clay
54.682023,26,12261.25904,clay
108.57,8,12264.593674,clay
87.038145,21,12269.397708,clay
100.221219,14,12272.80848,clay
108.78,7,12275.464464,clay
110.2,6,12278.373695,clay
106.2,5,12281.322125,clay
101.165217,12,12284.61377,clay
100.466106,14,12288.134498,clay
105.351569,10,12291.25767,clay
87.75,20,12294.924865,clay
100.0,10,12298.635827,clay
91.799574,19,12304.063572,clay
99.757063,14,12307.477414,clay
100.690729,11,12311.267499,clay
90.121219,19,12315.841857,clay
110.44,6,12319.693456,clay
110.201097,7,12322.944036,clay
104.01,10,12325.899873,clay
107.0,5,12328.745685,clay
99.12,13,12332.329983,clay
105.82,8,12335.28957,clay
107.33,9,12338.653089,clay
102.828145,12,12341.831689,clay
102.098127,13,12344.924126,clay
102.281499,12,12347.903889,clay
103.74,11,12351.054196,clay
105.8,10,12353.964468,clay
108.87,8,12357.178531,clay
78.849431,25,12361.152813,clay
105.890472,9,12364.228225,clay
107.13,8,12369.020123,clay
102.8,10,12371.922812,clay
100.39,11,12375.052484,clay
102.640039,12,12379.556762,clay
102.810562,13,12382.644458,clay
107.086559,9,12385.618716,clay
98.55,10,12388.725242,clay
105.74,11,12391.888782,clay
106.72,9,12394.817472,clay
75.089689,36,12399.599782,clay
104.911097,11,12402.831568,clay
101.03,12,12405.805552,clay
108.73,7,12408.913168,clay
105.66,9,12412.01034,clay
109.64,6,12414.794491,clay
105.523913,9,12418.258986,clay
103.49,11,12421.620764,clay
99.51,14,12424.831522,clay
107.33,8,12427.625705,clay
110.44,6,12430.526987,clay
109.65,6,12433.065906,clay
101.689973,13,12436.515757,clay
94.91064,16,12440.459263,clay
103.27,8,12443.417943,clay
101.51,9,12446.557417,clay
89.71,15,12449.877926,clay
106.001364,10,12453.367737,clay
106.84,8,12456.455122,clay
107.466234,11,12459.84425,clay
107.248874,10,12463.212936,clay
109.64,6,12466.410149,clay
110.44,6,12469.988173,clay
109.53,7,12472.856934,clay
105.29,6,12477.558501,clay
104.69,6,12480.558466,clay
107.800492,8,12484.917619,clay
103.43069,12,12488.198118,clay
72.941313,35,12492.959512,clay
105.147655,8,12496.184441,clay
102.143913,12,12499.51381,clay
72.708065,36,12504.361493,clay
98.571569,14,12508.211904,clay
98.095217,14,12511.430001,clay
98.730205,12,12514.86269,clay
89.0,16,12518.309683,clay
100.143913,12,12521.69466,clay
103.078145,11,12526.175912,clay
107.690472,9,12529.134312,clay
107.13,8,12532.434156,clay
108.93,7,12535.790858,clay
108.93,7,12538.749446,clay
110.44,6,12543.190687,clay
90.81,6,12545.921647,clay
105.57,9,12549.312752,clay
96.95,15,12552.715945,clay
75.259436,28,12556.897672,clay
98.430679,15,12560.561748,clay
96.340339,17,12564.061567,clay
107.918127,9,12567.50143,clay
92.936125,18,12571.659731,clay
105.67,9,12574.504593,clay
105.49,6,12577.444426,clay
101.13,12,12580.716867,clay
104.67,10,12583.688513,clay
85.867218,24,12587.922507,clay
97.98,12,12591.379275,clay
97.231605,16,12596.433744,clay
85.942331,22,12599.756752,clay
106.263847,9,12602.670764,clay
95.627922,15,12606.11717,clay
83.921569,23,12610.092249,clay
103.930472,10,12613.045287,clay
108.93,7,12617.51047,clay
111.96,5,12620.318595,clay
98.72,13,12623.790611,clay
95.44,16,12627.258265,clay
89.23,18,12630.66622,clay
105.298127,11,12633.95144,clay
107.151097,8,12637.169723,clay
108.14,7,12640.026887,clay
102.34,11,12643.591817,clay
103.078145,11,12647.210607,clay
103.09,11,12650.408837,clay
102.918835,11,12653.888964,clay
107.670205,9,12656.995991,clay
99.986125,14,12660.388203,clay
101.42069,12,12663.72319,clay
104.76,9,12667.639047,clay
92.172933,18,12671.533384,clay
98.422788,15,12674.949811,clay
103.04,12,12677.967497,clay
108.59,8,12681.096927,clay
99.83,12,12684.461947,clay
96.62,14,12687.878683,clay
102.74,11,12692.35288,clay
107.13,8,12695.328947,clay
104.95,10,12698.790337,clay
106.16,9,12702.179823,clay
93.375256,17,12705.438427,clay
98.219491,15,12710.414786,clay
102.07,13,12714.504652,clay
96.86,15,12717.639656,clay
110.24,6,12720.79123,clay
108.73,7,12724.033549,clay
93.55,5,12726.862236,clay
105.51,10,12730.855191,clay
78.267288,27,12734.729232,clay
104.227922,8,12737.943626,clay
111.75,5,12741.648035,clay
108.08,7,12744.775759,clay
105.06,9,12747.711046,clay
95.641364,16,12751.369146,clay
103.19,11,12754.638434,clay
95.567656,17,12758.321513,clay
111.16,5,12760.831526,clay
105.81,9,12764.043747,clay
103.45,10,12767.336585,clay
97.109481,14,12770.8238,clay
101.070039,9,12775.267383,clay
83.40063,22,12778.827107,clay
76.521781,24,12782.731492,clay
65.61409,52,12787.966306,clay
107.970205,9,12791.011746,clay
108.88,7,12794.080631,clay
107.0,5,12796.88228,clay
104.91,9,12799.825267,clay
101.360679,13,12803.62582,clay
101.51,9,12807.279216,clay
101.885217,12,12810.086091,clay
86.907033,21,12813.828309,clay
101.483413,13,12817.169711,clay
90.081394,19,12821.043159,clay
106.913413,9,12824.442404,clay
103.14,11,12827.279115,clay
95.298835,13,12830.543599,clay
87.275779,21,12834.498725,clay
83.467922,19,12837.823377,clay
89.608061,19,12841.610389,clay
108.9,7,12844.586425,clay
109.64,6,12847.731984,clay
107.0,5,12850.707221,clay
107.32,8,12853.696078,clay
82.341097,24,12857.494054,clay
92.3,5,12860.532904,clay
93.086436,17,12864.013914,clay
94.37,13,12867.496894,clay
94.094539,17,12870.955826,clay
100.63,12,12875.143202,clay
106.158145,9,12879.567428,clay
72.12,48,12885.255545,clay
86.261219,20,12888.990779,clay
103.02,8,12891.890007,clay
96.911219,15,12895.301653,clay
108.69,7,12898.054774,clay
106.51,9,12901.039002,clay
101.74,11,12905.329276,clay
104.65,10,12908.619279,clay
93.34,17,12912.126532,clay
96.254661,16,12915.480873,clay
89.061569,19,12919.941819,clay
103.14,11,12923.148843,clay
101.623442,12,12927.61853,clay
87.800205,21,12931.650011,clay
92.19,17,12934.897219,clay
106.210205,10,12938.083759,clay
107.0,5,12940.92689,clay
99.915217,13,12944.549336,clay
105.06,9,12947.442785,clay
107.820039,9,12951.61852,clay
101.426125,14,12954.994372,clay
100.1,10,12958.199185,clay
106.708145,10,12961.348906,clay
75.055217,28,12965.517825,clay
106.648145,10,12969.329923,clay
103.55,10,12973.212104,clay
101.75,10,12976.528234,clay
108.13,7,12979.616834,clay
95.543647,16,12983.381088,clay
95.251219,16,12986.919175,clay
100.901405,14,12990.319145,clay
108.93,7,12993.506138,clay
109.64,6,12996.519661,clay
107.14,7,12999.582111,clay
101.258835,13,13003.063462,clay
101.51,9,13006.337222,clay
93.966718,17,13010.021668,clay
104.378145,11,13013.120975,clay
107.076559,9,13015.931983,clay
82.341132,22,13019.827859,clay
104.86,9,13024.698227,clay
109.64,6,13027.458494,clay
111.75,5,13030.644728,clay
100.25,10,13033.895728,clay
102.771291,13,13037.327615,clay
70.918802,37,13041.821166,clay
97.485217,15,13045.455992,clay
108.57,8,13048.7443,clay
105.2,10,13051.987794,clay
98.55,10,13054.895223,clay
100.06,9,13057.816498,clay
69.279761,41,13062.862944,clay
110.24,6,13065.824248,clay
89.28,7,13069.027699,clay
69.54,31,13073.401445,clay
101.88,12,13076.422837,clay
73.556744,29,13081.041511,clay
84.853361,22,13084.957958,clay
104.080839,11,13088.288584,clay
102.88073,12,13091.599135,clay
102.13,12,13094.841583,clay
107.0,5,13097.714651,clay
107.0,5,13101.773512,clay
108.93,7,13104.793554,clay
108.89,7,13107.832062,clay
109.332994,7,13111.07853,clay
107.08,8,13114.258171,clay
98.539761,15,13117.839274,clay
108.87,8,13121.66916,clay
92.258184,19,13125.621184,clay
78.058835,27,13129.74615,clay
89.803442,19,13133.756701,clay
91.386106,17,13137.154108,clay
103.111452,11,13140.527754,clay
102.195995,10,13144.18507,clay
106.47,8,13147.263833,clay
106.048145,10,13150.371705,clay
107.06,9,13153.614254,clay
85.089346,23,13157.558729,clay
85.03,22,13160.922842,clay
69.232146,35,13165.44358,clay
106.71,9,13168.455125,clay
108.08,7,13171.827173,clay
108.68,7,13175.316213,clay
108.93,7,13178.696061,clay
96.192708,17,13182.704063,clay
91.797922,16,13186.41377,clay
104.980679,11,13189.653908,clay
69.472331,37,13194.600923,clay
106.76,9,13197.852556,clay
95.399032,18,13201.574114,clay
78.359753,28,13204.987025,clay
76.91,24,13208.799608,clay
101.507397,14,13212.318284,clay
94.38,12,13215.805839,clay
107.67,8,13219.226857,clay
84.076179,24,13223.184991,clay
104.3,10,13226.258314,clay
110.44,6,13229.798765,clay
107.0,5,13233.087672,clay
100.83,13,13236.216399,clay
81.726559,24,13241.064285,clay
95.37753,17,13244.711699,clay
87.982682,20,13249.527396,clay
108.798145,9,13252.99162,clay
103.418145,12,13257.968802,clay
107.93,7,13261.325526,clay
103.551219,11,13264.344977,clay
107.37,8,13267.604244,clay
106.158145,9,13272.252056,clay
108.87,8,13275.361526,clay
88.696668,20,13280.013748,clay
105.8,10,13283.464566,clay
77.747307,27,13287.599719,clay
91.020562,18,13291.288802,clay
105.1,10,13294.823683,clay
90.79,6,13297.752619,clay
107.17,8,13300.839839,clay
105.55,10,13303.826666,clay
107.670205,9,13306.716797,clay
102.523442,12,13310.029491,clay
91.22,18,13313.645857,clay
90.263258,19,13316.996534,clay
89.160562,19,13321.86063,clay
104.86,9,13325.300835,clay
110.26,6,13328.036832,clay
111.75,5,13331.09674,clay
98.04,11,13335.362935,clay
100.293913,12,13338.740427,clay
101.57,8,13341.645174,clay
107.0,5,13344.549808,clay
110.44,6,13348.66663,clay
109.332994,7,13351.806065,clay
76.182708,28,13357.214762,clay
108.57,8,13360.646187,clay
99.698127,11,13365.112991,clay
100.163442,13,13368.620884,clay
71.916125,71,13375.018956,clay
77.049141,27,13379.432878,clay
91.561219,15,13383.078247,clay
84.83,7,13386.337964,clay
98.280679,15,13389.767017,clay
108.73,7,13393.275561,clay
108.73,7,13397.677295,clay
110.44,6,13400.765753,clay
103.5,10,13404.004994,clay
102.428857,13,13407.314743,clay
99.95,10,13410.239861,clay
106.997985,9,13413.397257,clay
107.0,5,13416.514115,clay
105.56,9,13419.741584,clay
88.311258,21,13423.858951,clay
94.231219,13,13427.376835,clay
104.37,10,13430.507736,clay
103.49,11,13434.020566,clay
102.523442,12,13437.173073,clay
98.25,10,13440.287852,clay
102.29,11,13443.506804,clay
94.631569,17,13447.144055,clay
108.378127,9,13450.220942,clay
108.93,7,13453.40081,clay
91.04,17,13456.830787,clay
107.93,7,13460.145512,clay
108.111364,9,13463.229037,clay
102.43,12,13467.693821,clay
93.830729,17,13471.824265,clay
85.874563,23,13476.85233,clay
86.660039,22,13480.451337,clay
77.322331,27,13484.631191,clay
102.44,11,13488.055119,clay
108.93,7,13492.466695,clay
108.53,7,13495.486589,clay
99.42,14,13498.788234,clay
85.63,22,13502.563207,clay
103.841569,11,13505.7652,clay
108.88,7,13508.551139,clay
107.13,8,13511.721384,clay
107.0,5,13514.696623,clay
101.493913,12,13518.246822,clay
99.98,13,13521.847579,clay
102.37,8,13525.039284,clay
104.46,10,13528.974951,clay
105.686625,10,13532.378066,clay
96.272012,17,13535.938783,clay
107.14,8,13538.891228,clay
88.03,17,13542.772939,clay
104.49,6,13545.821918,clay
100.880601,13,13549.819148,clay
97.427655,11,13552.89987,clay
86.5,15,13556.412872,clay
99.48262,15,13559.804862,clay
95.59,11,13562.958441,clay
108.798145,9,13567.747318,clay
106.62,8,13570.682181,clay
104.31,9,13573.692963,clay
107.13,8,13577.029096,clay
87.11,20,13580.267018,clay
78.771405,26,13584.246824,clay
74.941967,28,13589.674169,clay
111.77,5,13592.825996,clay
101.46,9,13596.350946,clay
91.07,18,13601.443258,clay
106.76,9,13604.81399,clay
101.48,13,13608.145563,clay
106.52,8,13611.483223,clay
106.748127,11,13615.041909,clay
106.16,9,13618.149824,clay
103.078145,11,13621.368035,clay
94.731474,17,13625.229879,clay
98.55,10,13628.611239,clay
103.35,10,13631.647312,clay
106.82,8,13634.995931,clay
108.037655,9,13638.480392,clay
88.041656,22,13643.714523,clay
107.13,8,13646.804698,clay
108.93,7,13650.644834,clay
97.577325,14,13654.914808,clay
91.067722,19,13658.480522,clay
104.941364,11,13661.940219,clay
105.937655,10,13665.437819,clay
86.24,21,13668.901394,clay
104.65,10,13671.736186,clay
105.8,10,13675.150014,clay
97.15,15,13679.146357,clay
86.65,20,13682.958183,clay
110.44,6,13686.490655,clay
107.173413,9,13689.534698,clay
75.807548,28,13693.674932,clay
91.496559,17,13696.859085,clay
87.474852,22,13701.11488,clay
103.918874,12,13704.771608,clay
83.843805,24,13708.644636,clay
108.28,7,13711.925345,clay
90.79,6,13715.14992,clay
104.92,9,13719.128862,clay
102.275217,11,13722.330329,clay
100.667922,14,13726.090966,clay
86.250323,23,13730.338398,clay
102.64,11,13733.455707,clay
104.69,6,13736.213939,clay
108.64,7,13739.055488,clay
103.170472,11,13742.199877,clay
71.162769,32,13746.756872,clay
92.6398,16,13750.291432,clay
101.310679,13,13753.678664,clay
97.4,15,13756.941873,clay
101.29,12,13759.872288,clay
94.780562,16,13765.134905,clay
102.328145,11,13768.317723,clay
101.92,13,13771.588889,clay
90.79,6,13774.649238,clay
109.65,6,13777.375113,clay
107.0,5,13780.461061,clay
105.29,6,13783.44752,clay
106.42,8,13787.349983,clay
105.66,9,13790.501754,clay
103.74,11,13793.930083,clay
80.616143,24,13797.842121,clay
106.558127,10,13800.945945,clay
77.561489,26,13804.767474,clay
103.14,11,13808.119915,clay
93.750927,17,13812.910931,clay
100.06,9,13816.81486,clay
100.548874,14,13820.309861,clay
94.49,16,13823.866854,clay
101.777655,10,13827.402664,clay
97.666625,11,13830.811926,clay
73.395779,28,13835.12973,clay
104.01,10,13838.496152,clay
103.3,10,13841.651121,clay
108.73,7,13845.982408,clay
92.63,17,13849.264806,clay
102.8,10,13852.323224,clay
105.61,9,13855.542068,clay
107.271569,10,13858.770902,clay
94.325217,17,13862.405202,clay
98.08,12,13865.822905,clay
103.338127,12,13869.26655,clay
107.251569,10,13873.762348,clay
98.25,10,13876.955041,clay
102.014113,14,13881.28034,clay
102.244214,12,13884.644471,clay
86.09,21,13888.310191,clay
108.14,7,13891.150751,clay
108.02,8,13894.101638,clay
108.7,7,13897.290938,clay
69.28,12,13900.776146,clay
103.14,11,13905.043556,clay
98.818127,14,13908.759305,clay
108.88,7,13911.914792,clay
103.111097,11,13915.324386,clay
106.33,8,13918.309271,clay
106.46,9,13921.489311,clay
95.39,16,13924.805239,clay
98.79,11,13928.410833,clay
101.68,12,13931.465393,clay
97.494999,16,13935.225672,clay
102.830205,12,13938.64222,clay
104.3,10,13941.550972,clay
101.89,11,13947.040105,clay
93.81,4,13949.900206,clay
104.237922,8,13952.837822,clay
104.95,10,13956.353253,clay
105.74,11,13959.565947,clay
72.127723,33,13964.960447,clay
102.070472,11,13968.391979,clay
96.071709,16,13971.983056,clay
102.373442,12,13976.315084,clay
103.14,11,13980.390822,clay
92.080729,18,13983.839286,clay
90.701914,16,13987.297877,clay
104.31,9,13990.195729,clay
102.8,10,13993.333896,clay
98.3,15,13996.375911,clay
98.55,10,14002.077332,clay
100.847655,14,14006.982381,clay
87.04,16,14010.401006,clay
97.424776,16,14014.003661,clay
101.93,12,14017.199647,clay
102.018145,13,14020.634835,clay
102.95,10,14023.699429,clay
69.21,34,14028.010583,clay
106.364214,9,14031.039653,clay
108.93,7,14035.527494,clay
106.191097,9,14038.732405,clay
71.036853,47,14043.672308,clay
74.637033,29,14048.524936,clay
85.511528,20,14052.133887,clay
108.74,7,14055.098152,clay
103.3,10,14058.149669,clay
90.53,7,14061.346693,clay
106.56,9,14064.671461,clay
103.601097,12,14067.81003,clay
89.66,19,14071.283384,clay
103.487655,9,14077.066606,clay
86.571539,21,14080.58815,clay
107.068127,10,14083.740379,clay
96.151364,15,14087.275046,clay
96.1,15,14091.750267,clay
62.950927,31,14097.563643,clay
110.44,6,14100.291368,clay
108.93,7,14104.640096,clay
111.75,5,14107.778601,clay
105.57,9,14110.967741,clay
102.95,10,14113.858966,clay
110.44,6,14119.446639,clay
96.745256,16,14122.603085,clay
96.4,15,14126.241468,clay
84.322083,24,14130.134547,clay
92.222331,17,14134.393301,clay
106.16,9,14137.397462,clay
103.338127,12,14142.648679,clay
84.18,22,14146.347946,clay
107.91,9,14150.494673,clay
75.169989,27,14157.417662,clay
107.17,8,14160.434747,clay
105.06,9,14163.482897,clay
104.71,9,14166.377347,clay
107.06,9,14169.555876,clay
103.078145,11,14172.833244,clay
106.82,8,14176.342496,clay
100.018145,12,14180.510593,clay
103.128145,11,14184.191385,clay
91.365361,21,14188.403193,clay
92.3,5,14192.579606,clay
106.52,8,14196.647559,clay
108.93,7,14199.56245,clay
104.65,10,14202.682242,clay
106.82,8,14206.056617,clay
94.84,16,14209.600509,clay
93.230601,18,14213.04885,clay
109.051097,9,14216.328858,clay
107.06,9,14220.760848,clay
105.128145,11,14225.211173,clay
91.318874,19,14230.431231,clay
100.63,12,14233.623446,clay
108.93,7,14236.559707,clay
105.29,6,14241.617066,clay
107.17,8,14244.795815,clay
103.49,11,14248.06537,clay
108.87,8,14252.290334,clay
94.58,17,14256.41642,clay
86.402455,22,14260.724237,clay
108.013847,9,14264.181073,clay
98.905217,14,14267.493471,clay
105.29,6,14272.081544,clay
98.5,10,14275.273426,clay
103.55,10,14279.202219,clay
106.31,9,14282.459446,clay
110.24,6,14285.549745,clay
104.1,10,14288.949391,clay
75.837798,29,14293.180431,clay
77.221405,26,14296.863196,clay
101.348835,13,14300.199918,clay
104.303913,11,14303.867336,clay
104.500039,11,14309.247059,clay
108.111364,9,14312.78027,clay
103.25,12,14316.060594,clay
84.060927,20,14319.695192,clay
87.146106,21,14323.230396,clay
100.087655,14,14327.960403,clay
103.485256,11,14332.711979,clay
106.7,10,14336.456217,clay
101.69,11,14339.590901,clay
107.13,8,14342.736491,clay
108.02,8,14345.966785,clay
95.056106,16,14349.536748,clay
98.65,10,14352.688923,clay
96.12,15,14356.088469,clay
106.62,8,14359.288741,clay
88.131405,20,14363.434193,clay
100.87,8,14367.629677,clay
96.852583,16,14371.126696,clay
93.64,17,14374.678631,clay
90.859733,16,14378.464588,clay
94.64,16,14381.902342,clay
103.078145,11,14386.275423,clay
100.834187,14,14389.719683,clay
108.118127,9,14392.723488,clay
85.938051,24,14396.831428,clay
91.061569,19,14402.652566,clay
87.25,20,14406.461144,clay
107.27,8,14409.899581,clay
107.42,8,14412.597912,clay
95.272624,17,14417.097318,clay
107.14069,10,14420.557348,clay
72.843913,52,14426.279407,clay
106.14,6,14430.299356,clay
99.53,12,14433.709493,clay
87.35,5,14436.671669,clay
79.158735,27,14440.672222,clay
104.083442,11,14443.804646,clay
92.8,16,14446.950052,clay
100.198145,14,14450.198574,clay
95.857887,17,14453.777384,clay
85.925256,22,14457.446403,clay
107.153442,9,14460.715672,clay
74.041405,24,14464.928812,clay
78.802769,28,14470.411729,clay
104.05,10,14473.694701,clay
110.24,6,14476.86364,clay
103.41,9,14480.063598,clay
101.03,12,14484.632971,clay
105.82,8,14488.68917,clay
100.01,9,14491.794934,clay
99.7,10,14494.929931,clay
80.830927,24,14498.9857,clay
82.52,24,14502.868154,clay
106.131097,9,14506.423388,clay
95.758128,16,14510.397391,clay
78.281364,27,14514.594803,clay
68.310927,40,14520.429831,clay
93.74,16,14525.678298,clay
104.338127,8,14528.794219,clay
95.56,15,14531.928515,clay
107.67,8,14535.302665,clay
99.504214,14,14539.494053,clay
103.36,10,14543.590909,clay
91.83,17,14547.382392,clay
101.99,11,14551.141072,clay
108.93,7,14553.99857,clay
106.62,8,14558.199768,clay
89.99,6,14561.364182,clay
102.015217,12,14564.894773,clay
73.71,29,14569.966188,clay
105.085217,10,14573.318767,clay
106.76,9,14577.762125,clay
72.732331,31,14582.668517,clay
84.716907,24,14587.451345,clay
107.08,8,14591.403101,clay
110.44,6,14595.384308,clay
108.73,7,14598.475701,clay
71.866796,33,14603.72659,clay
98.104563,15,14607.585884,clay
99.89,11,14612.037162,clay
83.97,23,14616.111262,clay
102.477922,8,14619.466051,clay
107.173442,9,14623.442486,clay
96.968184,15,14627.092856,clay
101.518145,12,14630.349427,clay
107.08,9,14634.209888,clay
104.0,10,14638.562104,clay
108.93,7,14642.799082,clay
108.7,7,14645.650066,clay
95.0,16,14649.082134,clay
102.566625,11,14652.531826,clay
95.03,17,14656.322072,clay
83.204633,24,14662.198459,clay
75.067671,34,14667.841656,clay
97.7934,14,14671.859705,clay
103.078145,11,14676.743976,clay
96.520039,16,14681.173187,clay
106.05,10,14684.256809,clay
90.33,18,14689.125245,clay
108.93,7,14693.638367,clay
105.82,8,14697.542856,clay
71.641174,31,14701.934329,clay
91.96065,19,14706.039259,clay
90.646625,19,14709.578051,clay
105.57,9,14713.833466,clay
107.0,5,14716.665063,clay
108.73,7,14720.231123,clay
89.367325,20,14723.883093,clay
106.558127,10,14726.866786,clay
102.19,11,14730.260138,clay
100.098835,13,14733.587616,clay
93.526707,18,14738.434558,clay
83.84,21,14743.150793,clay
81.395217,24,14747.299027,clay
93.25,16,14750.770437,clay
97.621219,15,14754.135409,clay
108.93,7,14757.441095,clay
108.93,7,14761.509365,clay
108.93,7,14764.517606,clay
108.73,7,14768.651897,clay
81.42,23,14774.076141,clay
105.06,9,14777.010696,clay
98.761364,14,14781.564051,clay
95.44,16,14786.175751,clay
102.981528,13,14790.748495,clay
105.128145,11,14794.853178,clay
101.63,12,14799.527789,clay
100.673413,13,14803.42412,clay
87.171405,21,14807.464659,clay
108.218145,9,14810.62759,clay
76.843913,27,14815.263046,clay
110.24,6,14818.584257,clay
106.57,8,14822.560174,clay
107.08,8,14825.442088,clay
106.158145,9,14830.187523,clay
90.510927,15,14833.406858,clay
102.72,8,14837.245498,clay
92.636313,18,14842.628203,clay
92.62,18,14846.025842,clay
87.081097,19,14851.015181,clay
100.62,13,14854.42622,clay
104.95,10,14858.665916,clay
77.364113,28,14863.318104,clay
90.79,6,14867.66078,clay
109.58,7,14870.850983,clay
103.55,10,14873.659845,clay
106.38,8,14878.775584,clay
98.56,9,14882.032736,clay
107.0,5,14885.115251,clay
93.220601,18,14889.129474,clay
108.87,8,14892.278573,clay
102.98069,11,14896.863197,clay
77.468707,28,14901.060803,clay
92.64,16,14905.06831,clay
82.211539,21,14910.146538,clay
100.798835,13,14913.63348,clay
101.42069,12,14916.801169,clay
103.915433,9,14920.16693,clay
79.821163,27,14924.631117,clay
99.310039,10,14929.05905,clay
103.09,11,14932.142469,clay
108.93,7,14935.284894,clay
106.42,8,14938.510994,clay
100.29,12,14941.619721,clay
103.080205,12,14945.077663,clay
108.87,8,14948.31257,clay
102.67,13,14951.798034,clay
108.89,7,14954.618812,clay
103.35,10,14958.759217,clay
104.81,9,14961.980693,clay
106.158145,9,14965.108353,clay
102.487922,12,14969.243934,clay
105.537288,10,14972.412844,clay
102.315217,12,14975.268151,clay
68.867222,45,14979.949627,clay
95.140562,16,14983.419889,clay
105.685217,10,14986.665196,clay
103.14,11,14991.146189,clay
80.841489,21,14995.21686,clay
107.42,8,14998.539965,clay
106.62,8,15001.67915,clay
91.411097,6,15004.840889,clay
101.57,8,15007.97507,clay
90.65,15,15011.705893,clay
97.411219,15,15014.950649,clay
101.283442,11,15018.104589,clay
104.65,10,15021.333913,clay
80.06,24,15025.211745,clay
106.47,8,15028.167047,clay
98.5,10,15031.354933,clay
108.93,7,15034.512955,clay
104.31,9,15037.849362,clay
106.42,8,15041.681822,clay
93.81,4,15045.646519,clay
104.65,10,15048.76771,clay
106.16,9,15051.895591,clay
102.585809,14,15055.450699,clay
104.378145,11,15058.791999,clay
107.08,9,15062.01439,clay
101.28,12,15066.217024,clay
103.89,6,15070.119648,clay
106.62,8,15074.236202,clay
104.25,10,15077.899725,clay
98.466106,14,15082.680943,clay
100.0,10,15085.672648,clay
88.43409,20,15090.100391,clay
96.171489,13,15093.607033,clay
100.910205,10,15097.103552,clay
96.03,12,15101.411172,clay
104.590205,11,15104.587052,clay
96.776718,15,15109.578882,clay
103.508874,9,15113.736253,clay
104.485217,10,15117.817955,clay
105.298127,11,15122.416013,clay
94.146125,17,15126.763232,clay
106.8,5,15129.917479,clay
99.63,12,15134.356951,clay
104.25,10,15137.384687,clay
91.38,17,15141.69801,clay
95.26,15,15144.955759,clay
100.63,12,15149.316907,clay
87.000273,23,15154.148186,clay
105.128145,11,15158.67778,clay
97.679733,14,15162.19806,clay
110.24,6,15165.694116,clay
102.65,10,15169.375987,clay
97.466106,14,15173.082953,clay
102.934319,12,15177.591009,clay
96.88,12,15181.084661,clay
96.010562,13,15185.667408,clay
108.88,7,15188.550794,clay
105.29,6,15192.665983,clay
111.75,5,15196.620366,clay
85.861219,21,15200.4087,clay
99.611132,15,15204.221364,clay
103.14,11,15207.572938,clay
105.21,9,15211.949925,clay
101.99,11,15216.529223,clay
108.15,7,15220.666384,clay
97.31,15,15224.500583,clay
102.065217,12,15229.19873,clay
84.346718,22,15233.371327,clay
102.01,11,15236.55301,clay
100.86,9,15239.882745,clay
93.125256,17,15244.730919,clay
101.63,12,15249.174465,clay
98.245256,15,15252.703797,clay
99.058835,12,15255.957585,clay
95.560679,17,15259.770454,clay
88.94,16,15263.383426,clay
68.032051,46,15270.012369,clay
104.31,9,15273.228382,clay
108.07,8,15278.342347,clay
108.93,7,15281.641594,clay
103.3,10,15285.712164,clay
104.3,10,15289.948509,clay
89.28,7,15294.381793,clay
92.37,18,15298.229587,clay
93.87,18,15301.636216,clay
103.94,11,15306.431734,clay
94.425217,16,15311.2666,clay
103.2,10,15314.69976,clay
87.050927,21,15318.93481,clay
104.638145,10,15322.316879,clay
105.643442,10,15327.014094,clay
100.109102,10,15331.097451,clay
102.89,11,15335.30161,clay
103.47069,12,15339.230123,clay
99.475334,14,15343.549953,clay
104.49,6,15346.550936,clay
108.69,7,15349.677844,clay
108.68,7,15353.196876,clay
102.575217,12,15356.694384,clay
98.82,13,15360.029836,clay
97.281291,16,15363.829834,clay
108.43,7,15367.134931,clay
106.38,8,15370.63331,clay
105.911097,6,15373.601856,clay
95.451219,17,15378.242763,clay
99.52,13,15381.818032,clay
108.57,8,15385.333709,clay
100.13,12,15388.963822,clay
87.891362,21,15393.904536,clay
72.609761,33,15399.803017,clay
103.35,10,15403.753671,clay
108.93,7,15407.986302,clay
104.931097,9,15411.703879,clay
69.601539,28,15418.443521,clay
93.22,13,15423.252485,clay
72.502696,32,15427.989115,clay
92.720927,14,15431.776439,clay
70.422331,32,15438.055813,clay
102.253413,12,15442.722373,clay
108.93,7,15447.061433,clay
89.28,7,15450.277281,clay
