#{"t_start": 1780717463.1922045, "env_id": "None"}
r,l,t,target
86.365966,13,4.97825,log
16.489196,90,13.126379,log
-69.402984,100,22.276685,log
-46.037262,100,30.532531,clay
21.302804,53,35.801777,clay
20.923592,83,44.03851,clay
21.610093,30,48.259542,diamond_ore
49.87468,64,54.912633,diamond_ore
66.851539,22,59.19907,diamond_ore
11.78069,63,65.789967,log
-71.658216,100,75.33592,log
74.341219,22,78.615913,log
-44.432759,100,86.560902,diamond_ore
62.632315,33,91.353812,diamond_ore
-22.111482,100,101.205219,diamond_ore
87.090472,14,103.995766,clay
46.051907,76,110.987358,clay
-41.107821,100,119.344246,clay
49.556468,30,123.794653,clay
-49.494743,100,131.752655,
-44.963455,100,139.492202,clay
46.871313,67,145.74155,diamond_ore
-43.324888,100,154.388488,diamond_ore
-52.294005,100,162.871631,
60.442516,35,166.949542,log
-24.578933,100,175.545005,log
-51.847618,100,184.580277,log
-74.810882,100,192.396296,log
-48.987629,100,201.422276,
56.86275,28,205.527562,log
-40.401948,100,214.087744,clay
-22.642756,100,222.248456,clay
44.25065,30,226.370022,clay
53.326995,49,231.044284,clay
-49.923935,100,239.028158,clay
-72.121983,100,247.741893,clay
15.912809,56,253.228129,log
70.021418,32,257.737165,log
22.444742,96,265.408489,log
44.773847,59,271.156464,clay
-50.608842,100,279.882991,clay
-34.271286,100,288.264561,clay
94.181097,5,291.642381,diamond_ore
-49.730479,100,300.565559,diamond_ore
-47.715584,100,309.290035,
50.940532,31,314.155515,diamond_ore
61.92,18,317.76021,diamond_ore
84.823688,19,322.569068,diamond_ore
84.380604,24,326.389468,diamond_ore
79.817063,14,329.380661,diamond_ore
-45.463396,100,338.702023,diamond_ore
58.649568,29,342.883878,log
14.604245,90,350.266436,log
-51.462355,100,359.301077,log
8.79,73,365.294233,clay
-70.866015,100,374.040067,clay
-50.195713,100,381.82065,clay
-45.889611,100,389.763268,clay
-42.107973,100,399.517335,clay
66.992051,47,405.218982,clay
55.520216,35,409.516323,log
-47.555025,100,418.486223,log
-67.558323,100,426.598856,
16.506316,66,433.10679,clay
-48.941253,100,443.789304,clay
27.944907,41,448.938055,clay
51.65345,47,454.373888,diamond_ore
94.28,12,457.220626,diamond_ore
-43.616954,100,465.313818,diamond_ore
43.836452,45,470.352319,diamond_ore
-51.946901,100,479.390883,diamond_ore
44.283595,48,484.533476,diamond_ore
-40.936955,100,492.451118,log
-40.806936,100,501.111319,log
18.941394,43,505.842563,log
-38.050574,100,513.805377,log
66.20821,23,517.380272,log
-45.601223,100,524.942162,log
-46.855045,100,533.759231,diamond_ore
-50.889024,100,542.774104,diamond_ore
20.449714,69,549.056653,diamond_ore
57.019298,27,552.889116,clay
-50.917015,100,561.703401,clay
18.86563,43,565.955683,clay
18.905372,54,573.301929,diamond_ore
-71.18521,100,581.559696,diamond_ore
31.200039,33,586.77672,diamond_ore
60.072663,52,592.187888,diamond_ore
-45.063119,100,601.872356,diamond_ore
-40.984329,100,610.422756,diamond_ore
51.291426,50,615.806043,log
-39.18012,100,623.720716,log
76.51065,18,628.692036,log
-39.071482,100,636.862282,
-41.578634,100,646.455602,clay
-78.384035,100,654.281656,clay
51.56448,57,660.354259,clay
58.59907,30,664.691936,clay
56.274799,26,668.315489,clay
-38.91549,100,677.120399,log
-12.85114,100,685.290855,log
92.1,5,688.012428,log
55.062426,34,692.424685,diamond_ore
54.690053,53,698.313389,diamond_ore
-68.049473,100,706.166991,diamond_ore
7.084963,90,714.203754,log
-45.705968,100,723.700402,log
-17.79602,100,731.891371,log
-39.604332,100,740.262841,diamond_ore
35.418288,61,745.900591,diamond_ore
49.358819,83,752.99567,diamond_ore
-78.00331,100,761.397693,clay
-48.155828,100,770.343983,clay
-67.668288,100,778.450841,
61.891811,41,783.13813,log
16.214619,100,792.314527,log
-66.311236,100,800.47246,log
49.191691,33,804.516733,clay
28.29177,36,809.093401,clay
10.306838,84,817.652489,clay
-54.573488,100,825.83675,diamond_ore
-43.726305,100,834.468585,diamond_ore
48.267325,78,841.061865,diamond_ore
-71.454681,100,849.679481,log
95.07,4,852.069578,log
-47.815413,100,859.532104,log
45.429016,75,865.502284,log
93.230448,18,869.233089,log
-66.915416,100,877.872298,log
86.974214,18,881.737227,diamond_ore
-59.663508,100,890.244193,diamond_ore
-20.169549,100,898.808097,
-69.180924,100,906.731721,
-42.259023,100,915.808353,clay
-48.388451,100,923.725764,clay
-26.383684,100,932.133095,diamond_ore
-22.276057,100,940.311171,diamond_ore
-49.462019,100,949.126474,diamond_ore
-11.964233,100,956.944317,log
-43.949658,100,965.210688,log
-15.221676,100,974.765096,log
25.742063,53,982.151918,clay
14.498336,77,988.170214,clay
71.84018,24,992.851766,clay
39.849572,43,997.580344,log
-41.832155,100,1005.965211,log
29.50277,40,1010.843502,log
-9.305718,100,1019.36809,log
33.227349,67,1027.232675,log
44.722915,53,1032.527536,log
-18.921032,100,1040.7423,clay
55.820113,19,1044.4227,clay
-64.038507,100,1053.687658,clay
-74.749291,100,1062.43112,diamond_ore
-41.725798,100,1070.812272,diamond_ore
-38.757446,100,1079.430403,diamond_ore
38.604746,54,1084.898496,diamond_ore
22.233108,94,1092.259801,diamond_ore
92.877165,14,1095.602195,diamond_ore
32.111652,30,1099.741374,clay
-37.925437,100,1108.504405,clay
60.15365,36,1112.826094,clay
-68.104072,100,1121.423037,clay
-67.938428,100,1129.518575,clay
24.534988,40,1134.226274,clay
-61.294029,100,1142.148102,clay
57.463623,27,1145.751337,clay
-48.986622,100,1154.459898,clay
78.184089,25,1160.006015,diamond_ore
-47.091223,100,1169.456335,diamond_ore
15.288695,89,1177.732285,diamond_ore
-45.17226,100,1185.784541,
-43.135666,100,1193.844273,
-20.966293,100,1202.769262,log
93.280492,16,1207.057102,diamond_ore
78.243626,24,1211.157081,diamond_ore
9.569673,90,1220.387596,diamond_ore
60.553138,35,1226.212097,clay
-43.747118,100,1234.631851,clay
70.080081,24,1240.03115,clay
-22.333626,100,1247.396286,diamond_ore
99.88409,11,1250.198276,diamond_ore
21.960432,90,1258.346856,diamond_ore
47.375468,38,1263.055108,log
-43.222773,100,1272.163066,log
-70.524191,100,1279.888005,
-62.847731,100,1288.106878,log
76.82,19,1291.382274,log
85.601219,13,1294.6638,log
43.693926,55,1300.535201,clay
7.642504,91,1309.734258,clay
29.211956,84,1316.787281,clay
38.514887,61,1323.25914,log
88.530078,9,1326.433698,log
-70.678434,100,1335.368677,log
-39.515385,100,1345.097216,clay
-49.74124,100,1353.906548,clay
29.752814,36,1358.400478,clay
-51.782842,100,1367.457522,clay
53.268507,38,1373.066455,clay
-50.215558,100,1381.359556,clay
65.670966,40,1385.965439,log
31.927275,59,1392.114614,log
19.273452,71,1398.982813,log
-72.958111,100,1408.651254,diamond_ore
-41.608034,100,1417.091433,diamond_ore
14.285129,75,1425.556468,diamond_ore
58.014677,33,1429.818623,log
70.816568,22,1433.852633,log
59.311136,38,1439.035088,log
-31.912249,100,1447.02503,diamond_ore
35.006136,31,1451.448831,diamond_ore
61.499222,36,1456.157893,diamond_ore
87.520487,19,1459.928589,diamond_ore
-36.78473,100,1469.225297,
-19.276904,100,1478.496764,diamond_ore
-47.646452,100,1487.087517,
79.456458,16,1490.493326,log
59.306028,59,1496.502642,log
-38.316002,100,1505.543672,clay
-35.76085,100,1513.527657,clay
44.670541,91,1520.108701,clay
-42.662272,100,1529.165517,log
42.237209,43,1534.89744,log
24.987392,72,1541.015046,log
-32.909932,100,1549.244193,
28.768968,59,1554.91832,diamond_ore
-0.326333,86,1562.798012,diamond_ore
54.929686,31,1566.892428,clay
60.32575,32,1571.158175,clay
64.502159,25,1574.686105,clay
30.809922,29,1579.937745,diamond_ore
-64.625035,100,1587.750878,
63.511699,49,1592.844665,diamond_ore
-64.930088,100,1601.431577,diamond_ore
75.487982,23,1605.147939,diamond_ore
55.055033,30,1609.525304,diamond_ore
18.231128,42,1614.411015,clay
-66.217406,100,1622.764378,clay
36.75766,96,1631.146661,clay
-42.914754,100,1638.870264,log
74.961452,15,1642.021192,log
68.653925,38,1646.941832,log
-42.937877,100,1655.174326,diamond_ore
55.889231,64,1661.090201,diamond_ore
-57.657926,100,1669.225123,diamond_ore
52.869133,61,1674.743606,log
-35.70612,100,1683.413082,log
-41.858938,100,1692.778799,log
34.459864,57,1699.241254,diamond_ore
39.493386,31,1704.910201,diamond_ore
-10.863546,100,1713.165363,diamond_ore
51.547216,41,1718.322466,log
-40.707707,100,1727.56052,log
-42.664376,100,1736.082717,log
15.535988,65,1741.55253,clay
19.167131,68,1748.487299,clay
39.789626,59,1753.970506,clay
109.365966,7,1756.607586,diamond_ore
54.515865,37,1760.945077,diamond_ore
72.042021,18,1764.318536,diamond_ore
12.198207,80,1772.012788,log
53.577586,39,1778.191505,log
-23.611343,100,1785.991343,log
76.254817,26,1789.257906,clay
-72.780851,100,1796.894631,clay
-38.188595,100,1804.684291,clay
-45.983425,100,1813.911573,clay
82.947982,16,1817.161367,clay
21.977821,71,1826.03239,clay
-68.23009,100,1833.984807,log
75.16377,24,1837.977738,log
50.398907,58,1844.168397,log
55.109249,31,1849.62686,clay
-70.778782,100,1857.564487,clay
-37.436097,100,1866.316868,clay
-41.079066,100,1874.916582,log
60.967984,65,1881.653216,log
-6.818437,100,1890.61963,log
17.957974,57,1895.99553,diamond_ore
-38.925278,100,1904.688135,diamond_ore
-47.216089,100,1912.564997,diamond_ore
-36.008969,100,1921.555454,diamond_ore
28.881699,53,1926.668112,diamond_ore
-36.809179,100,1935.254777,diamond_ore
-43.055976,100,1945.378075,clay
-40.750519,100,1953.963611,clay
23.925349,95,1961.843446,clay
87.4,7,1964.946481,log
50.623442,27,1970.610842,log
-72.39388,100,1979.956328,log
54.866765,35,1984.49544,clay
-48.646811,100,1994.146314,
61.066106,26,1998.284115,clay
-40.610263,100,2006.696778,diamond_ore
72.490666,19,2010.383379,diamond_ore
63.035777,26,2015.030399,diamond_ore
46.763414,47,2019.697531,diamond_ore
87.767836,11,2023.258093,diamond_ore
-34.161218,100,2032.214025,diamond_ore
62.897777,43,2036.996341,log
43.651853,54,2042.091235,log
-43.606781,100,2050.157198,log
-74.103243,100,2058.092893,log
47.211889,68,2064.748072,log
27.977145,74,2071.229182,log
82.330492,10,2074.053396,clay
19.694502,61,2080.104531,clay
51.66739,53,2085.282675,clay
-36.845267,100,2093.710017,
53.790173,38,2098.145504,clay
-34.005797,100,2106.603284,clay
95.063442,15,2109.864972,diamond_ore
68.436948,26,2113.487809,diamond_ore
50.685946,25,2116.93051,diamond_ore
-38.241588,100,2124.859253,clay
78.783442,11,2128.149114,clay
17.218716,68,2134.95688,clay
75.35409,21,2140.215191,diamond_ore
-64.40636,100,2148.579909,diamond_ore
-22.918253,100,2156.762671,diamond_ore
-33.135567,100,2164.489592,log
71.127887,18,2167.990062,log
59.195964,25,2171.823601,log
67.906887,64,2178.335546,diamond_ore
-69.606504,100,2187.154462,diamond_ore
86.035047,17,2190.662379,diamond_ore
50.919484,52,2195.843366,log
51.487893,66,2202.436568,log
66.181776,19,2205.733138,log
-38.741812,100,2214.357749,diamond_ore
-41.879458,100,2222.664917,diamond_ore
-59.01867,100,2230.764316,diamond_ore
99.397922,13,2233.858836,log
-64.927253,100,2242.275239,log
65.614902,27,2247.248376,log
53.33586,23,2250.922064,clay
-60.603555,100,2258.778996,clay
54.650821,47,2264.202164,clay
-44.963553,100,2273.674429,log
83.043479,13,2276.91925,log
52.024949,58,2283.415471,log
21.875143,48,2288.781927,clay
-45.091839,100,2297.081766,clay
-33.965475,100,2305.993257,clay
20.259434,80,2313.447053,diamond_ore
39.685753,47,2317.817899,diamond_ore
26.971597,75,2324.139267,diamond_ore
-7.84,100,2332.506515,clay
55.725494,44,2337.430538,clay
89.753759,21,2341.255685,clay
-38.66007,100,2349.673067,diamond_ore
70.753523,39,2353.932275,diamond_ore
-64.438405,100,2362.434036,diamond_ore
-33.720772,100,2371.111087,diamond_ore
64.841869,44,2376.017217,diamond_ore
-63.288304,100,2385.117051,diamond_ore
-10.904143,100,2393.431215,diamond_ore
38.748914,84,2401.097253,diamond_ore
51.51459,53,2408.337845,diamond_ore
-39.328011,100,2417.981848,
-8.861476,100,2425.976062,log
-64.74348,100,2434.595698,log
-33.176097,100,2442.950941,log
-33.402704,100,2451.368362,log
29.540112,53,2457.017628,log
23.671123,57,2462.177155,clay
-44.286696,100,2469.906589,clay
71.98889,44,2474.797711,clay
-7.013546,100,2483.861861,log
63.597229,65,2490.603675,log
47.466674,60,2496.559645,log
-5.874454,100,2505.921589,clay
-46.814968,100,2514.315038,clay
-35.58957,100,2523.722793,clay
-53.699711,100,2532.228477,clay
90.11,4,2535.084933,clay
65.552301,27,2539.607388,clay
55.755199,84,2547.779855,diamond_ore
67.356684,37,2552.611272,diamond_ore
-7.262576,100,2561.487274,diamond_ore
87.053011,19,2565.228232,diamond_ore
42.345505,90,2574.968601,diamond_ore
-37.86814,100,2584.149281,diamond_ore
99.40545,13,2587.445013,log
22.482404,96,2595.90377,log
25.394699,58,2602.755953,log
57.029834,35,2607.125577,diamond_ore
-75.396453,100,2614.799718,diamond_ore
-61.223908,100,2623.358891,diamond_ore
72.683442,16,2626.705072,clay
19.759989,94,2635.684488,clay
-62.330892,100,2643.781493,clay
47.3632,92,2652.194724,clay
59.95228,19,2656.363918,clay
-47.847948,100,2665.556809,clay
-40.69894,100,2673.871346,log
-30.639136,100,2682.740611,log
35.178281,65,2689.128623,log
89.11536,21,2693.100557,log
-2.042933,76,2699.860716,log
45.500812,53,2705.855485,log
-43.261638,100,2713.932183,clay
66.145474,43,2718.937343,clay
50.526871,65,2725.353093,clay
-29.017401,100,2734.430469,log
78.867993,24,2738.339219,log
55.952328,45,2744.236167,log
77.18,18,2748.483172,diamond_ore
-6.986492,100,2757.396686,diamond_ore
57.64422,46,2762.564109,diamond_ore
-49.437326,100,2772.902153,clay
29.795648,54,2778.697556,clay
46.823496,85,2788.579915,clay
48.850981,92,2795.399903,log
86.364214,13,2798.333953,log
-30.344654,100,2806.96784,log
-59.249764,100,2815.031932,
-5.442941,100,2823.810588,log
26.247097,63,2830.448754,log
83.387045,16,2834.918741,clay
81.922909,13,2838.018617,clay
-37.366837,100,2846.584725,clay
28.347558,68,2852.814733,diamond_ore
31.758731,32,2856.941585,diamond_ore
75.130039,23,2861.074851,diamond_ore
52.555047,26,2864.917089,diamond_ore
53.460694,94,2872.828763,diamond_ore
63.304798,66,2879.042599,diamond_ore
-8.502782,98,2887.506313,clay
69.068473,23,2891.484505,clay
15.577862,83,2899.892336,clay
-42.473458,100,2908.414171,log
24.912791,75,2915.107509,log
69.762387,38,2919.394251,log
74.359476,21,2923.444251,log
63.441488,27,2927.635987,log
53.255091,44,2932.866347,log
-42.841604,100,2941.294042,diamond_ore
30.056497,71,2948.384906,diamond_ore
32.797989,80,2955.455481,diamond_ore
33.363582,72,2963.601954,clay
10.939099,77,2970.694322,clay
81.372994,8,2973.667342,clay
-8.182196,100,2981.513081,clay
-61.927497,100,2992.474534,clay
46.548557,34,2997.386561,clay
92.690492,5,3000.101465,log
-8.848116,100,3008.765525,log
-54.314763,100,3018.277223,log
101.441282,15,3021.28906,diamond_ore
-30.98998,100,3030.099031,diamond_ore
-66.805101,100,3038.519466,diamond_ore
23.276574,76,3046.068325,diamond_ore
61.78,27,3050.388255,diamond_ore
-18.946965,100,3059.189937,diamond_ore
95.07,4,3061.829935,clay
28.632352,96,3070.262069,clay
-49.602967,100,3078.286314,clay
69.517506,35,3082.952095,diamond_ore
31.757076,73,3089.69663,diamond_ore
93.81,4,3092.761567,diamond_ore
40.119051,64,3101.114148,log
9.749035,83,3109.147319,log
-42.498642,100,3117.096854,log
85.178473,20,3120.860203,clay
72.151526,48,3127.44893,clay
65.646843,25,3131.598392,clay
83.17,9,3136.003249,log
74.810927,21,3139.311164,log
58.052663,31,3143.658348,log
-7.379189,100,3152.988125,log
-5.782881,100,3161.500607,log
23.638793,51,3167.456315,log
95.200492,14,3170.594696,clay
81.476799,25,3174.545494,clay
-42.807684,100,3183.236562,clay
88.13,12,3186.738347,diamond_ore
-63.881341,100,3195.780444,
-70.660677,100,3203.927071,diamond_ore
103.76,9,3207.937247,clay
59.164453,73,3216.159348,clay
64.947985,19,3219.756114,clay
51.639155,51,3224.860199,diamond_ore
57.256629,31,3229.606375,diamond_ore
36.25525,36,3234.335098,diamond_ore
58.676619,58,3240.439764,clay
35.598829,40,3245.547457,clay
30.498608,74,3252.875424,clay
62.336024,48,3258.413683,clay
-13.740175,100,3266.351995,clay
-37.886581,100,3274.942637,clay
68.418874,34,3279.47415,log
73.862951,47,3285.072884,log
-39.089228,100,3294.591889,log
-36.978029,100,3303.250288,diamond_ore
47.136563,79,3311.465514,diamond_ore
88.91,11,3314.496072,diamond_ore
13.556657,67,3321.09777,clay
-10.736478,100,3329.342542,clay
81.079798,13,3333.057055,clay
-4.700766,64,3339.335601,diamond_ore
96.136125,13,3343.288417,diamond_ore
52.179857,67,3350.208482,diamond_ore
-23.482083,100,3359.101,log
73.083855,34,3363.597337,log
47.93145,69,3370.128504,log
-13.324481,100,3379.362344,diamond_ore
67.700508,60,3385.401382,diamond_ore
60.202944,35,3390.304713,diamond_ore
90.32018,13,3394.505318,log
16.66376,88,3402.701297,log
-40.337905,100,3411.383264,log
-35.680678,100,3420.538244,clay
-16.041193,100,3430.85727,clay
102.963622,11,3434.078163,clay
71.199114,51,3439.335687,diamond_ore
-26.033143,100,3448.309726,diamond_ore
58.149107,32,3453.61035,diamond_ore
81.761019,18,3457.711254,log
-23.390053,100,3465.295733,log
-4.435953,100,3474.036469,log
35.001933,62,3480.371575,log
-46.907279,100,3489.051517,log
67.803795,48,3495.012123,log
-35.537711,100,3503.919991,clay
56.260725,44,3509.249711,clay
49.806989,88,3518.535214,clay
14.642418,100,3526.967607,diamond_ore
47.660673,59,3533.454283,diamond_ore
80.445236,26,3537.770772,diamond_ore
54.058286,43,3542.827305,diamond_ore
-12.989626,100,3550.91007,diamond_ore
78.643185,10,3554.880344,diamond_ore
-13.447265,100,3563.849896,log
69.028852,47,3568.956284,log
87.59,7,3571.68718,log
91.804214,14,3575.465006,clay
-55.68721,100,3584.319142,clay
56.77136,44,3589.910367,clay
-61.776745,100,3598.439756,log
91.84,6,3601.19887,log
37.165817,53,3608.145844,log
-8.01907,95,3616.091595,diamond_ore
74.354214,15,3619.307775,diamond_ore
-41.423617,100,3628.497338,diamond_ore
38.65262,83,3635.885144,clay
-36.141222,100,3645.759986,clay
84.85,15,3649.394749,clay
55.591782,50,3654.711849,diamond_ore
-33.345436,100,3663.312617,diamond_ore
85.880472,17,3666.853985,diamond_ore
71.044276,22,3670.932175,clay
-20.56405,100,3679.234818,clay
-14.231504,100,3686.96915,
65.000783,43,3692.130498,log
63.623186,53,3698.382248,log
31.068244,96,3706.41633,log
-36.376869,100,3715.350022,diamond_ore
54.408529,99,3723.791433,diamond_ore
83.52,9,3727.009913,diamond_ore
-1.558248,100,3735.676086,clay
105.136559,9,3738.663131,clay
86.205045,20,3742.26954,clay
-25.167542,100,3750.861911,log
59.701873,34,3755.336774,log
74.996128,26,3759.418494,log
94.351078,16,3762.941455,clay
89.029937,19,3766.187558,clay
68.599141,31,3770.167181,clay
-41.327944,100,3777.884318,clay
51.745232,72,3785.833777,clay
37.551034,33,3791.143813,clay
105.72,8,3794.065677,diamond_ore
34.773427,36,3798.872129,diamond_ore
-56.864056,100,3807.619651,diamond_ore
57.297527,68,3814.201102,diamond_ore
54.924175,26,3818.433695,diamond_ore
57.22,30,3822.749845,diamond_ore
-49.209305,100,3831.414474,log
102.917515,13,3835.178292,log
99.496945,13,3838.463222,log
60.168769,32,3843.296422,log
87.371914,20,3846.742847,log
-31.169196,100,3854.666695,log
48.241405,29,3859.067442,log
54.652524,95,3868.604528,log
55.895386,88,3877.110766,log
61.679063,28,3880.600106,clay
87.58,7,3883.758762,clay
84.33,7,3887.343285,clay
-15.969646,100,3895.53333,diamond_ore
54.547549,46,3900.934932,diamond_ore
-33.448019,100,3909.071962,diamond_ore
78.555966,13,3912.493368,clay
52.66091,38,3917.236225,clay
39.273192,94,3926.117363,clay
73.340711,44,3931.114202,log
-10.12533,100,3939.417688,log
28.387754,93,3947.979404,log
-36.456597,100,3958.461205,diamond_ore
86.133626,10,3961.864374,diamond_ore
-47.549492,100,3970.2428,diamond_ore
102.486927,11,3973.297552,clay
96.686458,15,3977.052534,clay
66.824652,46,3982.061518,clay
-7.496596,100,3991.463836,
57.536715,42,3996.570485,log
80.42957,17,4000.449371,log
86.299408,14,4003.794163,diamond_ore
49.500964,58,4009.964817,diamond_ore
68.270688,31,4013.920694,diamond_ore
-41.581705,100,4022.214687,clay
-72.420718,100,4031.666317,clay
52.652681,69,4038.280272,clay
91.743635,18,4041.846937,log
109.765966,7,4045.747014,log
91.096458,7,4048.767152,log
57.394096,37,4053.331396,diamond_ore
49.729064,32,4058.017941,diamond_ore
-43.753377,100,4067.31833,diamond_ore
65.778692,30,4071.584687,clay
54.274201,83,4078.557852,clay
80.264165,24,4082.741159,clay
-55.033924,100,4091.358157,
62.432371,27,4096.505553,diamond_ore
41.140168,53,4102.713789,diamond_ore
-17.547989,100,4110.63254,clay
54.764972,62,4116.599138,clay
-4.744795,100,4125.318542,clay
-23.271811,100,4135.127561,log
88.120995,20,4138.739245,log
109.18,7,4141.559184,log
47.151619,34,4146.471126,log
91.378918,18,4151.50118,log
-6.679399,100,4159.943694,log
73.717673,24,4165.071221,diamond_ore
94.776458,5,4167.561073,diamond_ore
60.412466,48,4172.888104,diamond_ore
81.171781,18,4177.935178,diamond_ore
-33.576838,100,4186.710765,diamond_ore
74.760597,15,4189.972477,diamond_ore
82.695966,11,4192.929027,clay
54.361174,54,4199.218192,clay
-11.661926,100,4207.470785,clay
58.276845,57,4213.384526,log
-23.152093,100,4222.543551,log
35.275871,31,4226.936213,log
-62.550034,100,4235.515588,diamond_ore
-59.181831,100,4244.511657,diamond_ore
-21.218808,100,4253.515412,diamond_ore
36.57973,70,4260.000175,diamond_ore
59.254662,82,4267.07995,diamond_ore
26.426915,83,4275.0771,diamond_ore
28.80449,75,4282.095553,diamond_ore
72.652501,36,4286.585388,diamond_ore
61.586922,27,4290.454334,diamond_ore
45.106181,69,4297.144343,log
52.562702,86,4304.543035,log
-28.363807,100,4313.536241,log
1.893357,100,4322.445462,log
69.078003,35,4328.572474,log
66.075107,28,4332.893004,log
-62.16384,100,4342.183989,clay
2.708685,95,4351.886172,clay
-30.297568,100,4360.46278,clay
63.970046,31,4364.460347,log
-36.303453,100,4373.44254,log
33.927054,65,4379.699226,log
-10.839406,100,4389.461066,clay
58.412046,43,4394.869285,clay
95.37,14,4397.978945,clay
78.358515,13,4401.79239,clay
75.92,18,4405.954216,clay
70.929489,20,4409.530945,clay
72.059869,18,4413.405478,log
92.46,5,4415.853951,log
62.651053,97,4424.49678,log
-32.895016,100,4433.394963,clay
19.06731,90,4440.982238,clay
83.28,7,4444.002527,clay
81.379484,19,4448.046293,diamond_ore
67.19726,27,4452.752205,diamond_ore
72.711654,23,4456.65666,diamond_ore
-38.154895,100,4464.968128,diamond_ore
40.00915,86,4472.047549,diamond_ore
67.307928,34,4477.981063,diamond_ore
27.238698,86,4485.721556,diamond_ore
84.858206,20,4489.964913,diamond_ore
78.230608,20,4493.668049,diamond_ore
-29.735223,100,4503.150422,
104.134214,11,4507.861453,log
81.444926,12,4511.424361,log
3.744711,76,4519.335867,clay
68.092146,37,4524.056238,clay
66.385177,56,4530.028716,clay
-46.306983,100,4539.514703,log
-25.861432,100,4549.511568,log
-8.180325,100,4557.374206,log
66.696436,25,4561.312174,clay
56.420065,54,4567.55208,clay
-46.58445,100,4575.618113,clay
93.061914,10,4578.693451,log
87.411069,10,4583.307297,log
66.792515,27,4587.480243,log
63.585406,32,4591.832292,log
55.684914,29,4595.547142,log
53.39216,53,4601.485771,log
17.322166,76,4607.696744,log
40.173631,96,4616.783565,log
-28.692713,100,4625.476795,log
-34.95829,100,4635.005164,diamond_ore
68.72416,30,4639.234907,diamond_ore
60.867611,41,4644.175721,diamond_ore
64.313553,47,4649.589455,diamond_ore
69.810039,20,4654.212981,diamond_ore
81.633505,13,4657.2368,diamond_ore
44.346762,37,4662.139834,clay
41.541838,63,4668.445183,clay
-16.051931,100,4677.097449,clay
51.63434,41,4682.370635,clay
43.992146,73,4689.701784,clay
-63.903264,100,4699.886367,clay
-21.33141,100,4707.975199,diamond_ore
-25.176845,100,4715.983709,diamond_ore
64.442841,33,4720.655385,diamond_ore
59.724837,66,4727.53074,clay
-31.735051,100,4735.96064,clay
52.291765,44,4742.082542,clay
78.691484,22,4745.7,diamond_ore
63.542624,45,4750.360857,diamond_ore
-14.131829,100,4759.697086,diamond_ore
51.587261,40,4764.378202,log
71.095882,40,4769.755736,log
85.371097,10,4773.148593,log
49.712118,74,4780.118836,log
78.012006,17,4783.939311,log
-34.102436,100,4792.06863,log
64.846252,39,4796.980862,diamond_ore
-52.941111,100,4805.087506,diamond_ore
27.714747,79,4812.208946,diamond_ore
-61.847846,100,4821.07827,clay
93.36,5,4823.684444,clay
26.928938,48,4829.055337,clay
103.250492,10,4832.083339,clay
51.84691,82,4840.60332,clay
-17.904091,100,4849.371158,clay
65.547898,27,4852.91541,diamond_ore
51.893508,61,4860.059189,diamond_ore
27.695954,91,4867.798508,diamond_ore
62.348694,30,4872.035263,log
-33.256734,100,4879.840922,log
72.136857,70,4887.132434,log
93.671776,18,4891.508331,clay
64.286244,27,4896.15069,clay
95.194704,15,4899.538291,clay
92.399296,15,4903.89666,clay
30.543635,80,4911.155214,clay
83.310927,22,4916.251704,clay
-18.727107,100,4924.731691,clay
109.09018,9,4928.044741,clay
87.43,7,4931.233395,clay
27.763006,77,4939.293435,log
106.231097,9,4942.386087,log
84.415966,7,4946.981064,log
64.115351,42,4952.362679,diamond_ore
-61.2178,100,4961.498054,diamond_ore
73.018327,37,4966.790885,diamond_ore
35.928833,49,4972.991051,diamond_ore
53.273909,59,4979.050183,diamond_ore
66.99327,29,4984.234905,diamond_ore
-35.959897,100,4994.475014,log
-6.688532,100,5003.151251,log
61.866884,70,5009.996027,log
-0.094365,100,5018.524994,log
98.647656,14,5022.03332,log
76.892,22,5026.337575,log
31.915728,72,5033.516951,clay
-9.350146,100,5043.513701,clay
-12.452144,100,5052.425652,clay
64.686096,66,5058.9373,diamond_ore
98.937532,14,5063.125675,diamond_ore
59.512486,36,5067.93775,diamond_ore
67.893767,51,5073.734974,diamond_ore
65.71268,43,5078.636617,diamond_ore
-29.804688,100,5087.82539,diamond_ore
81.166668,18,5091.61967,log
80.966641,13,5095.062706,log
74.467552,36,5099.546146,log
63.320165,38,5104.520713,clay
18.513116,96,5113.898343,clay
94.73937,17,5117.435306,clay
34.552941,74,5125.569161,diamond_ore
-0.976605,100,5133.908298,
-56.316033,100,5142.513752,diamond_ore
41.59786,33,5146.89844,log
-6.384581,100,5155.947994,log
53.030192,78,5163.678155,log
67.577158,52,5169.949518,clay
71.400854,37,5174.705807,clay
105.100492,9,5177.966767,clay
93.580492,10,5181.74253,clay
12.21129,91,5190.316167,clay
73.460813,43,5195.646803,clay
63.52434,39,5200.715072,log
-1.747058,100,5209.660308,log
-31.030291,100,5219.183607,log
63.023976,31,5224.592222,diamond_ore
68.962244,52,5230.648288,diamond_ore
68.47349,59,5236.614158,diamond_ore
-16.200005,100,5244.950585,diamond_ore
2.209249,100,5253.235733,diamond_ore
-2.272547,100,5261.458591,diamond_ore
90.39,6,5264.490186,log
72.129019,60,5272.466817,log
64.947688,83,5281.437129,log
1.223998,100,5290.330285,diamond_ore
60.599379,54,5296.094978,diamond_ore
59.431386,71,5302.4833,diamond_ore
94.612626,17,5306.284423,diamond_ore
106.576625,10,5311.35731,diamond_ore
-14.438955,100,5319.216135,
62.693878,60,5325.939089,clay
53.214312,95,5333.722687,clay
59.418592,53,5340.561531,clay
53.146212,53,5346.440628,clay
-24.789202,100,5355.553359,clay
-15.047251,100,5363.978333,clay
90.15,7,5367.025086,log
8.352056,100,5377.019329,log
-5.53962,100,5385.915488,log
28.566467,66,5392.510872,clay
90.59,6,5395.669495,clay
91.25,6,5398.494449,clay
-31.253568,100,5408.267807,log
96.494706,9,5411.36772,log
-50.321734,100,5420.520223,log
31.053493,48,5425.774924,diamond_ore
78.557945,29,5431.698057,diamond_ore
4.161908,100,5441.523477,diamond_ore
90.310492,7,5444.741668,clay
67.472198,43,5449.7045,clay
-14.810868,100,5458.221495,
81.561394,23,5462.910773,log
66.51466,60,5469.415638,log
42.492964,77,5477.191655,log
93.62,4,5481.281835,clay
74.540585,27,5485.775502,clay
-6.786186,100,5494.542059,clay
101.995138,11,5499.083265,log
87.132522,16,5503.237435,log
68.378818,28,5507.576225,log
-19.471757,100,5515.764333,diamond_ore
66.723714,63,5522.623703,diamond_ore
76.08,13,5526.385476,diamond_ore
61.86373,59,5533.401948,clay
75.782356,31,5537.936581,clay
65.836147,30,5542.666234,clay
38.957213,40,5547.857474,log
59.882944,41,5552.749064,log
69.827849,24,5556.832875,log
8.52308,100,5565.905706,diamond_ore
69.989173,45,5571.028335,diamond_ore
-17.725094,100,5580.013061,diamond_ore
66.763058,69,5586.603715,diamond_ore
70.749733,17,5590.818767,diamond_ore
90.731878,20,5594.583659,diamond_ore
60.026287,44,5601.107211,diamond_ore
58.024713,39,5606.013556,diamond_ore
71.633977,45,5611.606889,diamond_ore
-54.232931,100,5621.21503,clay
90.1,7,5624.705079,clay
78.202046,26,5628.872998,clay
89.660492,7,5632.25601,clay
-9.776457,100,5640.837098,clay
-66.506586,100,5649.063944,
34.081309,77,5656.397294,diamond_ore
43.589091,71,5663.675653,diamond_ore
70.29937,51,5669.231196,diamond_ore
66.343081,60,5675.345163,clay
-4.24766,100,5685.283597,clay
53.709069,63,5693.124545,clay
65.290957,50,5698.970755,log
87.900492,8,5702.203424,log
85.162994,10,5706.321254,log
88.02,4,5709.398543,log
82.379629,20,5713.364509,log
91.307655,17,5717.762568,log
57.661022,75,5724.308149,log
-8.760051,100,5733.00754,log
-7.068555,100,5742.055797,log
61.558408,54,5748.324594,clay
43.016793,51,5753.813908,clay
85.201499,15,5757.896621,clay
86.799133,22,5761.89661,log
73.370989,29,5767.774287,log
88.313442,9,5771.154312,log
73.358619,25,5775.1583,diamond_ore
22.470673,71,5783.130493,diamond_ore
101.364706,13,5787.122089,diamond_ore
-8.342375,100,5796.589231,clay
47.009223,87,5804.005392,clay
74.143782,43,5810.123983,clay
62.37058,34,5814.462347,log
73.625676,55,5820.479292,log
67.003188,36,5826.648954,log
6.386387,100,5835.513871,diamond_ore
1.084201,100,5843.672843,diamond_ore
64.511095,45,5850.141329,diamond_ore
38.896107,51,5855.30115,clay
88.385966,5,5858.422765,clay
93.62,4,5861.265224,clay
45.408608,46,5867.428738,diamond_ore
91.807844,19,5872.299214,diamond_ore
70.937954,25,5876.701053,diamond_ore
45.534638,33,5881.038621,log
90.265966,7,5885.384736,log
101.7,11,5888.74123,log
51.512256,40,5894.640175,diamond_ore
78.495803,14,5899.302339,diamond_ore
68.506182,45,5904.209295,diamond_ore
65.069583,56,5910.222605,log
86.750286,24,5914.594702,log
3.355895,100,5923.150172,log
66.942106,28,5927.606619,clay
65.254432,54,5933.385146,clay
25.189596,64,5941.176261,clay
-68.740444,100,5949.146304,log
88.067414,21,5953.61467,log
-3.7114,100,5961.921882,log
107.805966,8,5966.607257,diamond_ore
70.024141,83,5973.979836,diamond_ore
84.647985,10,5977.089402,diamond_ore
97.374171,18,5980.857505,clay
41.197084,41,5986.710921,clay
91.817219,18,5990.468635,clay
55.565206,59,5997.884721,log
69.040368,43,6003.049479,log
95.865632,17,6008.3724,log
70.354109,92,6018.443308,diamond_ore
70.527379,32,6024.049464,diamond_ore
61.343225,57,6030.481461,diamond_ore
-18.559507,100,6039.037547,clay
63.961832,37,6045.737952,clay
-33.187019,100,6053.82877,
88.43,7,6057.506613,log
91.7395,12,6062.151458,log
67.210793,80,6070.407299,log
68.854541,49,6076.229156,diamond_ore
-1.762141,100,6084.979764,diamond_ore
74.85957,15,6088.198564,diamond_ore
67.346444,60,6094.340825,clay
57.222709,71,6100.843767,clay
55.828599,69,6108.181983,clay
39.94747,51,6113.98505,clay
68.873697,63,6120.734037,clay
72.151097,17,6124.946226,clay
47.034486,92,6134.207189,log
84.710248,22,6137.598402,log
82.066022,12,6142.941569,log
58.194652,50,6148.923423,clay
-33.827147,100,6157.832356,clay
99.204941,14,6162.365432,clay
69.671961,36,6167.099398,diamond_ore
81.812021,12,6170.973997,diamond_ore
74.599483,46,6177.951169,diamond_ore
67.295506,51,6184.027789,diamond_ore
-0.127731,100,6194.804518,diamond_ore
2.277814,100,6202.707284,diamond_ore
-10.465203,100,6211.843622,log
88.061588,9,6215.499023,log
82.575477,13,6219.024313,log
50.482215,75,6227.328912,diamond_ore
56.195047,36,6231.724944,diamond_ore
-47.555034,100,6240.499845,diamond_ore
-35.432352,100,6250.312231,clay
87.819853,22,6254.22497,clay
-36.260681,100,6263.638895,clay
75.070132,17,6267.624482,log
-32.091824,100,6275.799056,log
-15.796901,100,6283.789362,log
-36.162077,100,6292.972743,log
61.771855,75,6300.824183,log
82.648241,19,6304.936144,log
72.664925,41,6309.968244,diamond_ore
71.115359,35,6314.831485,diamond_ore
89.48,7,6317.907998,diamond_ore
51.744965,60,6324.422452,clay
83.265422,23,6328.33797,clay
73.683528,36,6333.114967,clay
71.539733,28,6337.696265,log
93.694214,15,6341.27144,log
-24.098756,100,6349.481375,log
-34.315699,100,6358.356932,clay
61.569592,68,6366.364747,clay
61.096235,59,6372.130903,clay
89.984582,8,6375.617953,diamond_ore
66.287148,40,6381.174615,diamond_ore
79.509342,20,6385.988432,diamond_ore
59.100562,34,6390.72079,log
84.510492,7,6395.977434,log
76.744293,23,6400.123619,log
-0.585097,100,6409.661247,clay
80.549898,10,6412.891433,clay
105.037063,7,6416.932029,clay
62.864967,57,6422.740319,log
71.792143,47,6428.474199,log
69.542851,31,6433.462229,log
1.436777,100,6444.669669,diamond_ore
74.558298,46,6449.603076,diamond_ore
77.321576,40,6455.187091,diamond_ore
69.765154,35,6460.225573,log
-10.002872,100,6470.062501,log
100.0895,15,6473.110379,log
67.44863,36,6477.714884,clay
82.772172,20,6481.674577,clay
70.804809,52,6487.191458,clay
68.556357,60,6493.37158,diamond_ore
74.954654,31,6500.125046,diamond_ore
51.364173,49,6505.536452,diamond_ore
75.60516,17,6509.40836,diamond_ore
-4.511612,100,6518.071994,diamond_ore
60.137996,24,6521.825422,diamond_ore
72.396712,43,6526.77167,clay
90.176736,20,6531.001866,clay
-30.213234,100,6539.132355,clay
75.264011,29,6545.140247,clay
68.773172,50,6550.274135,clay
57.294268,75,6557.931305,clay
93.977288,16,6561.808717,log
59.773509,47,6567.206339,log
86.865514,24,6572.626704,log
98.978079,16,6576.122458,diamond_ore
79.22,8,6580.045582,diamond_ore
6.367244,100,6589.784623,diamond_ore
82.575966,16,6595.381584,diamond_ore
2.91328,100,6603.026504,diamond_ore
79.701042,21,6606.822975,diamond_ore
63.516593,35,6611.521851,diamond_ore
73.309571,53,6617.770785,diamond_ore
66.317726,62,6624.950478,diamond_ore
-10.644664,100,6633.652747,clay
5.193673,100,6642.878486,
-7.355211,100,6650.927667,clay
88.872602,22,6655.789503,clay
109.33,7,6658.49327,clay
67.62066,54,6664.050212,clay
67.86707,49,6669.464658,log
93.674576,19,6673.23046,log
99.87,14,6676.084527,log
81.171702,13,6679.390094,log
87.58,7,6683.192341,log
74.373258,23,6686.596329,log
42.93659,75,6695.901498,clay
64.357892,70,6701.976943,clay
85.9895,20,6706.113656,clay
58.322221,24,6709.893176,log
62.262784,32,6714.497242,log
74.454871,35,6719.306468,log
63.271241,73,6727.593451,log
78.052766,15,6731.030506,log
1.204636,100,6739.148631,log
67.584198,89,6748.118633,clay
73.584482,33,6751.953112,clay
-34.011724,100,6760.7054,clay
42.163921,78,6768.500423,clay
109.255966,8,6771.508405,clay
97.42,13,6775.888326,clay
70.395566,61,6781.997158,diamond_ore
101.71,11,6784.804755,diamond_ore
93.55,5,6787.620291,diamond_ore
78.692841,19,6792.656223,diamond_ore
85.877063,17,6796.042403,diamond_ore
97.440472,9,6799.26562,diamond_ore
-25.050153,100,6807.513962,
80.011221,26,6812.482628,diamond_ore
-25.895346,100,6821.250235,diamond_ore
91.140492,6,6824.175452,log
92.1,5,6827.08985,log
70.132556,58,6832.935686,log
36.555108,28,6836.936977,log
64.931533,62,6843.826902,log
106.030764,11,6846.73929,log
62.637504,44,6851.925772,log
91.825966,6,6854.505787,log
86.360492,8,6857.968622,log
74.887805,53,6864.491405,diamond_ore
63.871074,93,6872.061781,diamond_ore
-0.650096,100,6880.698215,diamond_ore
90.951097,7,6883.749554,log
63.07369,65,6889.851375,log
64.540891,78,6895.86851,log
88.23,7,6898.664201,clay
85.46,14,6902.247877,clay
90.746458,7,6906.185432,clay
64.250234,32,6910.552967,diamond_ore
75.711823,35,6915.080555,diamond_ore
100.637602,15,6918.579233,diamond_ore
79.011097,13,6922.183328,clay
98.043416,15,6925.126635,clay
65.363734,65,6931.159989,clay
64.770324,81,6938.355268,diamond_ore
57.185605,90,6947.062821,diamond_ore
89.893201,8,6950.293954,diamond_ore
66.024741,73,6957.801036,clay
-7.915563,100,6965.982962,clay
-13.392487,100,6974.474771,
60.377212,39,6979.644707,diamond_ore
72.998315,37,6984.525392,diamond_ore
-0.324607,100,6994.108012,diamond_ore
72.72004,45,6999.376051,diamond_ore
72.987476,29,7004.826828,diamond_ore
65.345495,23,7008.760223,diamond_ore
64.587935,29,7013.144835,log
7.185739,100,7022.298059,log
83.086625,15,7026.375395,log
51.462803,65,7033.323505,clay
92.1,5,7036.176986,clay
101.393932,12,7039.834244,clay
91.453133,12,7043.184206,clay
88.510938,23,7046.834762,clay
88.502426,9,7049.753067,clay
76.431231,81,7056.763722,diamond_ore
84.720774,16,7059.744548,diamond_ore
74.203044,34,7064.250529,diamond_ore
91.892554,14,7068.017587,log
70.924911,61,7074.15219,log
104.12,10,7077.994052,log
72.908399,50,7083.284364,log
-5.328427,100,7091.930743,log
70.413557,37,7097.57292,log
86.595966,9,7100.490506,clay
76.352459,36,7105.179235,clay
-29.325962,100,7113.737062,clay
-9.972179,100,7122.270872,clay
88.66,4,7125.402819,clay
64.365464,47,7131.493352,clay
93.867453,15,7135.258846,diamond_ore
61.62232,41,7140.290368,diamond_ore
59.112616,41,7144.957635,diamond_ore
66.480934,46,7150.30071,clay
-4.408294,100,7159.017296,clay
-12.908966,100,7167.552914,
101.074658,14,7171.425463,log
88.135981,21,7174.956547,log
6.742831,100,7184.603904,log
67.708397,53,7190.347328,log
98.631219,14,7193.933529,log
3.733551,100,7201.752269,log
73.717308,54,7206.504922,diamond_ore
75.808227,34,7211.191758,diamond_ore
-0.609255,100,7219.027193,diamond_ore
4.460109,100,7228.241371,diamond_ore
94.236086,18,7231.641364,diamond_ore
69.916693,68,7239.671037,diamond_ore
64.279703,59,7244.897944,clay
83.044926,12,7248.045262,clay
55.621341,44,7253.39122,clay
79.08,13,7256.755054,log
59.906293,63,7262.988443,log
63.307581,35,7267.517411,log
35.206027,42,7272.894707,log
96.330297,19,7276.914161,log
40.933336,91,7284.692404,log
93.55,5,7287.639199,clay
61.2594,35,7292.33911,clay
66.679534,57,7297.821326,clay
80.376014,14,7302.070926,log
81.638487,20,7305.853464,log
98.736401,15,7308.989882,log
-36.61886,100,7317.375739,clay
93.340492,5,7320.021973,clay
87.58,7,7324.296981,clay
-5.823862,100,7332.268849,log
84.246922,13,7336.537707,log
105.02,9,7339.999684,log
-31.367617,100,7348.437933,
105.102005,12,7351.872692,clay
73.922478,29,7356.904091,clay
25.775163,95,7365.059591,diamond_ore
0.430897,100,7373.483554,diamond_ore
61.351332,27,7378.233016,diamond_ore
1.208073,100,7386.925377,diamond_ore
68.45598,68,7393.094387,diamond_ore
74.931221,29,7397.435373,diamond_ore
63.310381,39,7402.400312,diamond_ore
-15.037225,100,7410.626406,diamond_ore
76.087239,42,7418.761294,diamond_ore
89.315966,7,7422.120446,clay
68.77317,71,7428.902171,clay
-10.109181,100,7437.59332,clay
-22.525125,100,7446.349622,diamond_ore
36.44148,82,7453.56208,diamond_ore
61.615739,31,7458.331099,diamond_ore
91.84,6,7461.241811,log
93.345966,5,7464.316062,log
89.15,6,7467.0379,log
83.93,7,7471.409122,log
33.741824,71,7478.151046,log
80.556866,28,7482.619015,log
1.108261,100,7490.965434,
89.864358,9,7494.059276,diamond_ore
82.338642,26,7498.223501,diamond_ore
103.055809,13,7502.942253,diamond_ore
83.984807,21,7506.764654,diamond_ore
82.710608,24,7510.882624,diamond_ore
37.709071,34,7515.576662,clay
75.685478,43,7521.887559,clay
90.39,6,7524.61154,clay
72.349878,47,7530.275558,log
63.916215,35,7536.47441,log
87.825031,9,7541.036701,log
57.277226,80,7548.512209,clay
67.294753,49,7555.367653,clay
67.351339,77,7562.822741,clay
73.92299,59,7568.775264,log
-15.807845,100,7577.175189,log
54.737771,56,7583.317931,log
88.81918,16,7586.971712,log
-0.29561,100,7595.655129,log
6.895652,100,7603.975442,log
49.997091,80,7611.682086,clay
78.932933,21,7616.195574,clay
85.489605,24,7620.648482,clay
94.830535,18,7625.29701,clay
68.798474,40,7630.373087,clay
69.027765,43,7635.861075,clay
71.455453,37,7642.11716,diamond_ore
94.9,15,7646.382211,diamond_ore
93.51,5,7648.887035,diamond_ore
58.578787,85,7656.165973,log
103.76,10,7659.433428,log
108.155966,8,7662.997157,log
93.986085,17,7666.603752,clay
70.147842,42,7671.783279,clay
62.335561,83,7680.428627,clay
90.04,18,7684.517066,diamond_ore
63.184663,47,7690.029108,diamond_ore
61.931625,54,7695.756229,diamond_ore
71.815758,55,7701.601148,diamond_ore
84.009664,24,7706.462408,diamond_ore
91.348134,18,7710.117054,diamond_ore
58.154412,50,7715.57238,log
4.696592,100,7723.609294,log
66.89751,91,7730.667264,log
70.298797,49,7736.243099,log
88.847216,23,7741.50007,log
2.452688,100,7750.156198,log
62.129369,82,7757.037157,clay
87.711097,6,7759.941149,clay
72.713987,48,7766.044893,clay
73.009042,31,7770.161205,clay
67.71063,56,7775.577276,clay
-3.865954,100,7783.504743,clay
63.585474,39,7787.948258,log
72.593354,36,7792.350538,log
91.596458,7,7795.327912,log
72.860967,51,7801.890237,diamond_ore
-12.288365,100,7810.238476,diamond_ore
58.161565,91,7819.086399,diamond_ore
73.773621,44,7823.600706,diamond_ore
101.234356,13,7826.82631,diamond_ore
33.292742,70,7832.879606,diamond_ore
61.788106,32,7836.858605,diamond_ore
90.11,4,7839.458219,diamond_ore
91.825966,6,7842.326114,diamond_ore
55.699092,76,7850.91574,clay
73.50866,51,7855.992473,clay
104.936452,10,7859.1481,clay
71.44254,44,7864.376343,clay
102.53788,11,7867.730433,clay
71.276079,29,7872.130814,clay
93.34117,19,7875.638507,clay
89.627656,18,7879.403348,clay
100.128835,15,7882.974801,clay
73.570877,63,7891.064276,log
73.23318,32,7895.207534,log
78.672664,32,7899.756026,log
77.889829,40,7906.135561,log
89.531588,8,7909.117534,log
93.55,5,7911.927501,log
83.271192,17,7915.100656,clay
64.763002,45,7919.889701,clay
70.011567,41,7924.73039,clay
77.945995,25,7928.185487,diamond_ore
89.172006,21,7933.378738,diamond_ore
68.369953,29,7937.922782,diamond_ore
62.450458,87,7945.38847,log
-27.252925,100,7953.245477,log
82.335081,26,7957.552084,log
75.945955,28,7961.567427,diamond_ore
0.726168,100,7969.99025,
-12.192844,100,7978.323421,diamond_ore
62.841183,92,7986.124631,diamond_ore
75.091741,61,7992.853931,diamond_ore
65.172174,69,7999.576468,diamond_ore
59.984658,56,8005.548637,diamond_ore
77.946388,56,8011.543363,diamond_ore
66.219165,44,8016.904256,diamond_ore
83.04,23,8021.00594,log
104.196106,11,8024.090408,log
100.296125,13,8027.649542,log
74.044492,22,8031.391349,clay
82.12,23,8035.328414,clay
72.596122,64,8043.154354,clay
89.48,7,8045.785362,clay
88.070234,22,8049.935488,clay
84.268554,24,8054.71451,clay
55.428424,58,8061.537354,diamond_ore
9.588852,100,8069.851668,diamond_ore
90.68,17,8073.765561,diamond_ore
96.581914,14,8078.395361,diamond_ore
108.123913,9,8081.344125,diamond_ore
92.08126,20,8085.42118,diamond_ore
71.415196,47,8090.294922,clay
70.745911,46,8097.037451,clay
86.019908,24,8102.089291,clay
102.186128,12,8105.383723,log
58.746859,44,8110.85936,log
5.858901,100,8121.384177,log
8.692256,100,8131.353351,log
102.64,11,8134.593061,log
76.753644,30,8138.470475,log
75.503947,57,8144.200608,log
64.740833,29,8149.812755,log
90.159919,16,8153.553336,log
87.121636,23,8156.920471,clay
-6.089295,100,8166.984648,clay
90.720039,19,8170.377759,clay
64.239896,75,8178.038718,clay
106.446458,7,8180.811617,clay
97.942331,16,8184.055087,clay
101.228127,13,8187.7048,diamond_ore
98.527627,14,8192.603242,diamond_ore
92.724785,20,8196.444543,diamond_ore
102.210492,12,8199.6611,diamond_ore
65.36197,47,8204.434173,diamond_ore
2.161681,100,8213.260082,diamond_ore
70.145382,49,8219.489331,diamond_ore
69.003023,78,8226.421111,diamond_ore
58.963393,58,8232.205145,diamond_ore
87.36428,19,8236.13428,log
59.612111,44,8241.748711,log
60.580537,36,8247.528358,log
98.811499,13,8250.969619,clay
69.380329,61,8257.462713,clay
68.186453,62,8263.758047,clay
85.34069,21,8267.700091,log
78.232014,55,8274.404863,log
67.593841,71,8281.354843,log
65.315861,16,8284.597332,clay
76.26938,27,8288.711613,clay
69.176719,64,8295.533796,clay
7.389411,100,8302.520318,log
109.960492,7,8306.034002,log
80.06,25,8310.002084,log
6.943631,100,8318.744155,
88.733847,8,8321.530123,diamond_ore
75.374161,16,8324.949378,diamond_ore
94.474214,12,8328.328629,diamond_ore
77.44376,30,8332.778416,diamond_ore
97.97,13,8335.834463,diamond_ore
96.911698,15,8339.315095,log
76.474066,32,8343.573147,log
0.819039,100,8352.070526,log
104.878618,11,8355.456572,log
78.564852,46,8360.834582,log
74.586496,70,8366.732789,log
101.239141,13,8370.726429,diamond_ore
6.097725,100,8379.097228,diamond_ore
77.444865,39,8383.780155,diamond_ore
87.504449,14,8387.12658,clay
-44.139427,100,8395.477392,clay
91.84,6,8398.424139,clay
96.06,14,8401.988842,clay
66.478998,59,8408.045888,clay
100.061528,15,8411.700572,clay
73.202669,30,8416.136958,log
77.555966,20,8419.813195,log
105.185217,10,8422.961972,log
85.340923,24,8428.322466,clay
72.854466,99,8436.537697,clay
96.533772,16,8440.362346,clay
11.854116,100,8450.155272,diamond_ore
90.70327,22,8455.79623,diamond_ore
85.44,6,8459.013603,diamond_ore
4.990548,100,8466.967304,clay
70.069414,40,8472.181086,clay
70.433157,36,8477.054009,clay
97.150205,15,8481.833344,log
63.654272,57,8487.88274,log
73.480427,41,8493.607635,log
73.277822,29,8497.636999,clay
93.36,5,8501.745316,clay
93.36,5,8504.345617,clay
86.063956,22,8509.892173,diamond_ore
68.764343,79,8517.984414,diamond_ore
74.841854,71,8524.82593,diamond_ore
104.023913,10,8529.553298,diamond_ore
66.501289,46,8534.79224,diamond_ore
46.577229,94,8543.876855,diamond_ore
73.829725,38,8548.750841,log
-4.062882,100,8557.442065,log
99.202602,16,8561.370587,log
66.247706,72,8567.702937,clay
59.743944,54,8573.874481,clay
67.728163,51,8580.401886,clay
90.43,7,8584.4984,diamond_ore
-6.695295,100,8593.386312,diamond_ore
60.965443,89,8601.056286,diamond_ore
76.52039,58,8606.842345,diamond_ore
57.308467,98,8616.047671,diamond_ore
76.756157,29,8620.496432,diamond_ore
66.218682,68,8628.208444,clay
66.737821,80,8635.761524,clay
96.779898,12,8638.929657,clay
75.537567,42,8645.072838,log
96.356125,16,8648.926194,log
61.82107,30,8653.995767,log
5.320335,100,8662.345475,log
-3.207337,100,8670.873373,
64.075491,29,8674.928811,log
85.41,9,8678.098348,clay
74.509037,34,8682.348233,clay
78.985217,25,8688.073229,clay
65.79747,60,8695.87252,diamond_ore
42.221708,52,8701.757113,diamond_ore
65.695467,58,8708.081353,diamond_ore
60.421777,87,8715.42171,log
90.59,6,8718.782716,log
101.369204,13,8722.293592,log
57.054819,81,8729.7843,diamond_ore
92.3,5,8732.707822,diamond_ore
63.347838,42,8737.963456,diamond_ore
57.175392,54,8744.214106,clay
86.697985,19,8748.283065,clay
89.93,7,8751.416808,clay
9.024628,100,8760.723837,log
73.920171,50,8766.24365,log
71.116242,44,8772.614765,log
86.031097,11,8776.024613,diamond_ore
4.852539,100,8784.231651,
72.298451,67,8792.069748,diamond_ore
106.06,9,8795.446653,log
83.08,7,8800.016529,log
108.23,8,8803.123475,log
82.077685,25,8808.780638,log
92.856475,15,8812.163713,log
69.889874,35,8817.070293,log
82.412893,24,8822.841493,clay
69.26075,36,8827.702915,clay
68.930476,45,8833.644713,clay
74.10533,51,8839.35987,clay
103.501528,13,8842.871674,clay
99.823442,13,8846.405927,clay
66.699525,58,8852.546143,diamond_ore
88.03,8,8855.503774,diamond_ore
63.36895,95,8863.718522,diamond_ore
-2.271111,100,8872.132214,clay
76.460236,26,8876.587454,clay
68.171008,30,8882.747679,clay
72.711766,37,8887.542892,clay
83.776473,18,8892.529435,clay
-29.988271,100,8901.434435,clay
55.413068,73,8907.592026,diamond_ore
63.010909,40,8913.896303,diamond_ore
73.676317,41,8918.352752,diamond_ore
75.930908,34,8922.984575,log
88.967982,19,8926.706605,log
54.799121,70,8933.554637,log
9.424078,100,8943.629886,log
43.94191,81,8950.698825,log
74.856968,39,8956.702047,log
74.230478,52,8962.423437,log
16.100032,100,8972.010519,log
93.727199,18,8975.522286,log
75.278821,21,8979.708506,clay
92.1,5,8982.554585,clay
93.51,5,8986.2884,clay
75.589337,29,8990.563726,diamond_ore
86.186559,9,8993.595582,diamond_ore
8.784868,100,9002.64634,diamond_ore
90.528473,7,9005.834333,diamond_ore
102.018374,13,9009.525159,diamond_ore
75.791437,30,9014.10435,diamond_ore
69.355265,67,9020.583487,log
6.672003,100,9029.349214,log
106.933913,9,9032.381601,log
97.068065,15,9035.557884,log
81.108836,28,9040.25104,log
67.683921,54,9046.289444,log
63.556357,30,9051.035871,diamond_ore
103.642297,13,9054.235041,diamond_ore
90.012696,17,9057.552987,diamond_ore
72.660988,32,9062.579714,log
95.07,4,9065.122797,log
59.89,56,9071.052515,log
-5.752795,100,9079.086955,clay
69.21063,26,9083.71331,clay
99.692972,16,9087.313868,clay
74.229307,18,9091.079256,clay
66.325265,80,9098.854058,clay
65.852568,43,9104.178913,clay
93.5,5,9107.693122,diamond_ore
61.02,24,9111.326316,diamond_ore
52.28,37,9116.032728,diamond_ore
79.44,18,9120.698094,clay
91.696458,7,9124.549067,clay
90.270492,7,9127.469662,clay
93.030472,10,9130.747644,diamond_ore
74.122584,36,9135.257812,diamond_ore
59.756585,66,9141.576056,diamond_ore
93.55,5,9144.651251,log
104.912994,11,9147.925825,log
50.753913,43,9153.127708,log
95.849648,17,9157.653294,log
70.671008,55,9163.696226,log
74.514855,30,9167.766249,log
73.246769,32,9172.61141,diamond_ore
60.717416,62,9179.518169,diamond_ore
59.345255,58,9185.699939,diamond_ore
88.188617,10,9189.555642,clay
68.105524,92,9197.233063,clay
67.864236,37,9203.718906,clay
82.148299,26,9208.218324,clay
88.640241,16,9212.632791,clay
93.62,4,9215.244591,clay
101.33,12,9219.429014,diamond_ore
70.09965,68,9225.740793,diamond_ore
100.29,11,9229.933352,diamond_ore
69.030695,56,9235.833585,clay
-13.861304,100,9246.126647,clay
83.544358,12,9249.430586,clay
104.46,9,9252.890884,log
108.54,7,9256.329363,log
77.811097,26,9260.937271,log
71.899251,29,9265.997764,diamond_ore
3.49525,100,9275.324187,diamond_ore
109.258312,9,9278.180441,diamond_ore
88.549989,19,9281.888034,log
83.828722,25,9285.909151,log
90.1,20,9289.621875,log
73.952972,34,9294.675781,clay
69.472134,48,9300.679164,clay
77.179901,34,9305.540166,clay
109.930492,7,9308.390752,diamond_ore
70.746145,33,9314.095685,diamond_ore
60.769319,70,9320.840553,diamond_ore
63.461452,31,9326.318077,diamond_ore
83.01,9,9329.673641,diamond_ore
108.007655,9,9333.158299,diamond_ore
51.66355,24,9337.540419,log
67.771785,67,9343.769324,log
85.8,20,9347.69758,log
108.121569,10,9351.409239,clay
54.598708,35,9356.03164,clay
92.87,5,9359.061705,clay
68.247142,38,9365.974212,log
76.415439,27,9371.555387,log
81.329567,28,9376.282378,log
55.789832,98,9384.422459,diamond_ore
106.72,8,9387.823651,diamond_ore
77.869733,20,9392.013446,diamond_ore
89.338835,20,9395.813502,clay
83.322916,25,9400.258803,clay
85.126625,10,9403.498909,clay
8.594774,100,9411.910953,clay
74.911489,34,9417.793845,clay
74.057525,46,9424.646457,clay
109.230205,8,9429.004879,clay
86.870492,6,9432.11963,clay
103.175141,13,9436.099374,clay
95.742721,16,9439.868673,diamond_ore
94.09,16,9443.516164,diamond_ore
63.571558,31,9448.335829,diamond_ore
93.409435,18,9452.408305,log
93.81,4,9455.669882,log
73.715601,33,9460.247493,log
66.315379,78,9467.644219,log
74.545867,47,9473.077387,log
98.362394,16,9476.853522,log
68.307921,68,9483.485652,clay
61.349833,54,9489.922536,clay
72.181963,35,9494.633591,clay
90.28,7,9498.899514,diamond_ore
87.173413,9,9501.84241,diamond_ore
76.58161,17,9505.794969,diamond_ore
99.977599,13,9510.148795,diamond_ore
70.56818,52,9516.309103,diamond_ore
60.998902,28,9521.677732,diamond_ore
67.545999,46,9526.923279,log
95.381364,17,9530.672019,log
-0.36567,100,9540.0335,log
76.153536,30,9544.636397,log
82.258579,14,9548.007726,log
97.769436,17,9551.575314,log
69.897501,39,9556.97363,clay
65.736147,65,9565.244917,clay
88.4,5,9568.403719,clay
90.310492,7,9572.17701,clay
72.911826,33,9576.854714,clay
75.950329,13,9580.680645,clay
102.801194,14,9586.130601,clay
87.592179,21,9589.575547,clay
37.28758,32,9595.651449,clay
103.392293,12,9599.052355,log
69.091369,45,9603.299057,log
76.775656,30,9607.758549,log
75.8887,34,9614.100564,diamond_ore
99.265966,13,9617.328499,diamond_ore
87.66,20,9621.22998,diamond_ore
104.013442,10,9624.603848,diamond_ore
76.226947,44,9629.776016,diamond_ore
74.593247,56,9635.312034,diamond_ore
74.654386,39,9640.340554,diamond_ore
100.871097,12,9643.595918,diamond_ore
88.34409,10,9646.802519,diamond_ore
81.881684,24,9651.44249,log
71.904071,31,9656.176078,log
111.490492,6,9660.777274,log
58.953224,40,9665.923775,clay
-1.821099,100,9674.186378,clay
100.488384,13,9677.863976,clay
9.214779,100,9686.189312,log
66.735433,27,9690.772675,log
89.53,7,9693.792303,log
75.490209,56,9700.449873,diamond_ore
103.008127,11,9703.571193,diamond_ore
65.790777,58,9708.890541,diamond_ore
74.358535,84,9716.09882,diamond_ore
66.480771,45,9722.099157,diamond_ore
70.122106,65,9730.038646,diamond_ore
63.204039,44,9735.097361,clay
89.531588,8,9738.197647,clay
98.250461,15,9741.615475,clay
71.426436,43,9746.846159,log
71.962032,53,9752.203552,log
68.02591,91,9759.843674,log
71.7134,41,9765.295507,log
96.717112,18,9770.327402,log
101.896125,12,9773.79901,log
102.65,10,9777.10731,diamond_ore
63.239113,42,9782.315627,diamond_ore
70.02,38,9787.590611,diamond_ore
64.333201,38,9792.118523,clay
65.384447,68,9799.169733,clay
71.591219,33,9803.763475,clay
93.62,4,9806.328645,diamond_ore
5.49681,100,9815.352322,diamond_ore
63.550704,25,9819.570739,diamond_ore
83.212438,26,9824.466602,log
72.189308,34,9829.375002,log
68.024988,63,9836.64928,log
80.341502,24,9840.799087,clay
74.71167,36,9845.784118,clay
73.125776,18,9849.591489,clay
50.331851,36,9854.933021,clay
61.973736,30,9861.533555,clay
74.80183,32,9866.187231,clay
86.218501,24,9870.073825,log
105.59065,11,9873.253689,log
1.720107,100,9881.781587,log
67.869155,62,9888.185513,clay
101.527887,14,9891.864335,clay
86.034563,12,9895.796309,clay
74.935224,51,9901.683515,diamond_ore
92.04,6,9905.88692,diamond_ore
90.28,7,9909.169117,diamond_ore
97.140562,16,9912.342311,log
74.888235,29,9916.474234,log
90.59,6,9919.290317,log
35.893541,83,9926.47682,diamond_ore
70.724466,71,9933.586912,diamond_ore
-21.01961,100,9942.21093,diamond_ore
90.265966,7,9946.877539,log
72.272578,40,9952.256686,log
80.41,14,9955.560009,log
67.038092,27,9961.053622,clay
44.553934,44,9965.999711,clay
87.404214,10,9968.86562,clay
90.54,6,9971.828634,clay
87.934922,10,9975.220979,clay
69.252568,38,9979.936754,clay
67.546645,67,9986.486976,diamond_ore
68.699391,40,9991.759202,diamond_ore
63.673604,54,9997.15376,diamond_ore
69.76,19,10001.198293,log
74.820044,37,10007.499978,log
61.845128,97,10014.993104,log
-3.798411,100,10022.850744,
89.710492,7,10026.630061,diamond_ore
95.07,4,10029.287251,diamond_ore
-26.939607,100,10037.763722,diamond_ore
60.314475,30,10041.917138,diamond_ore
69.823913,86,10049.153465,diamond_ore
39.482217,33,10053.86951,log
83.91,10,10056.652803,log
88.77,8,10060.062748,log
62.07484,30,10064.972153,clay
95.851074,18,10068.413634,clay
83.791756,22,10072.450123,clay
101.675033,12,10076.0573,diamond_ore
71.975212,44,10081.154273,diamond_ore
93.81,4,10084.220253,diamond_ore
72.281118,40,10089.373018,log
2.024308,100,10098.080382,log
84.738127,12,10101.469348,log
87.829408,23,10106.279203,clay
86.740253,22,10110.240842,clay
65.339568,33,10114.615968,clay
83.780574,14,10118.482997,clay
71.09668,49,10123.864329,clay
93.81,4,10128.48523,clay
74.150562,29,10132.981228,log
75.133261,47,10139.431592,log
73.636355,37,10145.73724,log
-6.567323,100,10154.462922,diamond_ore
85.648406,24,10158.359817,diamond_ore
30.339775,96,10167.072361,diamond_ore
72.681755,67,10173.432012,diamond_ore
82.013061,17,10177.182173,diamond_ore
88.863236,22,10182.079417,diamond_ore
72.872663,32,10186.590007,log
89.68,7,10189.399235,log
89.394548,20,10193.826252,log
86.813442,10,10197.058437,clay
42.262809,45,10202.468305,clay
77.089,31,10207.15831,clay
68.410093,82,10215.136055,clay
79.478068,13,10218.492036,clay
93.91834,20,10222.35414,clay
82.879867,26,10225.981644,log
66.580927,28,10231.275514,log
91.120079,21,10235.188584,log
78.039455,27,10239.666974,diamond_ore
69.210562,33,10244.233613,diamond_ore
74.808459,29,10248.584446,diamond_ore
70.94463,50,10253.939036,clay
92.1,5,10256.909026,clay
41.428264,98,10265.922052,clay
98.900562,15,10272.229352,log
88.259327,18,10275.825676,log
73.613231,29,10280.054158,log
86.83,8,10283.179375,clay
74.895605,35,10288.292471,clay
91.703269,20,10291.901385,clay
91.84,6,10295.240304,diamond_ore
100.766501,12,10298.712978,diamond_ore
-5.331951,100,10307.884685,diamond_ore
96.580562,16,10311.482585,diamond_ore
65.535897,55,10318.037301,diamond_ore
73.022665,41,10323.362548,diamond_ore
73.073145,48,10329.812565,log
-8.264279,100,10338.011099,log
2.530425,100,10345.904786,log
104.57,9,10349.502451,diamond_ore
90.570239,21,10353.350248,diamond_ore
-31.420893,100,10361.791103,diamond_ore
73.820471,54,10369.048057,diamond_ore
90.33,7,10372.574038,diamond_ore
106.257985,10,10375.498377,diamond_ore
72.512022,43,10380.234528,clay
79.665365,41,10386.441267,clay
78.686545,32,10390.762819,clay
6.805562,100,10399.831653,log
84.341691,25,10404.344315,log
69.847491,35,10408.927707,log
89.049908,22,10412.513047,log
102.9,10,10415.336311,log
-1.301799,100,10424.005665,log
86.618114,22,10427.817951,log
85.175433,23,10431.718961,log
88.944011,21,10435.610732,log
97.79,16,10439.080196,clay
90.265966,7,10442.123623,clay
93.330492,5,10445.656403,clay
32.050025,88,10452.893648,clay
81.223442,12,10456.057674,clay
77.089383,29,10460.631751,clay
72.813695,45,10466.677279,diamond_ore
74.355517,33,10470.997573,diamond_ore
72.863619,30,10475.53785,diamond_ore
73.418242,32,10480.427563,diamond_ore
-1.534519,100,10490.18743,diamond_ore
78.202961,33,10494.587179,diamond_ore
90.160753,21,10500.058024,log
92.648835,18,10504.295482,log
92.706056,15,10507.914829,log
50.869241,32,10512.528809,clay
88.32,8,10515.938304,clay
63.52,23,10519.981873,clay
76.740614,35,10525.411992,log
74.03098,41,10530.240244,log
66.282014,34,10534.515276,log
92.04,6,10538.790179,clay
72.908141,51,10544.269478,clay
93.504644,18,10547.790816,clay
61.546248,36,10552.2166,diamond_ore
73.225966,37,10557.0948,diamond_ore
66.62639,43,10561.701065,diamond_ore
67.745014,69,10568.545042,clay
61.795996,44,10573.408063,clay
70.543551,46,10578.969187,clay
82.320273,26,10583.474665,log
88.23,7,10587.984086,log
104.121097,10,10591.306807,log
60.12204,48,10596.657295,diamond_ore
73.998127,31,10600.913207,diamond_ore
75.572972,32,10604.953747,diamond_ore
51.819696,76,10611.750298,diamond_ore
62.58764,63,10618.275886,diamond_ore
64.775471,35,10622.852458,diamond_ore
90.270492,7,10625.94514,log
100.070205,14,10629.239647,log
60.791984,82,10637.275517,log
97.459703,16,10640.587489,clay
88.306458,6,10643.414235,clay
90.965966,7,10646.368738,clay
103.321069,13,10649.814631,diamond_ore
72.034433,38,10654.474161,diamond_ore
87.63,7,10659.125029,diamond_ore
67.836664,23,10663.739521,clay
76.386721,35,10669.756075,clay
69.731539,24,10674.124437,clay
72.737113,47,10679.504881,clay
78.68,12,10682.66579,clay
88.781097,9,10687.268887,clay
89.006618,22,10691.308858,log
77.007577,35,10696.098344,log
70.679271,40,10700.985592,log
84.54252,24,10705.238049,log
86.875966,6,10710.021739,log
85.981588,7,10715.119681,log
69.032767,35,10719.858335,diamond_ore
2.611454,100,10729.41736,diamond_ore
89.069664,18,10733.199348,diamond_ore
51.929325,74,10740.474678,diamond_ore
-7.112424,100,10749.096722,diamond_ore
74.709599,46,10754.618511,diamond_ore
73.922224,46,10759.86381,log
71.142355,62,10766.454893,log
77.180251,33,10771.265397,log
82.819703,19,10776.228767,log
76.04538,27,10780.26764,log
78.759419,26,10784.51926,log
108.771097,7,10788.27963,clay
68.830986,47,10793.6107,clay
75.472399,36,10798.550375,clay
72.546732,33,10803.958505,clay
92.641588,6,10807.594417,clay
109.960492,7,10810.755131,clay
92.69772,20,10814.30039,diamond_ore
71.733403,33,10818.837031,diamond_ore
63.266502,38,10823.796316,diamond_ore
72.846318,32,10828.494888,log
57.28,27,10834.172651,log
90.54,6,10837.034598,log
87.613795,10,10840.669693,clay
73.072934,33,10844.837848,clay
72.583512,42,10849.889518,clay
65.473136,39,10854.710373,diamond_ore
4.554977,100,10864.077151,diamond_ore
69.183898,43,10870.048378,diamond_ore
104.86,9,10873.360846,log
62.988297,53,10879.30136,log
62.972652,37,10885.059509,log
8.676097,100,10893.11495,diamond_ore
78.779893,28,10897.05128,diamond_ore
107.521588,9,10901.434531,diamond_ore
81.631078,18,10905.4028,log
73.124214,27,10910.183345,log
71.215945,31,10914.703262,log
106.050492,9,10917.712927,log
79.373913,25,10923.228478,log
95.125694,14,10927.251622,log
93.57,5,10930.707067,diamond_ore
87.301304,23,10934.971404,diamond_ore
59.137249,75,10943.265235,diamond_ore
69.978521,78,10951.320779,clay
77.590983,39,10956.068127,clay
76.978593,28,10960.543009,clay
91.835966,6,10963.257368,diamond_ore
-25.722735,100,10970.678141,diamond_ore
103.207655,12,10973.899627,diamond_ore
87.98,8,10976.998218,clay
101.117985,12,10980.473776,clay
86.82,8,10983.67379,clay
93.62,4,10986.380418,clay
72.738399,63,10992.496794,clay
93.880601,17,10995.855713,clay
81.228127,13,10999.369232,clay
92.04,6,11002.16962,clay
87.245542,9,11005.922563,clay
90.220492,7,11009.431351,clay
60.148567,39,11015.539585,clay
69.302458,50,11021.252086,clay
95.299054,17,11025.017579,log
95.591842,14,11031.822117,log
95.45,15,11035.51931,log
75.950128,48,11041.617717,clay
74.085854,49,11047.182053,clay
91.977922,13,11050.405905,clay
106.98,8,11053.554346,log
100.38,12,11057.21439,log
101.09,11,11060.443308,log
77.63079,33,11065.011203,diamond_ore
66.41153,82,11072.767962,diamond_ore
105.46,9,11075.92495,diamond_ore
88.17,8,11079.058489,diamond_ore
98.651282,15,11083.347178,diamond_ore
86.302006,24,11087.366538,diamond_ore
75.213981,33,11091.907793,log
70.58305,53,11097.655252,log
77.530507,27,11101.625085,log
80.459506,18,11105.624838,diamond_ore
80.576716,27,11109.569458,diamond_ore
73.335311,33,11114.642518,diamond_ore
76.456501,28,11118.954943,diamond_ore
102.155047,12,11122.298176,diamond_ore
94.313442,18,11126.124196,diamond_ore
72.447351,38,11131.621991,log
66.293934,45,11136.753482,log
71.248243,47,11142.601643,log
76.300562,29,11146.71998,clay
72.70091,42,11151.789575,clay
79.975707,23,11155.643249,clay
74.524207,31,11161.90445,clay
93.432849,19,11165.721929,clay
96.248568,17,11170.820858,clay
106.86,9,11174.113793,log
91.756898,18,11178.359678,log
105.656234,11,11182.903965,log
106.14,6,11185.841512,diamond_ore
69.557465,76,11192.554573,diamond_ore
-0.514437,100,11201.981305,diamond_ore
68.851831,32,11205.992674,log
68.22,20,11209.92534,log
93.81,4,11212.718857,log
91.293913,12,11216.159564,clay
88.83,7,11219.747907,clay
90.39,6,11222.795454,clay
84.153913,12,11225.870256,diamond_ore
95.07,4,11228.866056,diamond_ore
72.07,18,11232.890652,diamond_ore
88.568874,22,11236.971269,clay
89.891354,17,11240.885742,clay
86.044358,11,11244.42037,clay
67.411489,49,11250.283807,clay
90.265966,7,11254.852449,clay
44.582893,45,11259.929318,clay
69.396625,33,11265.110065,log
68.913765,49,11270.026417,log
67.880452,50,11277.138739,log
101.035809,14,11281.460584,diamond_ore
75.855509,63,11288.089663,diamond_ore
67.887916,53,11293.989452,diamond_ore
99.336145,14,11297.327688,diamond_ore
1.773325,100,11307.426611,diamond_ore
60.484111,56,11312.92169,diamond_ore
103.275247,12,11316.947932,clay
69.91549,45,11322.141406,clay
86.560751,24,11326.370308,clay
89.197593,19,11330.067705,log
68.2,20,11333.453562,log
90.59,6,11336.599568,log
62.463163,96,11344.984547,diamond_ore
105.09,6,11347.790714,diamond_ore
79.036838,27,11353.338689,diamond_ore
-5.99549,100,11361.818758,log
70.970751,48,11367.536802,log
56.290507,37,11371.970905,log
92.11,5,11374.69857,diamond_ore
74.53382,32,11378.744929,diamond_ore
91.511489,20,11382.478728,diamond_ore
75.890113,26,11386.71297,log
88.27,18,11391.433367,log
92.857593,17,11395.162127,log
70.773182,52,11401.274564,clay
92.06,5,11404.806932,clay
93.441219,17,11408.52017,clay
87.83,7,11411.254165,clay
76.038031,50,11417.230965,clay
66.714239,49,11422.709659,clay
85.04,6,11427.273267,diamond_ore
96.17,14,11430.396232,diamond_ore
86.82,8,11434.308746,diamond_ore
73.86521,48,11439.600191,clay
93.329733,19,11443.555631,clay
88.917453,16,11447.235094,clay
59.910535,57,11452.526588,diamond_ore
44.230209,52,11458.387677,diamond_ore
72.661623,20,11463.465366,diamond_ore
109.255966,8,11466.52796,log
85.763932,20,11472.339521,log
90.265966,7,11475.117466,log
88.710492,8,11478.88371,log
76.548111,37,11485.249895,log
73.112969,44,11490.103059,log
90.53,7,11493.611786,clay
84.080927,23,11497.421049,clay
76.432331,26,11501.662166,clay
63.46801,46,11507.399281,diamond_ore
67.799848,72,11514.544596,diamond_ore
77.534704,21,11519.855823,diamond_ore
92.771405,18,11523.203481,diamond_ore
90.7,6,11526.014946,diamond_ore
108.73,7,11529.008552,diamond_ore
79.546528,23,11533.94601,diamond_ore
66.820553,40,11538.94435,diamond_ore
74.017526,36,11543.932243,diamond_ore
101.490797,15,11548.48073,clay
109.18,7,11552.095447,clay
106.520492,6,11555.220335,clay
78.879613,27,11559.568994,log
105.790492,9,11563.726311,log
104.86,9,11566.632962,log
103.240562,12,11570.630745,clay
49.656101,34,11575.855312,clay
61.455458,57,11582.563989,clay
66.275659,82,11589.62067,log
103.090472,11,11592.781349,log
0.990119,100,11602.034581,log
92.204028,18,11605.734569,log
71.750739,36,11610.732928,log
64.376217,77,11617.672725,log
73.500927,31,11622.405135,diamond_ore
68.303765,43,11627.594261,diamond_ore
57.311593,58,11633.441457,diamond_ore
71.962325,46,11638.735058,diamond_ore
100.570472,13,11642.630587,diamond_ore
76.814142,35,11647.187146,diamond_ore
84.195925,24,11651.425266,clay
97.810927,15,11655.172616,clay
83.912624,24,11660.264839,clay
99.010927,15,11664.642898,clay
69.676786,27,11670.460414,clay
86.603442,9,11673.689155,clay
58.447255,38,6.630285,diamond_ore
75.802052,40,13.309276,diamond_ore
61.027009,31,19.02061,diamond_ore
83.001694,26,24.228584,clay
87.663413,9,28.708813,clay
100.406168,13,31.903336,clay
75.359811,31,36.327058,diamond_ore
72.338077,47,41.642173,diamond_ore
110.070492,7,44.577028,diamond_ore
91.463096,21,48.073293,clay
74.121102,33,52.19348,clay
95.79019,16,55.301631,clay
90.554868,21,59.101531,log
74.340615,39,63.38577,log
104.878758,13,66.493821,log
70.385144,44,71.204615,log
94.786458,5,73.87982,log
95.040492,4,76.927831,log
79.105699,50,83.767745,diamond_ore
108.861424,10,86.870914,diamond_ore
96.125766,18,90.911699,diamond_ore
78.192493,50,95.998692,log
76.775794,32,100.186661,log
84.049701,26,104.089639,log
96.560192,17,107.353598,clay
90.310492,7,110.241607,clay
108.210492,8,114.094639,clay
113.045966,5,117.68355,clay
109.960492,7,120.730531,clay
86.83,8,123.59752,clay
100.584693,15,127.027545,diamond_ore
100.051914,13,130.066067,diamond_ore
92.367555,7,132.858468,diamond_ore
74.322697,33,137.644408,diamond_ore
94.897288,15,140.910381,diamond_ore
94.225165,18,144.065243,diamond_ore
72.311586,42,148.785222,log
108.000492,8,151.290476,log
95.07,4,153.669794,log
104.588568,13,157.069195,clay
70.800452,47,163.235108,clay
85.830081,8,165.97577,clay
90.745966,19,169.504595,log
64.800611,47,174.976728,log
81.534646,23,178.756009,log
107.998941,12,183.72974,diamond_ore
83.768145,17,188.419989,diamond_ore
44.862785,70,195.195836,diamond_ore
96.473481,18,198.446394,clay
85.35931,24,202.245395,clay
68.37116,36,206.094739,clay
81.159908,26,209.954584,log
74.249063,24,214.126773,log
72.035104,39,219.237927,log
59.43868,33,223.924503,clay
89.460492,7,226.591645,clay
105.407063,10,229.909952,clay
82.104293,28,233.562014,log
99.162492,13,236.683228,log
66.969773,30,241.143264,log
70.838926,64,248.03765,clay
101.889346,13,251.250043,clay
78.428914,32,256.285198,clay
68.650738,42,261.014605,diamond_ore
91.101097,7,263.892656,diamond_ore
108.565966,7,266.990782,diamond_ore
94.242717,20,270.703705,log
113.530492,5,275.190362,log
101.85,11,277.780782,log
88.306458,6,280.473435,log
73.443218,45,285.118992,log
82.02802,26,288.771278,log
94.776458,5,291.202698,clay
75.186016,67,297.985376,clay
74.866806,30,301.72933,clay
110.39,6,304.718396,diamond_ore
83.410668,26,308.414645,diamond_ore
100.247109,17,311.603489,diamond_ore
34.371901,80,318.831276,diamond_ore
89.930062,15,323.883018,diamond_ore
86.913834,10,326.908958,diamond_ore
53.635594,34,330.963632,log
99.491078,12,333.911736,log
94.995367,11,336.941828,log
94.776458,5,339.332006,diamond_ore
86.020492,6,342.008221,diamond_ore
85.26,9,344.875656,diamond_ore
52.246025,93,353.032906,clay
97.353592,15,356.272182,clay
71.807362,47,360.941019,clay
109.960492,7,364.438148,log
92.655964,20,368.24086,log
70.768741,65,375.552053,log
91.696458,7,378.377806,clay
88.43,7,382.036523,clay
88.587765,22,386.738578,clay
89.039648,10,389.978503,diamond_ore
91.589539,13,393.096741,diamond_ore
80.758535,21,396.588761,diamond_ore
106.867555,7,399.381685,clay
72.693384,60,405.000607,clay
89.025689,9,408.080703,clay
95.07,4,411.23983,diamond_ore
87.735895,25,415.252208,diamond_ore
74.255525,47,419.937094,diamond_ore
90.28,7,422.518674,log
107.750492,8,425.526067,log
95.375966,16,428.550366,log
93.56,5,431.348541,log
83.318159,27,435.59835,log
90.560551,19,438.964764,log
61.073291,100,447.866263,diamond_ore
93.55,5,450.434117,diamond_ore
93.81,4,453.285782,diamond_ore
60.841219,29,457.637411,diamond_ore
69.907358,64,463.641084,diamond_ore
65.107304,50,469.123184,diamond_ore
109.710492,7,472.315365,log
75.299391,32,476.668602,log
111.215966,7,479.704781,log
87.47772,24,483.665902,clay
90.946458,7,487.054299,clay
84.560492,7,489.605072,clay
74.581094,41,494.898681,log
99.75081,15,498.107599,log
88.042731,20,502.056706,log
75.507592,40,506.631552,clay
98.119531,14,509.59152,clay
100.881219,13,512.735895,clay
92.061313,20,516.707614,clay
71.343003,51,522.378014,clay
75.841526,32,526.398695,clay
95.07,4,528.951381,diamond_ore
81.931313,26,532.957814,diamond_ore
81.842033,26,537.335645,diamond_ore
77.31321,29,541.249509,log
72.511273,50,546.332787,log
89.319648,10,549.383798,log
74.364248,30,554.05002,log
78.278752,29,558.335837,log
75.859307,27,562.149957,log
90.951097,7,566.292392,clay
74.567242,36,570.795976,clay
85.317837,25,574.688716,clay
68.922952,46,579.875851,diamond_ore
84.831524,25,584.108348,diamond_ore
67.4182,27,587.469774,diamond_ore
82.344695,27,591.936897,diamond_ore
92.661097,6,594.60481,diamond_ore
90.460492,7,597.55787,diamond_ore
110.756458,7,600.712012,diamond_ore
99.108598,15,603.785734,diamond_ore
107.817987,12,606.979532,diamond_ore
75.939517,30,611.435739,clay
70.365473,54,618.787445,clay
69.27681,41,623.376564,clay
75.227919,41,628.206919,clay
81.573316,25,631.915646,clay
93.81,4,634.943678,clay
82.225577,30,639.261904,log
101.210492,12,642.460365,log
-1.644797,100,651.823901,log
102.994922,13,654.945813,clay
93.716511,21,658.698282,clay
76.342343,30,662.798543,clay
96.280083,20,666.704816,diamond_ore
90.280492,7,669.469917,diamond_ore
89.816458,5,672.389146,diamond_ore
77.310422,32,677.941336,clay
81.416551,26,681.211943,clay
81.260754,39,686.242262,clay
109.18,7,688.755734,diamond_ore
75.079387,39,693.648738,diamond_ore
86.930806,24,697.203476,diamond_ore
72.516935,33,701.389522,log
74.905028,45,706.037462,log
69.13651,74,712.969003,log
68.182052,69,720.228251,log
71.282782,35,724.633488,log
86.078127,8,727.587501,log
86.83,8,730.603771,diamond_ore
91.671394,20,734.987078,diamond_ore
76.303727,63,741.413725,diamond_ore
57.450681,51,746.989155,clay
95.06,4,749.761185,clay
95.07,4,752.44822,clay
60.184131,28,758.00456,log
95.07,4,760.521094,log
109.365966,7,763.409559,log
102.07015,13,766.46349,clay
93.530492,5,769.370469,clay
111.030492,6,772.144453,clay
84.680472,10,776.405222,diamond_ore
77.238835,15,779.880403,diamond_ore
86.828796,22,783.766378,diamond_ore
76.124316,30,788.860384,log
75.054629,44,793.652817,log
75.308586,35,798.319263,log
74.766043,87,806.185655,log
72.352489,29,810.334858,log
70.145918,69,818.36529,log
88.43,7,821.489234,diamond_ore
83.107038,27,825.220623,diamond_ore
71.838131,46,830.87508,diamond_ore
62.497283,43,835.632401,diamond_ore
76.602326,30,840.087533,diamond_ore
92.927063,18,844.742972,diamond_ore
82.504652,22,848.558769,log
94.776458,5,851.146969,log
104.980492,10,855.422962,log
103.63069,12,858.301907,clay
83.220507,22,861.900904,clay
69.052536,49,867.401832,clay
73.015657,37,871.344322,clay
70.602876,61,877.572604,clay
88.953834,10,880.700785,clay
93.559252,17,884.144742,clay
81.258352,24,887.589725,clay
104.980924,12,890.949701,clay
74.289956,36,895.392253,log
98.517922,14,898.654665,log
95.848145,14,901.982629,log
92.04,6,904.628591,diamond_ore
72.151226,42,909.883597,diamond_ore
77.106735,31,914.482555,diamond_ore
92.941097,5,916.93782,log
73.897804,51,922.604551,log
75.674074,30,926.810488,log
93.345966,5,929.250469,clay
91.825966,6,931.978431,clay
89.221097,5,934.779428,clay
81.409506,23,938.845401,diamond_ore
94.645966,5,942.705369,diamond_ore
99.78,12,945.841414,diamond_ore
98.93,12,949.922343,diamond_ore
75.720405,30,953.921597,diamond_ore
98.217355,14,957.860541,diamond_ore
93.55,5,960.722372,clay
81.789153,27,964.741472,clay
71.225686,33,969.20219,clay
92.047315,19,972.65319,log
85.74,21,976.676142,log
93.530492,5,980.999442,log
100.05376,16,984.154112,diamond_ore
98.42802,14,987.307227,diamond_ore
77.52,14,990.554377,diamond_ore
75.829561,42,995.281094,log
73.187368,35,999.893442,log
64.616827,100,1010.537077,log
88.154233,11,1013.293932,diamond_ore
79.857655,12,1016.424916,diamond_ore
103.417627,13,1019.380035,diamond_ore
84.003602,24,1023.777957,diamond_ore
71.66717,45,1029.01583,diamond_ore
77.924167,25,1032.865818,diamond_ore
76.43018,30,1036.968779,clay
88.865966,7,1039.606766,clay
95.07,4,1043.732754,clay
91.5,5,1046.372725,clay
14.533355,100,1055.910006,clay
97.570966,16,1058.966674,clay
78.013166,30,1063.341614,clay
78.823604,30,1067.708589,clay
79.492734,52,1073.501551,clay
93.131076,18,1077.534795,log
107.016768,12,1081.172543,log
76.540521,31,1086.086472,log
76.171595,29,1089.925498,log
88.43,7,1092.823637,log
90.807555,8,1095.845412,log
93.031978,20,1099.239705,diamond_ore
93.81,4,1102.350423,diamond_ore
76.732922,41,1107.796334,diamond_ore
97.07,14,1111.01239,log
109.930492,7,1114.190292,log
90.460492,7,1117.20708,log
91.61475,20,1121.067235,diamond_ore
73.243343,44,1126.381424,diamond_ore
71.981074,56,1132.410323,diamond_ore
107.084063,11,1135.507192,clay
77.991289,26,1139.823671,clay
75.316143,18,1142.933645,clay
90.965966,7,1145.69015,log
91.339226,23,1149.894071,log
76.834545,32,1154.563219,log
85.10636,18,1157.818104,clay
43.329733,39,1162.257798,clay
72.496593,45,1167.65898,clay
75.527509,35,1172.282925,clay
92.367555,7,1174.903856,clay
65.08,22,1178.830889,clay
78.545872,39,1183.280383,log
94.981986,12,1186.494678,log
103.555047,11,1189.811807,log
73.767909,30,1194.185459,diamond_ore
84.339127,25,1198.081054,diamond_ore
75.4017,33,1202.474732,diamond_ore
96.0,16,1205.720723,diamond_ore
74.056087,40,1211.081396,diamond_ore
67.259343,49,1216.368702,diamond_ore
79.951837,29,1220.482827,clay
95.07,4,1223.475899,clay
93.55,5,1226.471327,clay
94.860927,16,1229.642701,diamond_ore
79.617277,37,1234.197944,diamond_ore
90.38,7,1236.786158,diamond_ore
111.196458,7,1240.365214,diamond_ore
82.210458,26,1244.048986,diamond_ore
105.833913,9,1246.802507,diamond_ore
90.28,7,1249.335509,clay
74.89318,30,1253.600934,clay
94.6119,19,1258.955367,clay
96.786625,14,1261.995869,log
69.005791,41,1267.125972,log
75.758654,47,1272.227683,log
94.776458,5,1274.676752,clay
83.769179,24,1278.156278,clay
86.032085,24,1281.723956,clay
90.951097,7,1284.616548,log
74.781057,31,1288.777197,log
100.191569,11,1291.781996,log
108.011069,10,1294.654202,log
90.951097,7,1297.351144,log
93.256458,6,1300.307148,log
90.965966,7,1303.3964,log
77.127832,45,1308.472214,log
80.847347,22,1312.206056,log
71.913564,68,1318.533616,clay
107.12,8,1321.981761,clay
106.850492,9,1324.752976,clay
81.590472,9,1327.967276,diamond_ore
95.07,4,1330.305034,diamond_ore
102.65,10,1333.730642,diamond_ore
91.825966,6,1337.256026,diamond_ore
105.691097,10,1339.98112,diamond_ore
80.418391,94,1348.670826,diamond_ore
82.334109,26,1352.207297,log
108.751097,7,1355.030795,log
87.656458,6,1357.606462,log
76.800662,34,1363.490968,diamond_ore
91.341192,22,1367.08872,diamond_ore
70.244037,35,1373.034798,diamond_ore
73.594369,59,1379.246525,clay
73.468612,24,1382.870453,clay
68.722078,93,1390.910238,clay
74.008276,42,1395.818981,clay
84.371069,12,1399.166886,clay
104.825033,13,1403.399645,clay
88.380492,5,1406.542909,log
95.368079,16,1409.68255,log
100.525461,12,1412.660675,log
103.218145,12,1415.648203,log
74.753975,30,1419.474882,log
104.38,12,1422.724686,log
73.982594,52,1428.517331,clay
95.07,4,1430.910318,clay
92.0,6,1433.673246,clay
75.095446,32,1438.153271,log
95.07,4,1440.737938,log
113.045966,5,1444.334798,log
50.43942,64,1450.087203,diamond_ore
95.07,4,1452.684887,diamond_ore
87.63,7,1455.956465,diamond_ore
68.889911,84,1463.160758,diamond_ore
78.590877,51,1469.096069,diamond_ore
76.433158,44,1475.611986,diamond_ore
93.226458,6,1478.043811,log
86.609388,27,1482.192875,log
74.524276,48,1488.109493,log
93.195966,5,1490.697852,clay
72.211316,53,1496.072726,clay
74.975588,60,1501.935748,clay
91.818546,22,1506.942274,diamond_ore
107.79194,11,1510.818807,diamond_ore
94.303147,18,1515.361876,diamond_ore
88.62,8,1518.297897,clay
76.941622,30,1522.639311,clay
82.265406,26,1527.218959,clay
107.481992,10,1530.397348,log
84.290278,25,1536.171717,log
90.62872,17,1539.974648,log
80.302709,29,1543.915687,clay
70.674501,39,1548.586659,clay
87.986953,17,1552.824569,clay
70.051441,84,1560.517176,diamond_ore
96.380472,16,1563.754147,diamond_ore
78.001664,29,1568.138938,diamond_ore
74.756984,40,1573.328554,log
87.910492,8,1576.312658,log
52.491765,64,1582.75944,log
82.439503,28,1587.21355,clay
79.32937,23,1591.348333,clay
90.180908,23,1595.366341,clay
77.799733,57,1601.248332,clay
88.781588,8,1604.472651,clay
93.55,5,1607.312322,clay
60.128368,26,1611.487208,log
74.552276,43,1616.548175,log
91.271754,21,1620.332998,log
1.717105,100,1629.67821,diamond_ore
91.978146,18,1633.012389,diamond_ore
108.555966,8,1635.97346,diamond_ore
106.75,7,1638.861545,diamond_ore
73.355945,56,1644.559732,diamond_ore
91.629125,21,1648.140682,diamond_ore
94.776458,5,1651.650123,log
84.658591,10,1655.026944,log
85.440956,24,1658.941014,log
78.461097,26,1664.634647,diamond_ore
89.99,6,1667.940759,diamond_ore
91.99,6,1670.916526,diamond_ore
48.075753,34,1675.971803,clay
80.900136,27,1680.126787,clay
103.897708,13,1683.367677,clay
91.749754,20,1687.265793,clay
86.062652,24,1691.250422,clay
83.907335,23,1696.421716,clay
89.3,7,1699.502337,diamond_ore
104.698117,12,1702.570702,diamond_ore
96.625689,15,1705.768565,diamond_ore
95.457555,5,1708.699921,clay
100.965966,12,1712.407004,clay
92.441588,6,1715.768867,clay
76.347428,33,1720.466761,log
109.530492,7,1723.902957,log
93.81,4,1727.032732,log
90.836359,20,1730.806449,diamond_ore
75.069684,58,1736.457016,diamond_ore
61.414022,31,1740.840663,diamond_ore
83.47409,11,1744.032912,log
77.737735,31,1748.474365,log
78.524324,46,1754.439845,log
92.76,5,1757.500379,clay
111.675966,6,1760.605018,clay
98.55,12,1764.430542,clay
83.756922,25,1769.712922,log
79.005278,31,1774.411834,log
73.602809,41,1779.728621,log
100.014358,14,1783.331537,diamond_ore
77.60125,31,1787.498749,diamond_ore
66.700815,42,1792.475831,diamond_ore
85.120205,13,1795.740168,clay
75.642961,32,1800.122861,clay
104.024011,14,1803.313745,clay
75.797208,30,1808.061572,diamond_ore
106.53,8,1811.236562,diamond_ore
69.9905,44,1816.191575,diamond_ore
75.069591,46,1822.096411,log
107.747627,10,1825.059571,log
108.664063,10,1828.93866,log
78.909985,29,1833.053322,clay
71.046492,40,1837.717403,clay
68.80696,66,1844.926231,clay
102.693913,12,1849.662434,log
95.040492,4,1853.191204,log
94.766458,5,1856.541876,log
68.011356,29,1860.710587,diamond_ore
98.296625,13,1864.873431,diamond_ore
84.690562,12,1867.887859,diamond_ore
77.637659,40,1872.595568,log
85.895966,15,1875.947562,log
106.781588,9,1879.350027,log
75.93216,40,1884.167006,diamond_ore
66.391441,74,1891.089011,diamond_ore
77.571008,47,1896.748666,diamond_ore
65.89649,23,1900.860422,diamond_ore
76.380458,29,1905.022864,diamond_ore
102.684063,13,1908.633367,diamond_ore
104.211078,10,1911.883336,diamond_ore
107.68,8,1914.639401,diamond_ore
111.91,5,1917.389931,diamond_ore
74.731777,50,1923.201222,log
96.508849,16,1926.846947,log
73.364209,63,1933.308188,log
77.648888,35,1938.169477,clay
80.158013,27,1941.968146,clay
75.365257,36,1946.51788,clay
83.967627,24,1952.339669,clay
92.04,6,1955.347503,clay
88.43,7,1958.303974,clay
90.348951,21,1962.334819,log
82.111903,28,1966.684875,log
76.746228,39,1971.751945,log
94.776458,5,1974.398034,clay
88.6374,23,1978.198299,clay
88.159436,22,1983.065851,clay
69.71,30,1987.365802,diamond_ore
101.917422,14,1990.884957,diamond_ore
96.637828,16,1994.550367,diamond_ore
82.468403,26,1998.743068,log
84.764144,29,2002.970224,log
50.67396,39,2007.453883,log
75.764327,32,2011.856801,log
93.195966,5,2014.719715,log
106.140492,9,2017.838924,log
87.28161,12,2021.049986,clay
75.522865,38,2027.043617,clay
73.440168,43,2032.481821,clay
67.604819,35,2037.224457,diamond_ore
73.334267,26,2041.141275,diamond_ore
70.349719,86,2050.704266,diamond_ore
92.04,6,2053.67108,log
71.183225,52,2059.038393,log
79.412929,29,2063.190374,log
88.072373,26,2066.756471,clay
93.195966,5,2070.970631,clay
86.428225,13,2074.702743,clay
95.040492,4,2077.742518,clay
87.483387,21,2081.60582,clay
79.008367,30,2085.75781,clay
95.07,4,2088.132249,diamond_ore
93.530492,5,2091.184018,diamond_ore
94.776458,5,2094.044696,diamond_ore
55.748393,56,2099.814153,clay
72.614929,26,2103.749815,clay
83.182858,26,2107.890429,clay
109.971569,9,2110.405287,log
68.83759,56,2116.847458,log
75.531926,42,2123.477703,log
91.521569,8,2126.220568,diamond_ore
94.620486,17,2129.86094,diamond_ore
77.816143,35,2134.685815,diamond_ore
101.471219,14,2138.364698,diamond_ore
108.925966,7,2141.258633,diamond_ore
89.670492,7,2143.944886,diamond_ore
108.057985,8,2147.064551,diamond_ore
91.307498,22,2150.461922,diamond_ore
62.769519,31,2155.096897,diamond_ore
94.776458,5,2157.546476,log
80.433576,27,2161.188078,log
100.350472,14,2164.389868,log
77.69331,37,2168.814309,clay
74.494736,45,2173.943685,clay
75.873977,34,2178.388881,clay
89.816458,5,2180.940166,log
94.766458,5,2184.329116,log
85.981588,7,2186.971196,log
81.950472,8,2190.077323,clay
90.38,7,2193.052651,clay
92.661097,6,2195.636232,clay
91.696458,7,2198.406537,clay
86.078602,22,2202.172536,clay
74.931498,30,2206.261485,clay
95.21666,18,2210.963638,log
74.534072,32,2216.739551,log
75.378777,50,2222.341695,log
92.480065,21,2225.505852,diamond_ore
104.517453,12,2228.886378,diamond_ore
85.833847,7,2231.55321,diamond_ore
73.373625,47,2236.657669,log
90.655966,18,2240.267249,log
108.450492,8,2243.556578,log
80.685689,27,2247.894981,diamond_ore
86.235966,10,2251.258046,diamond_ore
109.560492,7,2254.593782,diamond_ore
76.470458,29,2258.4871,clay
101.75722,13,2261.771499,clay
84.588145,11,2264.726177,clay
88.93,7,2267.562498,log
99.982395,15,2271.321036,log
95.029761,18,2274.879304,log
82.067316,26,2279.097028,clay
109.910492,7,2282.058763,clay
75.262051,29,2286.236168,clay
87.468117,10,2289.265334,diamond_ore
76.592658,38,2293.965535,diamond_ore
95.881554,19,2297.463245,diamond_ore
72.126826,47,2303.070725,log
76.690529,44,2307.721487,log
85.979687,25,2311.954042,log
77.730046,29,2315.894276,clay
75.127136,32,2321.431909,clay
99.803549,15,2324.657326,clay
91.420039,14,2328.198523,clay
93.340492,5,2330.705766,clay
87.960492,8,2333.589757,clay
94.665256,13,2337.008909,diamond_ore
101.690472,11,2340.150492,diamond_ore
107.167782,12,2343.448455,diamond_ore
97.397844,15,2346.676706,diamond_ore
110.2,6,2349.518374,diamond_ore
105.241097,9,2352.48772,diamond_ore
89.960234,21,2356.423106,clay
97.305659,16,2359.658061,clay
68.559684,36,2364.341428,clay
79.042011,27,2368.046465,log
90.952994,7,2370.830211,log
92.621097,6,2374.087497,log
93.55,5,2376.93239,log
94.059986,18,2380.082351,log
102.778924,13,2383.040546,log
109.365966,7,2385.921683,diamond_ore
65.34685,100,2394.20538,diamond_ore
41.645812,89,2402.437441,diamond_ore
95.07,4,2406.255204,log
93.439053,21,2409.91714,log
72.913092,37,2414.414434,log
95.011394,18,2418.568773,diamond_ore
90.15,7,2421.306931,diamond_ore
111.16,5,2423.953621,diamond_ore
77.653948,31,2428.423448,clay
74.817711,31,2433.118584,clay
84.69004,13,2436.697646,clay
79.094259,37,2441.078118,diamond_ore
85.344841,27,2446.465785,diamond_ore
80.976612,28,2450.592627,diamond_ore
71.699021,36,2455.372006,log
103.881097,10,2458.220867,log
93.81,4,2461.979607,log
80.049815,26,2465.972462,diamond_ore
76.403315,67,2472.469649,diamond_ore
69.941728,28,2476.419693,diamond_ore
77.26433,59,2483.449617,log
75.534308,28,2488.155508,log
88.864233,10,2491.248731,log
74.270688,55,2496.286794,clay
94.645966,5,2499.117537,clay
89.816458,5,2501.724778,clay
109.365966,7,2504.632647,clay
73.616339,26,2509.208874,clay
77.909549,49,2514.458791,clay
80.682464,51,2519.603331,log
94.776458,5,2522.148653,log
91.696458,7,2526.417815,log
105.436625,10,2529.707499,clay
77.833756,32,2533.83408,clay
83.23945,26,2537.916671,clay
78.892362,30,2541.878881,clay
92.325966,6,2544.866512,clay
91.565966,7,2547.814455,clay
78.591489,26,2552.369029,diamond_ore
74.617147,32,2556.310426,diamond_ore
93.085966,6,2558.99063,diamond_ore
93.151405,18,2562.564677,log
85.501128,25,2566.464559,log
79.243695,33,2570.870746,log
91.681313,21,2575.626673,diamond_ore
99.518312,14,2579.848894,diamond_ore
89.367413,10,2583.701389,diamond_ore
99.278189,16,2588.438676,diamond_ore
86.709141,23,2593.068948,diamond_ore
82.636546,25,2596.813893,diamond_ore
68.686681,45,2601.902706,log
98.38,13,2605.101599,log
85.231677,24,2608.804745,log
75.883709,39,2613.986623,clay
103.02986,15,2617.09363,clay
80.570458,13,2620.311564,clay
86.83,8,2623.016997,log
107.957627,10,2625.98774,log
72.861364,31,2630.22069,log
93.62,4,2633.247376,diamond_ore
74.819716,60,2639.013491,diamond_ore
76.809262,36,2643.371931,diamond_ore
73.136243,34,2649.383921,diamond_ore
113.340492,5,2652.481383,diamond_ore
93.256458,6,2655.313284,diamond_ore
77.111356,46,2661.043825,log
79.288173,28,2664.9162,log
79.600111,28,2669.170002,log
89.816458,5,2671.763349,clay
95.07,4,2674.356873,clay
93.62,4,2678.503799,clay
93.55,5,2681.098472,clay
70.463304,48,2686.51574,clay
79.611213,30,2691.078659,clay
95.07,4,2693.865761,diamond_ore
74.459693,49,2699.706439,diamond_ore
78.369028,25,2704.751079,diamond_ore
66.48667,33,2708.837009,log
89.816458,5,2711.385075,log
90.280492,7,2714.49017,log
72.714663,38,2719.807493,clay
90.879648,9,2722.860912,clay
99.099568,17,2726.290388,clay
73.74185,33,2730.339668,clay
70.387188,29,2734.426149,clay
78.312917,34,2739.71696,clay
89.816458,5,2742.405262,diamond_ore
104.539676,11,2745.52102,diamond_ore
89.904704,9,2748.592372,diamond_ore
104.820319,15,2752.235037,diamond_ore
92.992823,18,2757.016656,diamond_ore
79.532994,12,2760.466687,diamond_ore
76.66821,37,2765.270771,clay
82.163682,51,2770.939557,clay
94.180467,19,2774.691379,clay
95.07,4,2777.076539,log
93.500492,5,2779.740579,log
72.283519,66,2785.842659,log
93.490492,5,2788.356212,log
93.756197,20,2791.737823,log
70.060255,55,2797.655215,log
86.19,21,2800.992076,diamond_ore
66.810079,33,2805.640681,diamond_ore
74.647758,34,2809.886509,diamond_ore
90.946458,7,2812.930961,log
80.522944,26,2816.748871,log
84.908581,23,2820.354962,log
76.355841,74,2827.309611,clay
95.07,4,2830.082886,clay
93.085966,6,2832.838442,clay
78.440841,30,2837.675987,log
91.825966,6,2840.200861,log
90.85,6,2842.879899,log
106.63,8,2845.634905,log
74.043322,36,2850.192232,log
87.241399,21,2854.268162,log
79.209349,37,2860.094448,diamond_ore
91.696458,7,2863.006906,diamond_ore
80.552708,26,2866.961276,diamond_ore
79.954716,28,2871.065623,clay
77.720144,28,2875.058994,clay
72.529346,29,2879.222909,clay
91.188232,18,2882.47557,clay
91.696458,7,2885.969775,clay
93.81,4,2889.036434,clay
93.55,5,2891.644602,clay
78.173968,28,2895.713526,clay
101.500055,15,2900.604939,clay
95.040492,4,2903.337159,log
74.660737,53,2908.338467,log
80.490823,40,2913.48737,log
89.148627,20,2917.053831,diamond_ore
100.558284,16,2920.237065,diamond_ore
84.139908,22,2924.341379,diamond_ore
101.606806,14,2928.072967,diamond_ore
72.342483,38,2932.607265,diamond_ore
69.385509,73,2939.024044,diamond_ore
76.712175,72,2946.666451,clay
90.951097,7,2949.402905,clay
89.74,7,2952.324515,clay
76.127918,51,2957.697037,log
89.028127,9,2960.674984,log
69.024113,44,2965.503284,log
58.506067,34,2970.123379,clay
80.893021,14,2973.162544,clay
105.459141,11,2975.991557,clay
78.282034,30,2980.111031,diamond_ore
79.316858,43,2985.538482,diamond_ore
93.871691,19,2988.713365,diamond_ore
67.081486,55,2995.499593,diamond_ore
77.30209,31,2999.836507,diamond_ore
103.830601,13,3002.983422,diamond_ore
93.81,4,3005.967067,clay
74.950716,50,3012.510903,clay
67.902295,62,3019.725085,clay
76.237765,40,3024.10692,log
85.18,7,3028.393651,log
93.81,4,3031.076278,log
68.662708,42,3035.844238,diamond_ore
87.553403,21,3040.027655,diamond_ore
89.261097,8,3042.893199,diamond_ore
85.763913,10,3046.283615,log
87.918704,24,3050.27136,log
71.546528,56,3057.456443,log
86.83,8,3060.338453,clay
70.542226,63,3066.540288,clay
64.705892,65,3072.825714,clay
76.073559,44,3078.722157,log
70.378059,48,3083.32763,log
93.813168,20,3087.377321,log
78.175053,30,3091.959592,log
104.227627,12,3095.39414,log
108.759054,11,3098.793911,log
105.631588,7,3102.292756,diamond_ore
81.959346,16,3105.658827,diamond_ore
74.899811,32,3109.710446,diamond_ore
89.680492,7,3112.932612,clay
74.882089,35,3117.291319,clay
84.041745,27,3121.430324,clay
74.076205,47,3126.879877,diamond_ore
91.81,6,3129.571247,diamond_ore
89.816458,5,3132.061079,diamond_ore
86.55,5,3134.994618,diamond_ore
86.110973,24,3139.161804,diamond_ore
90.091287,21,3142.68535,diamond_ore
98.22,13,3145.756304,log
92.085966,6,3148.546107,log
93.36,5,3151.064601,log
95.280458,19,3154.797701,clay
93.275966,6,3157.945211,clay
90.951097,7,3160.786051,clay
104.685966,10,3163.956902,clay
95.049864,18,3167.872527,clay
95.07,4,3170.264541,clay
77.859478,32,3174.780477,log
75.158749,41,3180.703957,log
90.758677,22,3184.25573,log
92.27,5,3187.225469,diamond_ore
76.402837,35,3191.877913,diamond_ore
66.025581,32,3197.352844,diamond_ore
85.367377,24,3201.219274,diamond_ore
75.222671,30,3205.014125,diamond_ore
87.794193,23,3208.815644,diamond_ore
104.325966,11,3211.661446,clay
90.089169,21,3215.607837,clay
95.65572,18,3219.384143,clay
96.079908,18,3223.115723,log
107.650492,8,3226.320711,log
92.921097,5,3229.326007,log
83.037548,25,3233.070625,clay
75.42591,44,3237.604631,clay
79.060147,31,3241.653196,clay
84.405915,24,3245.385586,diamond_ore
93.81,4,3248.749227,diamond_ore
92.921097,5,3251.806534,diamond_ore
87.033913,9,3254.795481,log
78.022331,28,3259.003393,log
74.768439,57,3264.854479,log
69.746455,39,3270.279023,log
85.656707,12,3273.270976,log
100.283528,12,3276.612415,log
98.277453,15,3279.551512,log
88.6,5,3282.509034,log
96.131914,13,3285.790913,log
78.409423,37,3290.084338,diamond_ore
71.397043,49,3295.112324,diamond_ore
86.854184,24,3298.582068,diamond_ore
99.620927,15,3301.664985,clay
90.33,7,3304.580363,clay
93.36,5,3307.191233,clay
101.189503,16,3310.806841,diamond_ore
84.021077,27,3314.292015,diamond_ore
73.253717,42,3319.913509,diamond_ore
103.490458,13,3323.096659,diamond_ore
104.360492,7,3325.877469,diamond_ore
90.74,6,3328.769105,diamond_ore
81.181676,31,3333.280041,clay
83.035001,27,3337.427062,clay
106.501069,11,3340.659132,clay
90.280492,7,3343.643939,log
72.517935,43,3348.97415,log
76.423247,32,3353.381592,log
93.345966,5,3355.94247,clay
74.777766,31,3360.630042,clay
77.273989,29,3364.64209,clay
67.627494,84,3371.066398,clay
83.75,10,3374.100542,clay
93.4,5,3377.667866,clay
73.038267,70,3384.502805,log
87.600054,26,3388.256206,log
76.858394,35,3392.666682,log
89.478885,19,3397.181259,diamond_ore
108.400492,8,3400.078739,diamond_ore
95.040492,4,3403.124728,diamond_ore
75.758417,38,3409.443194,log
98.150546,17,3412.644691,log
99.860362,13,3415.88157,log
69.725724,77,3422.806893,clay
70.084034,61,3430.218996,clay
76.395528,48,3434.871136,clay
103.58,7,3438.394851,diamond_ore
78.454024,33,3442.812438,diamond_ore
80.782431,35,3446.862355,diamond_ore
66.276154,33,3451.153904,diamond_ore
96.91,15,3454.154901,diamond_ore
100.096389,16,3457.176012,diamond_ore
79.803179,30,3461.022343,log
91.51,5,3464.720583,log
113.045966,5,3467.303202,log
84.988581,25,3472.156222,clay
103.47161,13,3475.072842,clay
104.698846,12,3479.330292,clay
79.364369,30,3483.330721,clay
94.900002,18,3486.532817,clay
94.237947,19,3490.020887,clay
75.516156,46,3495.167455,log
86.073269,24,3498.876645,log
77.815021,32,3503.397873,log
79.002716,29,3506.741344,log
107.381097,9,3509.688233,log
88.6,5,3512.467593,log
103.299667,14,3515.701972,clay
86.720729,10,3518.876642,clay
103.320205,13,3522.926933,clay
85.63434,23,3526.785314,diamond_ore
108.08,7,3529.765143,diamond_ore
83.261489,20,3533.63557,diamond_ore
97.82,13,3536.570288,diamond_ore
74.79481,36,3541.169174,diamond_ore
77.405964,29,3545.296958,diamond_ore
73.086384,41,3550.310833,diamond_ore
99.48111,15,3554.584273,diamond_ore
80.148846,22,3558.345232,diamond_ore
76.414713,33,3562.557605,log
92.51413,22,3566.077344,log
105.412804,13,3569.198427,log
74.983098,36,3573.932804,clay
81.482186,25,3578.174304,clay
95.972035,18,3581.647362,clay
92.04,6,3584.497577,diamond_ore
98.760472,12,3587.365971,diamond_ore
85.070458,13,3591.127725,diamond_ore
78.422111,43,3596.01578,log
102.575966,11,3599.026907,log
87.982994,8,3601.917523,log
80.428599,26,3605.568971,diamond_ore
77.908673,33,3610.020793,diamond_ore
86.209227,23,3613.538928,diamond_ore
100.258145,14,3616.934203,clay
83.020794,25,3620.595722,clay
93.256458,6,3623.292393,clay
77.99884,38,3629.35795,log
77.619116,76,3636.208865,log
70.367018,65,3642.142753,log
111.196458,7,3644.892348,clay
83.390207,28,3649.246393,clay
85.047649,24,3652.945366,clay
74.750191,35,3657.009047,clay
77.461451,18,3660.567125,clay
74.230096,51,3666.571516,clay
94.776458,5,3669.430986,log
50.59612,35,3674.782285,log
72.98301,52,3679.959553,log
92.3,5,3683.234925,diamond_ore
110.24,6,3686.03363,diamond_ore
93.81,4,3688.695214,diamond_ore
72.335422,33,3692.983308,diamond_ore
76.482704,31,3697.411473,diamond_ore
72.993888,58,3703.429594,diamond_ore
89.94,6,3706.144589,clay
77.374571,34,3710.498122,clay
106.028145,11,3714.334407,clay
98.699532,16,3717.899536,clay
86.870492,6,3720.738317,clay
90.965966,7,3723.592182,clay
82.71622,27,3727.06024,log
88.781097,9,3730.202255,log
98.179959,17,3733.499345,log
107.93,7,3737.947893,diamond_ore
71.192065,47,3743.218905,diamond_ore
71.900927,31,3747.329759,diamond_ore
107.956458,6,3749.998376,log
71.216564,30,3754.084925,log
86.027565,24,3757.831851,log
93.35,5,3760.66186,clay
80.620548,25,3764.168772,clay
74.682366,36,3768.30475,clay
90.3,7,3770.999253,diamond_ore
95.07,4,3773.630897,diamond_ore
98.705966,13,3776.792551,diamond_ore
102.085946,12,3781.091733,log
93.81,4,3784.232146,log
72.227023,39,3788.843919,log
81.09363,31,3793.111628,diamond_ore
92.27,5,3795.689602,diamond_ore
101.090492,9,3798.620885,diamond_ore
95.576063,19,3802.390735,log
72.636892,57,3807.986084,log
74.293208,46,3813.000552,log
108.96896,9,3815.945781,clay
107.120205,9,3818.901383,clay
88.152933,11,3822.235987,clay
73.358986,40,3827.423248,clay
77.187741,49,3832.632652,clay
84.894862,24,3838.411643,clay
109.365966,7,3841.20465,diamond_ore
96.753768,13,3844.25052,diamond_ore
82.899141,14,3847.199355,diamond_ore
96.965047,16,3850.216274,diamond_ore
67.84705,90,3857.034566,diamond_ore
79.821586,27,3861.952841,diamond_ore
95.07,4,3864.513266,log
91.970571,18,3868.412837,log
92.656063,18,3872.099688,log
104.199229,13,3875.540495,log
95.07,4,3878.033268,log
90.260492,7,3881.031147,log
81.61853,28,3885.426556,clay
89.221097,5,3887.827381,clay
92.26,5,3890.735609,clay
62.211402,34,3895.05241,diamond_ore
73.595972,61,3901.196428,diamond_ore
92.193211,20,3905.151007,diamond_ore
75.8639,19,3908.645401,clay
88.781272,23,3912.391818,clay
79.422617,27,3917.614927,clay
107.357922,10,3920.694764,log
104.339579,13,3924.817955,log
95.669411,19,3928.600745,log
97.22,13,3931.865869,diamond_ore
98.943391,16,3935.228936,diamond_ore
97.380581,13,3938.414771,diamond_ore
75.470705,32,3942.741783,log
109.78,7,3946.075614,log
89.816458,5,3948.82912,log
89.68,7,3951.603537,log
76.354616,29,3956.018931,log
97.897119,18,3959.769486,log
93.345966,5,3962.625507,clay
98.505141,15,3966.114143,clay
86.61896,7,3969.061158,clay
91.51918,16,3972.676451,diamond_ore
100.260492,12,3976.011047,diamond_ore
99.15,12,3979.190753,diamond_ore
73.934298,43,3984.361904,clay
97.838114,16,3987.849428,clay
86.54866,24,3991.788661,clay
86.828015,13,3994.991734,clay
86.852177,25,3999.10579,clay
75.586663,27,4003.210351,clay
88.46409,21,4008.055834,log
87.451069,10,4011.007798,log
106.380472,10,4014.2804,log
83.674475,13,4018.412541,log
85.528537,24,4022.334376,log
71.474232,28,4026.316026,log
87.343913,9,4029.250058,diamond_ore
68.199784,62,4036.577391,diamond_ore
86.666128,10,4039.413666,diamond_ore
98.719436,16,4043.118109,clay
93.81,4,4046.130009,clay
93.62,4,4048.52892,clay
74.089048,22,4052.109186,diamond_ore
83.065623,22,4056.474361,diamond_ore
85.902933,24,4060.30183,diamond_ore
90.460492,7,4064.47981,log
111.479898,7,4067.338126,log
86.646458,7,4070.113801,log
71.090436,53,4076.962104,diamond_ore
95.708145,13,4079.862611,diamond_ore
103.540472,10,4082.959711,diamond_ore
90.56,6,4085.59471,clay
89.788537,23,4089.335015,clay
97.226219,15,4092.459549,clay
91.031426,21,4097.918416,clay
79.042293,16,4101.019969,clay
86.331808,23,4105.040551,clay
88.432994,19,4108.775071,diamond_ore
75.313415,70,4114.981867,diamond_ore
84.989864,25,4118.349865,diamond_ore
86.330986,25,4121.994684,diamond_ore
108.198145,9,4124.878794,diamond_ore
92.408579,17,4127.984572,diamond_ore
78.810314,32,4132.260775,log
67.924288,36,4136.894695,log
75.89395,41,4141.971719,log
87.17,8,4145.201849,clay
101.360267,12,4149.611063,clay
73.986879,36,4154.227174,clay
88.39,7,4157.276259,log
97.358127,15,4161.161627,log
83.182536,13,4165.309054,log
93.642994,16,4168.376568,diamond_ore
104.052994,11,4172.83906,diamond_ore
111.75,5,4176.757855,diamond_ore
96.811153,16,4180.023861,log
89.384445,8,4183.317001,log
78.042146,23,4187.338313,log
101.751097,12,4190.304528,clay
90.310492,7,4193.631638,clay
85.27,9,4196.629899,clay
107.911569,10,4199.652417,diamond_ore
74.699647,44,4204.805391,diamond_ore
76.820869,38,4209.522247,diamond_ore
103.41,10,4212.659307,log
93.774647,15,4215.840199,log
72.291443,36,4220.247372,log
79.990793,41,4225.238073,log
83.38217,27,4229.40124,log
82.902694,28,4233.856379,log
106.76,9,4237.131196,diamond_ore
98.811097,13,4240.19543,diamond_ore
92.32,5,4242.605801,diamond_ore
73.703688,30,4246.660752,clay
86.627453,24,4251.033903,clay
73.599835,50,4257.702386,clay
87.932021,9,4261.328616,clay
87.585966,5,4265.098518,clay
93.480492,5,4268.135444,clay
107.787922,9,4272.681157,diamond_ore
96.095217,15,4277.140434,diamond_ore
103.880839,11,4279.985215,diamond_ore
77.55484,27,4284.167946,log
93.62,4,4286.95235,log
92.04,6,4290.270835,log
99.871151,15,4293.568752,clay
74.331964,46,4299.28333,clay
71.843763,33,4303.697414,clay
111.398127,8,4306.53441,log
74.682853,41,4312.334194,log
86.31409,11,4315.505865,log
74.428594,44,4320.581441,clay
103.820317,13,4323.773744,clay
105.890472,9,4326.769219,clay
72.80704,41,4331.598741,diamond_ore
87.771034,15,4334.911833,diamond_ore
105.661097,11,4338.170534,diamond_ore
85.19,21,4341.692171,diamond_ore
107.22,8,4345.846592,diamond_ore
90.59,6,4348.530616,diamond_ore
109.330492,7,4352.693842,diamond_ore
76.918805,44,4357.67269,diamond_ore
77.719273,45,4363.070534,diamond_ore
91.223786,20,4366.671864,clay
93.62,4,4369.022293,clay
92.550342,20,4373.743007,clay
80.973667,27,4377.856262,log
74.54052,37,4384.285961,log
70.118484,28,4388.720831,log
77.238752,28,4392.439862,log
93.846128,18,4396.11886,log
106.38,8,4399.562977,log
98.619532,12,4404.235855,clay
93.179613,19,4407.602476,clay
95.022106,19,4411.242699,clay
98.464358,15,4414.393647,log
111.396458,7,4417.352795,log
90.280492,7,4420.148412,log
92.04,6,4422.69868,log
101.326106,13,4426.164646,log
104.526641,12,4429.419489,log
74.84,28,4433.888215,diamond_ore
97.160339,16,4437.138396,diamond_ore
89.006707,10,4440.456875,diamond_ore
102.109141,13,4443.585758,diamond_ore
88.86,4,4446.638007,diamond_ore
111.396458,7,4449.443572,diamond_ore
89.590281,22,4453.363799,clay
90.296458,7,4455.936509,clay
92.76,5,4458.790737,clay
66.033859,29,4463.265304,log
74.262877,32,4467.651739,log
74.863092,31,4471.931214,log
99.51,11,4474.650673,diamond_ore
74.840573,30,4479.442705,diamond_ore
79.192172,40,4483.756285,diamond_ore
85.109106,13,4486.953977,clay
91.995905,21,4491.000699,clay
70.4705,32,4495.396795,clay
92.470323,21,4499.310674,clay
72.706441,43,4505.87658,clay
106.783888,12,4508.96245,clay
89.161405,19,4512.185641,diamond_ore
71.734366,42,4518.118699,diamond_ore
78.529731,29,4523.54048,diamond_ore
103.79986,13,4527.755501,clay
97.281253,18,4531.348713,clay
82.611388,24,4535.55275,clay
88.750603,23,4539.196408,clay
89.670492,7,4542.268362,clay
94.816458,5,4545.83513,clay
74.153833,33,4549.903413,log
73.59795,43,4554.179826,log
98.421219,15,4557.578655,log
89.95,6,4560.402179,diamond_ore
93.345966,5,4563.169275,diamond_ore
104.96,9,4565.920079,diamond_ore
96.076436,12,4569.282899,diamond_ore
97.194003,18,4574.544202,diamond_ore
62.994828,43,4581.1589,diamond_ore
93.345966,5,4584.450165,clay
105.498127,11,4587.597019,clay
104.050613,14,4590.910993,clay
93.256458,6,4593.935312,log
86.601219,21,4597.820591,log
91.825966,6,4600.875744,log
109.365966,7,4603.453014,log
76.918597,29,4607.718547,log
67.09852,24,4611.350672,log
91.990492,6,4614.245927,clay
93.81,4,4617.22684,clay
77.082462,38,4621.892527,clay
79.33604,34,4625.959972,log
91.746458,7,4629.042312,log
89.22,19,4633.067826,log
105.29,6,4636.136237,log
74.421971,43,4641.25838,log
94.453366,18,4645.957525,log
79.910562,23,4650.087621,log
97.168406,16,4654.335278,log
88.961069,9,4658.659113,log
82.310791,29,4664.021406,clay
93.963634,19,4667.653013,clay
73.985422,20,4671.165149,clay
89.200327,22,4674.807733,diamond_ore
109.023913,9,4678.026587,diamond_ore
103.238641,14,4681.323526,diamond_ore
71.979842,50,4687.205726,diamond_ore
95.07,4,4690.005886,diamond_ore
80.26611,20,4693.695177,diamond_ore
96.837758,16,4696.997852,clay
107.347422,10,4700.189055,clay
86.44158,22,4704.105401,clay
86.253705,24,4709.387649,diamond_ore
59.050819,28,4713.531456,diamond_ore
84.066712,29,4717.713011,diamond_ore
91.696458,7,4720.467666,log
73.614024,38,4725.068403,log
87.217745,24,4728.901995,log
83.382812,10,4731.933132,diamond_ore
95.492972,18,4735.397095,diamond_ore
88.346125,8,4738.548322,diamond_ore
99.153913,13,4742.072765,diamond_ore
92.481097,15,4745.443194,diamond_ore
91.825966,6,4748.366874,diamond_ore
74.457288,21,4752.862247,clay
76.958599,23,4756.310332,clay
73.307363,44,4761.364974,clay
89.02846,24,4764.794164,clay
86.870492,6,4767.588745,clay
108.410492,8,4770.787725,clay
94.766458,5,4773.575652,clay
107.828127,9,4776.787097,clay
98.609436,17,4780.349975,clay
77.918187,27,4785.087588,diamond_ore
75.70174,44,4790.235829,diamond_ore
79.758478,24,4793.845916,diamond_ore
87.65,7,4796.773873,log
98.059102,15,4800.205431,log
83.010927,25,4804.186913,log
103.730295,13,4807.64892,log
88.4,5,4810.677417,log
106.57,8,4813.573524,log
87.65,7,4816.636595,log
68.854562,99,4824.87444,log
85.862893,23,4828.991967,log
111.49,6,4831.86777,diamond_ore
75.98047,32,4836.379749,diamond_ore
75.746768,42,4841.086785,diamond_ore
91.965282,20,4844.849405,diamond_ore
93.36,5,4847.503269,diamond_ore
108.08,7,4850.553809,diamond_ore
79.129211,35,4855.577806,clay
80.617925,20,4858.65139,clay
93.986184,16,4862.41069,clay
93.81,4,4865.317573,diamond_ore
98.983913,13,4869.510533,diamond_ore
84.260039,12,4872.692538,diamond_ore
108.48,7,4875.47618,clay
87.101657,11,4880.25623,clay
96.679203,17,4884.115101,clay
92.639618,20,4887.914566,clay
90.931588,7,4890.56802,clay
109.351097,7,4893.501745,clay
88.865896,24,4897.302101,log
74.46849,31,4901.909723,log
75.928117,29,4906.353422,log
74.778501,35,4911.051961,log
89.851097,7,4914.228974,log
109.365966,7,4917.287323,log
72.44067,55,4922.68838,diamond_ore
77.150689,48,4928.432675,diamond_ore
87.752804,22,4932.240881,diamond_ore
76.632347,30,4936.559873,diamond_ore
92.01,6,4939.33296,diamond_ore
90.951588,7,4942.277668,diamond_ore
91.5,5,4945.233799,diamond_ore
93.619998,20,4949.152392,diamond_ore
105.792021,10,4951.903867,diamond_ore
104.88,9,4955.042027,clay
89.012288,15,4958.272319,clay
90.831219,20,4961.506213,clay
90.14,7,4964.511121,log
100.52,13,4967.864121,log
104.488117,12,4971.582782,log
64.384188,31,4975.721069,clay
91.829831,20,4979.015042,clay
75.113771,45,4985.180379,clay
97.799989,16,4989.979755,log
95.040492,4,4993.021938,log
109.330492,7,4997.322845,log
73.186232,41,5002.417936,clay
86.89,6,5005.47676,clay
92.396458,7,5008.620837,clay
78.656993,29,5012.856217,log
88.622476,23,5016.750269,log
80.268636,34,5021.324291,log
79.848232,27,5025.32005,log
91.812331,14,5028.491399,log
97.449346,17,5031.955577,log
97.731097,14,5036.053707,diamond_ore
89.21,6,5038.906587,diamond_ore
103.781097,10,5042.547175,diamond_ore
88.279579,11,5045.681365,log
95.019569,17,5049.080587,log
99.859386,18,5053.004652,log
77.978538,30,5057.618148,log
90.310492,7,5060.537432,log
88.632994,8,5063.635437,log
74.893467,28,5067.587055,diamond_ore
74.052272,34,5073.646877,diamond_ore
71.670496,42,5078.404723,diamond_ore
92.809744,19,5082.139259,clay
101.9,11,5085.488308,clay
94.302888,19,5088.788114,clay
103.117656,12,5091.953198,clay
79.908233,25,5096.119914,clay
86.320712,22,5099.904135,clay
104.36,9,5102.645117,diamond_ore
88.261569,9,5105.882704,diamond_ore
100.824281,14,5109.572031,diamond_ore
89.94,6,5112.55624,clay
88.920492,7,5115.506149,clay
93.56,5,5118.266127,clay
75.124744,64,5124.796219,log
89.071097,7,5127.631795,log
87.68,7,5130.87446,log
75.383276,35,5135.768639,clay
79.253443,29,5140.706404,clay
96.038823,18,5144.723072,clay
95.07,4,5147.257754,diamond_ore
71.785762,87,5155.022914,diamond_ore
94.183106,18,5158.430789,diamond_ore
81.623644,27,5163.321635,diamond_ore
105.561219,12,5166.365395,diamond_ore
97.373913,14,5169.984782,diamond_ore
74.136671,33,5175.719795,log
79.237822,40,5181.313585,log
75.893665,28,5185.368714,log
93.47,4,5189.8993,clay
84.850346,25,5193.740175,clay
102.218874,13,5196.862991,clay
106.822994,8,5199.953895,log
98.797155,13,5203.122477,log
102.067422,13,5206.589476,log
89.53,7,5209.988672,diamond_ore
109.965966,7,5212.766701,diamond_ore
90.74,6,5215.777876,diamond_ore
86.740151,23,5219.947926,clay
95.066005,16,5223.117218,clay
94.645966,5,5225.991415,clay
104.28,9,5229.067689,clay
87.665017,24,5232.724466,clay
99.695015,14,5236.065173,clay
100.730562,11,5239.262985,log
88.025966,8,5242.054615,log
90.53,7,5244.955169,log
96.490601,16,5248.350226,clay
90.942994,7,5251.123731,clay
92.511097,6,5254.81666,clay
75.153551,76,5261.703765,log
81.70426,26,5265.692222,log
81.640574,24,5269.599175,log
87.367844,17,5273.363971,diamond_ore
71.782376,38,5278.121671,diamond_ore
78.238117,23,5281.751721,diamond_ore
101.845256,12,5285.931515,clay
82.700101,19,5289.906163,clay
70.379914,30,5294.225741,clay
76.126507,29,5298.412446,diamond_ore
89.21,19,5303.421,diamond_ore
91.95,17,5306.947577,diamond_ore
93.55,5,5309.772553,diamond_ore
100.837097,13,5312.749417,diamond_ore
97.67358,15,5316.106641,diamond_ore
63.186244,32,5320.607537,log
87.674507,21,5324.396279,log
99.706199,16,5327.697522,log
90.351097,7,5330.725361,diamond_ore
108.861424,10,5335.3708,diamond_ore
106.721569,10,5338.188153,diamond_ore
91.990492,6,5341.23042,clay
90.460492,7,5344.007628,clay
87.960492,8,5346.963762,clay
108.57,8,5350.205733,diamond_ore
97.02,14,5353.11999,diamond_ore
111.75,5,5357.626696,diamond_ore
79.7619,29,5362.232191,clay
91.70498,19,5366.172911,clay
100.000973,16,5369.417363,clay
73.585171,30,5374.457652,diamond_ore
98.761781,16,5377.683539,diamond_ore
80.222384,28,5382.667706,diamond_ore
98.155966,13,5385.845058,log
88.641588,8,5388.819549,log
88.306458,6,5392.345283,log
86.617555,7,5395.768978,log
96.040839,20,5399.154434,log
83.092068,26,5402.870623,log
106.525966,6,5405.657966,clay
60.93091,44,5411.862688,clay
56.121405,21,5415.471455,clay
96.250601,17,5418.977747,log
74.413014,37,5423.238076,log
88.71803,20,5426.655893,log
105.668145,12,5429.98798,log
109.78,7,5432.566695,log
89.816458,5,5435.388476,log
92.172047,20,5439.242712,diamond_ore
100.415966,12,5442.129908,diamond_ore
100.55,11,5445.157825,diamond_ore
104.899346,12,5449.61694,log
89.436462,22,5453.879238,log
72.515591,33,5458.454731,log
101.807844,13,5461.697811,diamond_ore
84.076541,26,5467.278189,diamond_ore
80.04318,26,5472.423034,diamond_ore
106.1698,13,5475.744996,clay
99.119307,15,5479.112015,clay
71.884766,30,5484.417058,clay
106.883913,10,5487.537998,clay
85.751097,8,5490.48,clay
98.865421,15,5493.992962,clay
103.838079,13,5496.959293,diamond_ore
79.551288,27,5501.062261,diamond_ore
78.449976,34,5506.577812,diamond_ore
91.84,6,5509.266288,clay
84.15195,25,5513.602466,clay
96.642696,18,5516.931809,clay
100.71004,15,5520.226794,log
105.828145,11,5524.113124,log
79.106244,27,5528.089267,log
103.412,14,5531.348028,log
88.708127,22,5535.053509,log
44.699872,49,5540.70266,log
108.118079,10,5543.774206,diamond_ore
92.00382,19,5547.153481,diamond_ore
86.144717,10,5550.306911,diamond_ore
106.118127,10,5553.334773,diamond_ore
94.766458,5,5557.399417,diamond_ore
79.82,13,5560.884614,diamond_ore
98.618579,16,5564.484347,log
106.11,11,5567.44973,log
88.048015,12,5570.950955,log
91.297063,12,5574.058484,diamond_ore
91.946165,20,5577.658996,diamond_ore
90.500253,20,5581.452989,diamond_ore
104.589054,13,5584.856332,clay
99.761726,15,5588.112568,clay
77.03833,55,5593.923666,clay
99.062721,13,5596.758355,clay
90.714271,22,5601.26616,clay
97.299539,15,5605.225366,clay
80.646414,39,5609.610318,clay
92.25,5,5612.474066,clay
85.26,9,5616.131859,clay
77.251162,28,5619.694207,log
93.51,5,5622.213998,log
98.38,12,5624.97441,log
91.833583,19,5628.509716,diamond_ore
76.197774,35,5633.124915,diamond_ore
74.889972,31,5637.894139,diamond_ore
93.085966,6,5640.458653,log
95.441137,17,5644.059737,log
101.251452,13,5647.259048,log
111.396458,7,5651.346618,diamond_ore
78.027642,28,5655.44542,diamond_ore
74.279289,42,5660.625098,diamond_ore
93.530492,5,5663.994483,clay
97.761069,13,5668.756016,clay
89.679091,17,5672.121915,clay
68.482302,81,5679.593513,clay
90.946458,7,5682.452617,clay
90.33,7,5685.383151,clay
93.154157,21,5688.957422,log
99.14,13,5692.155048,log
100.052,15,5695.549766,log
108.09,7,5698.414547,clay
76.241641,32,5702.872074,clay
87.580612,18,5706.874622,clay
100.18,12,5710.004561,log
108.882994,8,5712.850504,log
89.68,7,5716.994676,log
75.867653,37,5722.123476,diamond_ore
95.07,4,5725.286459,diamond_ore
98.79,13,5728.559349,diamond_ore
89.591097,8,5732.623323,diamond_ore
86.943479,25,5738.055215,diamond_ore
73.731074,30,5743.540527,diamond_ore
100.09,11,5746.522516,diamond_ore
86.93,22,5750.490662,diamond_ore
74.096645,40,5755.169332,diamond_ore
89.801433,15,5758.363791,clay
76.979346,29,5762.497911,clay
82.142134,14,5765.729607,clay
108.471588,8,5768.843001,diamond_ore
104.21,9,5772.611625,diamond_ore
110.581588,7,5775.594316,diamond_ore
93.248568,17,5779.127743,log
99.709989,13,5782.289389,log
101.551205,13,5785.482676,log
96.157288,14,5788.772826,log
93.931132,18,5792.175305,log
75.345199,33,5796.559696,log
104.96,9,5799.4812,clay
90.771911,20,5804.471292,clay
86.135256,11,5807.456735,clay
80.577265,27,5811.656107,log
90.460492,7,5816.057323,log
110.160492,7,5819.02325,log
77.793519,39,5824.315534,clay
107.955966,8,5827.633778,clay
86.490492,9,5831.746896,clay
74.819619,31,5836.381951,log
94.021691,18,5839.528217,log
64.899977,81,5846.787813,log
107.356458,6,5850.13677,clay
80.520362,27,5854.506353,clay
81.92174,27,5858.672822,clay
75.785671,35,5863.24779,clay
106.381914,10,5868.172714,clay
88.283452,23,5871.954564,clay
103.478284,14,5875.455832,diamond_ore
79.179408,28,5879.314527,diamond_ore
76.382057,43,5884.200571,diamond_ore
100.701452,12,5887.328684,log
88.944063,10,5890.777478,log
93.58329,19,5894.539728,log
93.62,4,5897.701771,diamond_ore
90.54,6,5900.674775,diamond_ore
92.25,5,5903.460453,diamond_ore
78.466255,40,5908.166406,log
93.55,5,5911.323617,log
103.58,7,5914.362329,log
79.77883,29,5918.619727,diamond_ore
105.618079,11,5921.303664,diamond_ore
91.868554,21,5925.563457,diamond_ore
88.66,4,5928.152489,clay
91.189269,20,5931.538905,clay
100.049102,13,5934.6284,clay
90.161489,20,5939.840524,clay
95.567498,19,5944.778922,clay
102.36,9,5947.712658,clay
76.781339,35,5951.941607,diamond_ore
79.08,13,5954.932761,diamond_ore
103.202994,10,5958.230899,diamond_ore
97.318217,16,5961.473745,log
91.24,6,5964.201109,log
90.951097,7,5966.975195,log
102.305946,13,5970.664783,clay
91.31,5,5973.132468,clay
91.696458,7,5976.040976,clay
100.802331,15,5978.895754,diamond_ore
75.446826,33,5984.360626,diamond_ore
82.564625,26,5987.827541,diamond_ore
92.04,6,5990.828996,log
85.02575,27,5994.603645,log
79.860839,26,5999.275673,log
88.761364,9,6002.315921,diamond_ore
100.233296,12,6005.258324,diamond_ore
78.251166,48,6010.673964,diamond_ore
80.049026,24,6014.779011,log
102.878579,11,6018.121971,log
106.920205,9,6021.195924,log
64.625141,40,6025.691002,clay
78.19863,25,6029.398789,clay
76.096693,44,6034.752858,clay
90.265966,7,6037.753968,diamond_ore
81.323848,29,6042.260798,diamond_ore
74.82372,42,6046.893758,diamond_ore
109.965966,7,6049.69043,log
75.44,27,6053.700473,log
102.106625,12,6056.937541,log
72.966152,47,6062.106673,log
74.738883,39,6066.496541,log
80.929048,35,6071.666506,log
80.969586,30,6076.806687,diamond_ore
93.81,4,6079.673061,diamond_ore
91.5,5,6082.751121,diamond_ore
76.181507,28,6087.123045,clay
93.51,5,6089.735914,clay
92.76,5,6092.188367,clay
95.07,4,6095.273648,clay
79.103019,29,6099.641559,clay
83.002331,24,6103.709882,clay
80.323014,26,6107.576115,clay
69.404214,34,6113.362613,clay
88.891385,22,6117.479051,clay
76.322808,25,6121.341331,diamond_ore
97.821034,18,6125.044392,diamond_ore
70.902705,61,6130.940706,diamond_ore
75.603362,40,6136.131679,log
111.5,6,6138.627763,log
88.4,5,6141.457411,log
70.305402,51,6147.031,diamond_ore
84.123372,24,6150.83155,diamond_ore
86.582052,23,6154.585281,diamond_ore
111.69,6,6157.659138,log
91.696458,7,6160.426807,log
89.99,6,6163.280764,log
98.3189,18,6168.693831,diamond_ore
75.698212,57,6175.544557,diamond_ore
101.423847,13,6178.758996,diamond_ore
109.45,6,6181.64746,clay
80.491677,27,6186.715961,clay
88.310864,9,6191.022848,clay
100.498874,15,6194.209168,clay
93.62,4,6196.965952,clay
91.84,6,6199.625415,clay
101.45786,14,6203.883047,diamond_ore
89.73,7,6206.787195,diamond_ore
110.796458,7,6209.574925,diamond_ore
92.998579,18,6213.163058,log
90.652304,21,6216.857646,log
69.491658,55,6223.285493,log
75.960474,26,6226.998323,clay
95.341634,18,6230.33064,clay
92.606156,21,6233.913486,clay
89.920659,16,6237.094203,log
96.98867,19,6240.611005,log
77.318906,32,6244.360258,log
90.402239,21,6248.123951,log
102.58,12,6250.997645,log
103.729619,11,6253.7237,log
85.900601,20,6257.532403,clay
93.62,4,6259.956104,clay
107.62,8,6263.072485,clay
93.81,4,6266.009317,clay
88.748377,22,6270.158709,clay
98.862606,16,6274.776319,clay
77.102067,30,6279.514315,diamond_ore
95.48,13,6282.723033,diamond_ore
106.38,8,6285.454062,diamond_ore
73.769835,43,6290.542229,diamond_ore
72.177941,36,6295.330152,diamond_ore
80.676029,25,6300.362431,diamond_ore
92.58294,19,6304.360526,clay
89.800239,21,6307.99128,clay
90.927244,22,6311.662502,clay
84.612146,21,6315.290227,log
87.711097,6,6318.504853,log
112.980492,5,6321.428311,log
99.305966,13,6326.014245,log
75.439223,31,6330.242912,log
96.722117,17,6333.912003,log
96.193366,17,6338.275227,diamond_ore
77.390153,38,6344.210093,diamond_ore
83.732975,24,6349.146312,diamond_ore
87.378846,24,6352.89185,diamond_ore
68.923725,51,6358.019829,diamond_ore
107.041097,8,6361.26627,diamond_ore
73.151353,43,6366.215707,clay
93.177985,17,6369.513868,clay
93.480492,5,6372.454368,clay
103.601491,12,6375.852238,diamond_ore
87.56806,24,6379.75773,diamond_ore
76.973225,29,6384.124288,diamond_ore
98.852893,13,6389.175111,clay
86.600534,24,6393.028773,clay
71.344619,27,6396.807154,clay
80.028127,28,6400.905716,clay
85.170253,13,6403.987101,clay
79.819879,27,6408.022655,clay
90.286464,20,6412.022632,diamond_ore
85.106436,11,6415.07563,diamond_ore
67.508276,71,6421.860366,diamond_ore
93.490936,19,6425.928343,log
93.921489,18,6429.57955,log
97.54,13,6432.618528,log
91.825966,6,6435.429571,log
75.614925,59,6440.775214,log
82.068008,27,6445.735378,log
82.073411,28,6450.124368,log
98.852975,14,6453.688411,log
102.916436,13,6457.336362,log
89.99,6,6460.327006,diamond_ore
102.040472,14,6463.746623,diamond_ore
93.253613,20,6467.156579,diamond_ore
92.06,5,6469.877313,clay
94.645966,5,6473.461606,clay
95.07,4,6476.210628,clay
103.4,10,6479.203544,clay
104.603415,11,6482.623757,clay
88.472035,23,6486.553308,clay
82.19,11,6489.840195,log
89.79,6,6492.59564,log
92.26,5,6495.755674,log
90.310492,7,6498.946371,log
106.1,10,6502.547495,log
77.394099,33,6508.436222,log
83.240507,25,6512.227738,log
90.176621,21,6516.441041,log
85.175821,23,6520.702424,log
108.04,7,6523.313645,clay
74.599436,30,6527.25775,clay
79.965316,28,6532.857518,clay
64.220467,100,6542.725248,diamond_ore
80.96313,29,6547.490427,diamond_ore
92.724214,18,6550.741681,diamond_ore
69.290612,17,6554.234583,diamond_ore
88.66,4,6556.925713,diamond_ore
108.450492,8,6559.996497,diamond_ore
100.648807,15,6563.507033,log
97.881539,14,6566.759531,log
73.232331,41,6571.775739,log
90.350022,20,6575.375703,clay
102.841512,14,6578.559682,clay
80.109444,25,6582.35969,clay
74.303497,41,6587.812545,clay
94.776458,5,6591.815599,clay
106.86,9,6594.873585,clay
85.590472,21,6598.392943,diamond_ore
99.491405,14,6601.886547,diamond_ore
84.699308,13,6605.188521,diamond_ore
97.738145,15,6609.659497,diamond_ore
111.88896,7,6613.570455,diamond_ore
88.43,7,6617.590052,diamond_ore
86.738987,25,6621.783472,clay
93.790697,18,6625.191769,clay
91.120916,18,6628.378848,clay
104.49,6,6631.192608,log
75.304948,32,6637.229198,log
98.476625,16,6640.428717,log
88.393913,22,6645.49325,log
92.25,5,6648.545929,log
108.54,7,6651.545172,log
85.837391,25,6655.522351,diamond_ore
72.483549,26,6659.467597,diamond_ore
86.541663,26,6663.551628,diamond_ore
104.838874,12,6666.704857,clay
74.656473,36,6671.558978,clay
94.480239,18,6676.228683,clay
97.608602,14,6680.853439,clay
91.825966,6,6683.683686,clay
87.692994,6,6687.675463,clay
74.853342,32,6692.04406,diamond_ore
68.856181,76,6698.776998,diamond_ore
77.085264,35,6703.588605,diamond_ore
89.465098,22,6707.743636,log
75.39675,39,6712.657838,log
96.896183,17,6716.511948,log
88.057906,21,6720.161578,log
87.962809,21,6723.938849,log
51.349819,92,6731.678723,log
94.112624,19,6734.788702,clay
82.662933,14,6738.249092,clay
81.310068,27,6742.594982,clay
89.260476,22,6746.058467,diamond_ore
63.722841,25,6751.280599,diamond_ore
88.93,7,6754.018016,diamond_ore
88.306458,6,6757.927639,diamond_ore
93.583913,18,6761.597209,diamond_ore
87.673319,22,6765.095594,diamond_ore
93.36,5,6768.7687,log
96.131097,15,6772.191812,log
109.765966,7,6775.061379,log
67.510035,39,6779.642787,diamond_ore
78.856439,28,6783.710053,diamond_ore
88.580952,21,6787.621771,diamond_ore
107.93,7,6791.638443,log
89.635732,22,6795.320774,log
87.603913,21,6800.0458,log
113.000492,5,6804.470197,clay
97.774723,16,6807.506864,clay
94.070927,19,6811.011201,clay
89.425966,8,6813.879947,diamond_ore
88.810587,23,6817.741637,diamond_ore
88.492942,9,6820.868336,diamond_ore
97.01,14,6824.250261,clay
86.875966,6,6826.975838,clay
108.68,7,6830.26186,clay
89.129716,21,6833.86227,log
93.330492,5,6837.106099,log
89.73,7,6839.812274,log
96.36636,15,6843.280141,log
74.311545,45,6848.395799,log
105.1,10,6851.958881,log
99.032933,16,6855.394087,clay
76.332513,29,6859.944914,clay
104.830472,11,6862.890249,clay
82.312161,27,6866.858522,diamond_ore
88.306458,6,6869.923234,diamond_ore
76.236444,30,6874.808422,diamond_ore
110.801097,7,6877.8651,diamond_ore
88.481541,23,6883.461765,diamond_ore
82.373433,28,6887.307766,diamond_ore
107.24,8,6890.217785,log
95.771489,18,6893.627244,log
87.120927,21,6897.372419,log
113.045966,5,6900.953369,diamond_ore
98.482994,12,6903.926992,diamond_ore
96.976625,16,6908.610771,diamond_ore
79.763482,37,6913.379733,log
111.56,5,6916.148792,log
97.83,14,6920.353462,log
112.61,5,6922.942698,log
96.535694,18,6926.791698,log
75.821313,38,6931.349629,log
92.04,6,6934.113952,clay
64.887401,32,6939.040584,clay
100.731364,13,6942.276563,clay
102.1595,13,6946.033568,clay
88.374019,24,6949.861342,clay
90.792331,20,6953.592644,clay
102.61,10,6958.121357,diamond_ore
113.01,5,6960.593904,diamond_ore
101.73,7,6963.44945,diamond_ore
74.059296,31,6967.649421,clay
87.75,20,6971.460419,clay
108.73,7,6974.408126,clay
75.46832,33,6979.860344,log
95.27409,15,6983.147329,log
106.611588,10,6986.407464,log
75.368247,41,6991.285758,diamond_ore
69.568507,27,6995.440477,diamond_ore
83.835226,26,6999.092817,diamond_ore
104.58164,12,7002.263239,clay
78.892493,28,7006.363105,clay
79.76,14,7009.753488,clay
109.78,7,7012.763474,log
108.75019,9,7015.822766,log
88.660118,19,7019.382087,log
90.481338,21,7024.780006,clay
74.17795,34,7029.220652,clay
75.731718,31,7034.762379,clay
93.55,5,7037.350025,diamond_ore
111.09,6,7040.286299,diamond_ore
107.076458,9,7043.262418,diamond_ore
76.47,29,7047.310492,clay
88.86,4,7049.90839,clay
111.396458,7,7053.780931,clay
71.894844,42,7059.330143,log
75.477008,28,7064.309852,log
80.231502,25,7068.423293,log
96.896625,15,7071.971626,diamond_ore
72.126365,40,7076.667853,diamond_ore
100.468127,14,7080.179916,diamond_ore
89.53,7,7083.242095,clay
72.110032,38,7088.204625,clay
74.456834,23,7093.242675,clay
106.876458,9,7097.194198,diamond_ore
81.211489,24,7100.902793,diamond_ore
78.909059,26,7104.514724,diamond_ore
111.56,5,7107.228466,log
103.37069,12,7110.524379,log
91.934647,19,7114.006593,log
83.82382,24,7117.999028,clay
74.825027,39,7124.07154,clay
78.231569,12,7127.243053,clay
85.671285,26,7131.676545,diamond_ore
83.930472,10,7134.897944,diamond_ore
86.046125,12,7138.266459,diamond_ore
104.49,6,7141.106427,clay
89.0,7,7143.932943,clay
106.995966,9,7146.896373,clay
94.332218,17,7150.734374,log
92.971097,16,7153.946484,log
90.59,6,7156.613524,log
111.680492,6,7159.481903,log
90.753381,21,7163.22975,log
74.89091,29,7167.386442,log
98.614804,16,7171.570718,diamond_ore
93.345966,5,7174.331876,diamond_ore
112.61,5,7177.228769,diamond_ore
86.29,6,7179.964461,diamond_ore
85.331163,22,7184.444131,diamond_ore
88.555256,23,7188.158838,diamond_ore
75.453051,55,7194.35684,clay
88.66,4,7197.101931,clay
105.09,6,7200.022512,clay
75.712733,34,7204.595765,diamond_ore
93.55,5,7207.582188,diamond_ore
107.991097,8,7210.495596,diamond_ore
70.920751,38,7215.400683,log
90.082574,20,7219.140181,log
96.917406,16,7222.792825,log
87.800053,23,7227.89994,log
88.859059,21,7231.793908,log
100.629596,14,7235.08953,log
82.792017,20,7239.278842,clay
93.511085,18,7242.746775,clay
92.43,19,7246.613862,clay
103.921097,10,7249.696792,diamond_ore
82.991569,11,7252.756432,diamond_ore
101.768079,11,7255.79447,diamond_ore
84.84038,25,7260.015004,log
109.965966,7,7264.42574,log
109.505966,8,7267.329723,log
71.011144,27,7271.382705,clay
83.178582,24,7275.494991,clay
103.599798,14,7278.520672,clay
104.542331,12,7281.70513,clay
93.81,4,7284.508759,clay
90.43,7,7287.885531,clay
89.280039,18,7291.699773,log
103.641588,11,7295.058789,log
90.7,6,7297.638957,log
106.51,9,7300.960777,log
104.241569,11,7303.937971,log
86.196379,24,7308.069672,log
90.751405,19,7311.521646,clay
63.935599,33,7315.81307,clay
72.896649,44,7321.133572,clay
88.23,7,7324.042959,diamond_ore
91.912823,18,7327.36648,diamond_ore
104.69,6,7331.66282,diamond_ore
86.671472,24,7335.272563,clay
104.663847,10,7339.335778,clay
79.164366,44,7346.009979,clay
78.844897,38,7352.016079,diamond_ore
64.379426,38,7356.459006,diamond_ore
72.787649,45,7361.830481,diamond_ore
106.14,6,7364.590731,log
85.549705,24,7368.647899,log
93.452134,19,7372.27078,log
95.155694,16,7375.931437,diamond_ore
85.644663,24,7380.646772,diamond_ore
94.701539,17,7384.06353,diamond_ore
75.265759,35,7388.757914,diamond_ore
73.596577,35,7393.392702,diamond_ore
97.117414,17,7396.930481,diamond_ore
91.823506,19,7400.592696,clay
74.056068,51,7406.236577,clay
105.29,11,7409.741953,clay
67.878581,22,7413.861057,diamond_ore
101.943442,11,7417.290914,diamond_ore
100.83112,13,7420.989514,diamond_ore
75.108579,32,7425.280878,log
71.757936,36,7429.815647,log
103.010039,12,7432.97787,log
72.626922,40,7438.624995,clay
94.060273,17,7443.317196,clay
91.920507,18,7446.957423,clay
92.76,5,7449.670195,diamond_ore
89.886452,20,7453.465693,diamond_ore
102.986796,12,7456.542696,diamond_ore
73.917178,48,7461.780612,clay
86.89,6,7464.586139,clay
105.446458,7,7468.716505,clay
88.309382,22,7472.505591,log
82.120654,23,7476.3842,log
71.629255,39,7481.128201,log
69.652293,31,7486.714239,log
106.42,8,7489.648307,log
104.72,9,7492.56494,log
76.983303,29,7497.027033,diamond_ore
90.310492,7,7500.148247,diamond_ore
89.73,7,7504.328371,diamond_ore
93.912035,19,7508.224993,clay
72.809457,42,7513.096489,clay
92.721853,20,7516.583871,clay
96.941617,17,7520.166064,clay
89.99,6,7523.049196,clay
93.216458,6,7527.45052,clay
72.149456,43,7532.429475,log
100.900472,13,7536.577028,log
106.77,9,7539.855239,log
88.755842,22,7543.759909,clay
78.858568,27,7548.68899,clay
79.338438,26,7552.511957,clay
67.376864,37,7557.006789,diamond_ore
81.571961,26,7561.333483,diamond_ore
97.4,15,7565.676956,diamond_ore
92.131694,17,7568.934309,log
92.04,6,7571.723979,log
89.455966,8,7574.765087,log
80.29,22,7578.260313,log
75.59657,31,7582.62705,log
81.381967,25,7586.717791,log
63.908522,54,7592.472015,diamond_ore
85.037125,24,7596.254054,diamond_ore
77.537944,29,7601.594193,diamond_ore
90.840835,18,7605.110977,diamond_ore
103.321097,10,7608.217439,diamond_ore
101.9,10,7612.439206,diamond_ore
92.959436,17,7616.959008,clay
109.286625,9,7620.089195,clay
97.224693,17,7623.795169,clay
111.75,5,7626.349079,log
97.291336,17,7629.475353,log
75.850292,44,7637.38174,log
75.873472,31,7641.881165,log
89.760612,20,7645.494104,log
105.847922,11,7648.629057,log
104.84,6,7651.39208,diamond_ore
100.626516,14,7654.629642,diamond_ore
107.368777,11,7658.177386,diamond_ore
92.687097,18,7661.713252,log
88.710492,8,7664.751028,log
101.51,10,7668.015039,log
77.275309,42,7672.777184,clay
90.287453,18,7676.175205,clay
79.531638,28,7680.375224,clay
93.454113,19,7684.096352,diamond_ore
91.252218,21,7687.648593,diamond_ore
80.674962,25,7691.569035,diamond_ore
107.508079,11,7694.784391,clay
87.13,8,7697.756171,clay
89.21,6,7701.687025,clay
76.53185,54,7707.369962,diamond_ore
98.481097,14,7710.884088,diamond_ore
105.09,6,7713.76423,diamond_ore
89.99,6,7716.979019,diamond_ore
82.818438,23,7721.018412,diamond_ore
85.663859,24,7726.55828,diamond_ore
69.526552,52,7731.758764,log
90.315966,7,7734.802135,log
67.358034,83,7742.662168,log
85.404314,24,7747.122783,diamond_ore
89.922708,20,7750.77318,diamond_ore
99.311974,16,7754.116229,diamond_ore
108.431588,8,7756.948826,log
81.637456,26,7761.514942,log
77.280338,24,7766.436836,log
109.960492,7,7770.063672,clay
79.942101,28,7774.125931,clay
72.9598,34,7778.55464,clay
75.686251,27,7782.903586,log
86.211539,22,7786.941991,log
94.568579,11,7789.928821,log
94.95,15,7793.361934,clay
85.22975,20,7797.112367,clay
84.94,11,7799.981975,clay
103.79,11,7803.749357,clay
93.61,4,7806.224665,clay
78.145141,28,7810.325335,clay
76.993766,36,7815.019072,log
108.93,7,7819.26635,log
109.98,7,7821.981307,log
74.595831,37,7827.06371,clay
92.1,5,7829.845467,clay
92.04,6,7834.173062,clay
105.436625,10,7837.988336,diamond_ore
68.864153,57,7844.615762,diamond_ore
84.293439,25,7850.104776,diamond_ore
93.81,4,7854.275479,clay
102.548617,12,7857.481734,clay
89.495204,21,7861.615489,clay
107.88,7,7864.477598,diamond_ore
93.572626,19,7867.928778,diamond_ore
74.744538,34,7872.453566,diamond_ore
87.02,9,7875.396518,log
90.889141,18,7878.812523,log
93.458316,21,7882.359872,log
111.75,5,7885.396127,clay
75.769292,30,7890.318626,clay
97.88,14,7893.420772,clay
75.187464,59,7899.527624,diamond_ore
90.11,4,7902.345238,diamond_ore
108.13,7,7905.488124,diamond_ore
105.433361,10,7908.965888,log
80.432083,23,7912.964847,log
101.687141,14,7917.297992,log
106.52,8,7920.425762,diamond_ore
103.4,10,7923.532865,diamond_ore
76.072624,29,7927.850105,diamond_ore
95.07,4,7930.604145,clay
107.69,8,7934.574978,clay
92.29,16,7938.626007,clay
107.396436,10,7941.803411,diamond_ore
101.711472,15,7945.174411,diamond_ore
102.313268,15,7948.959703,diamond_ore
90.315966,7,7951.728811,log
89.740966,18,7957.167901,log
82.911174,24,7960.95076,log
106.62,8,7963.938429,diamond_ore
106.88,8,7966.827277,diamond_ore
103.615966,7,7970.67765,diamond_ore
100.94,13,7974.045476,log
86.89,6,7976.929548,log
109.091097,8,7980.16771,log
93.56,5,7982.986581,log
97.14232,16,7987.037404,log
90.956366,20,7990.767997,log
87.15,5,7993.803946,clay
81.862134,14,7997.131606,clay
90.242017,21,8000.924134,clay
74.800654,36,8006.565861,clay
73.108846,30,8011.054866,clay
84.250562,24,8014.887835,clay
102.02,10,8018.027,log
78.592844,34,8022.647287,log
76.128394,27,8026.650096,log
75.398184,42,8032.08215,log
105.690492,9,8034.958609,log
93.56,5,8037.893725,log
75.696096,35,8042.793609,clay
88.720927,21,8046.193691,clay
78.613815,32,8051.815418,clay
99.851097,12,8055.397601,diamond_ore
75.086541,37,8060.525619,diamond_ore
83.692331,12,8063.772633,diamond_ore
88.831364,8,8066.785099,diamond_ore
107.961097,7,8069.620775,diamond_ore
108.53,7,8072.412888,diamond_ore
80.802429,24,8076.22088,clay
101.840839,13,8079.7397,clay
100.38493,16,8083.331869,clay
80.752433,25,8087.948852,diamond_ore
92.854164,20,8091.900069,diamond_ore
89.658879,21,8095.539364,diamond_ore
97.965421,12,8100.402507,clay
109.78,7,8103.396688,clay
107.93,7,8106.295032,clay
75.626309,31,8110.34713,log
96.35,15,8113.906383,log
78.061219,25,8117.955,log
105.36,9,8121.663435,diamond_ore
104.62,9,8124.566059,diamond_ore
107.46,9,8127.670279,diamond_ore
76.081405,26,8131.647051,log
104.365966,7,8134.603385,log
74.223635,40,8140.122793,log
99.779091,12,8143.217646,clay
73.985674,39,8148.306125,clay
106.332942,10,8151.551853,clay
101.261405,13,8154.458977,clay
95.0,17,8157.729335,clay
83.961028,19,8161.771141,clay
103.127453,14,8165.512404,log
84.441108,25,8169.743711,log
93.85,16,8173.930813,log
84.801489,22,8177.574731,diamond_ore
74.023758,40,8182.92887,diamond_ore
109.286625,9,8186.777833,diamond_ore
88.686234,22,8190.523229,log
93.011715,22,8194.657896,log
77.632429,26,8198.784919,log
102.869296,13,8202.414042,diamond_ore
81.001287,24,8206.986928,diamond_ore
95.010039,15,8210.526051,diamond_ore
99.516625,12,8213.778052,clay
108.47,8,8216.772144,clay
93.891489,18,8220.653219,clay
76.125141,29,8224.634234,diamond_ore
100.768835,13,8228.193574,diamond_ore
99.668579,13,8231.301345,diamond_ore
71.927655,30,8235.73871,log
90.33,7,8238.947376,log
108.53,7,8241.631646,log
88.755966,8,8244.496933,log
94.6,16,8248.869853,log
90.09,18,8253.186996,log
101.21069,14,8257.793597,clay
102.553913,11,8260.848925,clay
98.6795,16,8264.403525,clay
97.519989,12,8267.616278,clay
92.04,6,8271.049746,clay
87.200492,9,8274.348032,clay
72.243818,50,8281.071408,log
95.649436,19,8285.115483,log
88.305578,18,8289.579032,log
73.746068,37,8294.47319,diamond_ore
87.959336,23,8299.014503,diamond_ore
82.543379,25,8302.955694,diamond_ore
85.016366,24,8306.848376,diamond_ore
104.565966,7,8309.889043,diamond_ore
89.505217,18,8314.074827,diamond_ore
76.302095,27,8318.378683,clay
79.971108,27,8322.917281,clay
93.242893,19,8326.835678,clay
99.53,12,8330.13756,diamond_ore
86.060253,19,8333.979393,diamond_ore
99.521078,14,8337.75414,diamond_ore
91.529633,21,8341.452538,log
71.974233,31,8345.593228,log
46.400486,36,8350.634017,log
100.93,12,8354.698007,clay
94.647655,18,8358.363111,clay
73.36231,30,8362.945118,clay
55.036757,26,8367.470093,clay
109.965966,7,8370.135833,clay
109.975966,7,8373.042842,clay
84.535132,24,8376.966002,log
111.49,6,8380.331056,log
110.25,6,8384.199228,log
102.242944,13,8387.28397,clay
102.583442,11,8391.922545,clay
103.582,13,8395.208442,clay
96.02,13,8398.725561,log
71.984525,34,8402.850246,log
96.092331,16,8406.173584,log
89.99,6,8409.484437,diamond_ore
89.032445,23,8413.536862,diamond_ore
75.014008,27,8417.832839,diamond_ore
76.949017,39,8422.178562,diamond_ore
97.42,13,8425.39682,diamond_ore
99.94,11,8428.616297,diamond_ore
106.503442,10,8431.582238,log
97.169365,16,8434.898211,log
92.04,6,8439.032839,log
84.131364,12,8442.416516,clay
80.909383,26,8446.312616,clay
92.191174,21,8451.503486,clay
79.467165,26,8455.665631,clay
107.89,7,8458.599696,clay
108.22,8,8461.686972,clay
98.57,13,8464.700925,diamond_ore
99.326206,16,8467.760168,diamond_ore
83.000361,26,8471.441031,diamond_ore
70.122377,58,8478.35496,log
95.42,13,8481.350688,log
88.28,17,8484.71209,log
86.238559,23,8489.130418,log
80.323935,24,8493.015968,log
80.518956,25,8497.000365,log
88.353442,9,8500.546746,diamond_ore
108.73,7,8504.565711,diamond_ore
109.960492,7,8508.819838,diamond_ore
106.362994,9,8512.363942,diamond_ore
91.538103,21,8516.21701,diamond_ore
84.284991,25,8520.101311,diamond_ore
88.411069,9,8523.141489,clay
70.952758,46,8528.389831,clay
99.183913,13,8531.786844,clay
88.525911,20,8535.295247,clay
86.519613,23,8539.632498,clay
103.072006,13,8542.769739,clay
109.93,7,8546.323007,diamond_ore
75.036779,38,8551.906393,diamond_ore
80.365587,28,8555.835545,diamond_ore
81.536433,25,8560.690856,diamond_ore
85.478145,11,8563.841206,diamond_ore
67.76663,29,8568.09807,diamond_ore
107.93,7,8572.050223,clay
97.057187,16,8575.833858,clay
101.916625,11,8578.960971,clay
78.482961,34,8583.687181,clay
90.39,6,8586.264987,clay
86.875966,6,8590.173278,clay
95.71484,16,8593.569994,log
74.693648,31,8598.978567,log
74.020458,39,8604.069437,log
89.454757,22,8608.018085,log
72.881967,30,8613.034047,log
92.681489,19,8616.795662,log
98.691097,13,8620.233563,diamond_ore
107.63,7,8623.754645,diamond_ore
99.1,11,8626.888519,diamond_ore
76.634671,35,8632.416423,log
105.51,9,8635.81641,log
85.791405,19,8639.600876,log
72.940997,41,8644.735929,diamond_ore
105.429973,10,8648.23656,diamond_ore
102.059733,11,8651.248962,diamond_ore
77.704192,28,8655.692629,log
98.57,14,8659.107609,log
75.512035,30,8663.802599,log
97.300492,13,8667.084557,diamond_ore
71.251313,29,8671.486802,diamond_ore
79.780458,27,8675.456634,diamond_ore
95.274648,18,8679.149546,diamond_ore
86.29,6,8681.905246,diamond_ore
93.51,5,8685.475424,diamond_ore
100.554655,14,8688.821799,log
72.372473,44,8694.334584,log
78.809054,27,8699.63159,log
73.812351,32,8703.882623,log
104.21,9,8706.867065,log
77.882331,26,8711.320845,log
108.81,9,8714.351363,clay
90.39,6,8717.118393,clay
92.0,6,8720.022296,clay
90.28,7,8722.870817,clay
87.230239,23,8726.831258,clay
88.483376,22,8732.011252,clay
86.680507,21,8735.82104,clay
71.812974,34,8740.047187,clay
105.018127,11,8743.550155,clay
99.479922,16,8747.067086,clay
93.169633,19,8750.614936,clay
80.032782,26,8754.975132,clay
71.244298,32,8759.91735,clay
69.768198,55,8765.401165,clay
84.287983,23,8769.980638,clay
72.324348,37,8774.381078,diamond_ore
71.263316,35,8779.657143,diamond_ore
99.57,13,8783.615794,diamond_ore
91.25,6,8786.434086,diamond_ore
93.54,17,8790.773861,diamond_ore
84.468579,11,8794.249323,diamond_ore
72.381647,70,8801.219432,diamond_ore
99.839467,16,8804.882879,diamond_ore
84.230278,25,8808.512027,diamond_ore
106.52,8,8813.10995,log
74.508986,47,8818.382179,log
72.824765,29,8824.167173,log
90.310492,7,8827.087836,clay
90.53,7,8830.132772,clay
93.62,4,8832.775405,clay
71.341496,39,8838.289454,log
82.840492,20,8842.825278,log
109.765966,7,8846.631932,log
92.27,5,8849.390525,log
92.07,18,8852.818162,log
90.040562,21,8856.230319,log
86.000562,15,8859.390005,clay
76.126523,35,8863.78306,clay
73.866338,37,8868.308561,clay
91.922159,19,8872.631908,log
109.33,7,8875.453124,log
95.040492,4,8878.667862,log
107.67,8,8881.766393,log
74.694021,30,8886.383826,log
76.550068,33,8892.001463,log
84.720111,24,8896.23688,log
85.544113,22,8900.267151,log
77.438405,38,8905.522855,log
101.818127,14,8909.441045,diamond_ore
104.781097,10,8913.331829,diamond_ore
109.53,7,8916.382767,diamond_ore
78.700295,26,8920.203132,clay
99.52,15,8923.549289,clay
102.92,13,8926.851291,clay
92.853273,20,8930.431852,diamond_ore
90.612721,18,8933.867767,diamond_ore
73.431988,30,8938.169389,diamond_ore
89.480196,21,8942.133195,diamond_ore
100.840267,15,8945.367154,diamond_ore
100.851078,11,8948.702063,diamond_ore
88.43,7,8953.307277,clay
90.965966,7,8957.218146,clay
87.47,8,8960.107174,clay
98.624723,15,8963.566128,diamond_ore
95.442708,17,8967.365004,diamond_ore
106.71,9,8970.507442,diamond_ore
106.52,8,8973.568946,diamond_ore
79.567877,14,8977.15519,diamond_ore
88.949733,17,8982.189987,diamond_ore
68.15,60,8988.104963,clay
106.22,8,8992.621878,clay
90.181097,19,8996.768531,clay
108.260492,8,8999.973212,clay
75.148772,38,9006.019514,clay
74.501391,37,9010.604105,clay
92.04,6,9014.46518,log
104.365966,7,9017.169718,log
93.82,9,9020.321323,log
102.331069,13,9023.529838,clay
85.500472,23,9028.654391,clay
76.471155,30,9032.902298,clay
96.867655,11,9036.081489,log
85.734813,11,9040.231203,log
86.827595,18,9043.770092,log
89.65437,18,9047.15941,log
80.709071,25,9051.650059,log
74.600861,44,9056.682954,log
72.260738,47,9061.767143,diamond_ore
93.042907,19,9065.199619,diamond_ore
92.279044,20,9069.201509,diamond_ore
94.990935,20,9073.213518,diamond_ore
83.598581,24,9078.229291,diamond_ore
84.338127,12,9081.839087,diamond_ore
87.15,5,9084.473443,clay
94.321405,17,9087.755302,clay
47.820018,40,9092.770166,clay
72.78,27,9097.015317,log
92.3,5,9100.220121,log
109.965966,7,9103.105472,log
111.420492,6,9108.709777,log
90.636625,19,9112.743331,log
70.873282,62,9118.52734,log
106.62,8,9123.026462,diamond_ore
71.970316,36,9128.037484,diamond_ore
97.38,12,9131.501832,diamond_ore
89.615867,18,9136.205116,clay
95.07,4,9139.694236,clay
88.775966,8,9143.25019,clay
77.240039,12,9146.454398,diamond_ore
70.393066,67,9153.654403,diamond_ore
86.122995,24,9157.708249,diamond_ore
105.465966,7,9161.431377,log
82.992838,25,9165.624916,log
82.283762,27,9169.654625,log
85.31,9,9172.900628,clay
84.897932,25,9177.095047,clay
93.431528,18,9181.985635,clay
96.61,14,9186.486333,log
108.68,7,9189.833643,log
90.965966,7,9192.764008,log
95.102017,19,9196.488353,diamond_ore
79.269818,28,9201.089881,diamond_ore
92.579494,20,9204.510757,diamond_ore
83.001405,23,9208.603821,clay
102.596436,12,9212.121814,clay
91.0995,19,9216.047828,clay
111.290492,6,9218.885659,log
94.181528,18,9222.680483,log
90.200562,19,9226.349766,log
90.31,19,9229.898163,clay
64.105363,53,9235.286735,clay
98.998807,15,9238.962509,clay
108.882994,8,9242.031531,diamond_ore
98.650492,13,9245.253741,diamond_ore
104.21,9,9248.365735,diamond_ore
94.93,17,9251.56666,clay
92.27,5,9254.334653,clay
108.22,8,9257.297121,clay
75.118528,30,9262.600585,log
89.41243,24,9266.803555,log
68.588243,53,9272.518548,log
97.88069,16,9277.443079,diamond_ore
105.05,10,9280.503088,diamond_ore
74.93951,35,9284.961001,diamond_ore
91.88947,20,9289.063552,log
97.980927,13,9293.570981,log
73.991405,31,9297.473803,log
97.120927,16,9300.98972,clay
86.618053,23,9304.898745,clay
69.389,42,9311.093968,clay
110.21,6,9314.010955,diamond_ore
104.77,9,9318.194391,diamond_ore
108.08,7,9321.312913,diamond_ore
74.33328,42,9326.140185,log
104.21,9,9329.085635,log
104.165966,7,9333.563747,log
98.071781,13,9336.954354,clay
92.3,5,9340.442974,clay
102.58,7,9343.60249,clay
105.03,8,9346.757651,clay
108.249676,10,9351.342157,clay
93.779346,19,9355.270698,clay
88.58,8,9359.556603,log
84.277944,24,9365.049869,log
91.78,18,9368.419073,log
104.641569,12,9371.715585,diamond_ore
73.251174,30,9375.805234,diamond_ore
95.578509,19,9380.837014,diamond_ore
81.084214,26,9384.990398,diamond_ore
95.813139,13,9388.391271,diamond_ore
97.523913,14,9391.870178,diamond_ore
88.23,7,9394.7509,clay
99.624922,15,9398.416937,clay
90.765244,19,9403.703442,clay
92.11,5,9406.520294,log
84.714185,25,9410.201057,log
68.195432,49,9417.986995,log
103.833913,13,9421.264325,diamond_ore
106.601781,12,9424.522329,diamond_ore
82.282893,25,9428.693271,diamond_ore
97.594149,17,9432.614723,log
102.25,10,9436.082119,log
109.960492,7,9439.234045,log
87.634198,22,9443.458841,diamond_ore
73.47382,33,9447.482967,diamond_ore
84.84,6,9450.265639,diamond_ore
96.176915,15,9453.735561,log
103.319705,12,9456.865287,log
90.001097,13,9460.920236,log
92.402051,19,9464.660995,clay
89.042331,21,9468.695936,clay
95.361399,13,9472.553982,clay
103.13,7,9475.234897,diamond_ore
74.214134,36,9479.689092,diamond_ore
90.121521,18,9483.924318,diamond_ore
87.993361,10,9487.09923,clay
93.74,16,9490.520975,clay
90.79,6,9493.899808,clay
106.53,8,9498.484725,clay
82.090234,25,9502.589024,clay
72.271405,32,9508.074454,clay
99.63,13,9510.882236,clay
80.450712,25,9514.985965,clay
84.679984,23,9518.716925,clay
71.74231,41,9523.509454,log
93.322331,18,9528.521971,log
92.453913,17,9531.800264,log
105.39,6,9534.854017,diamond_ore
70.429617,43,9539.549217,diamond_ore
74.427125,34,9545.407103,diamond_ore
79.001004,30,9550.107255,clay
89.515966,7,9552.933164,clay
111.56,5,9555.556976,clay
85.397453,24,9561.006896,log
80.534113,26,9565.174893,log
96.242893,16,9568.798984,log
101.850839,12,9572.052444,diamond_ore
43.353403,62,9578.321049,diamond_ore
106.52,8,9581.28502,diamond_ore
93.345966,5,9585.166884,diamond_ore
99.34,11,9588.258923,diamond_ore
103.69,11,9591.573182,diamond_ore
85.865054,23,9595.475292,log
106.63,8,9598.674747,log
103.290492,10,9602.028894,log
87.32,8,9605.287083,log
82.840251,26,9609.214354,log
84.392918,23,9612.981913,log
107.27,8,9615.883711,clay
111.75,5,9618.888382,clay
86.95,5,9622.000812,clay
83.959539,24,9625.740308,diamond_ore
85.390472,9,9629.042481,diamond_ore
97.7595,13,9632.119769,diamond_ore
84.666586,26,9637.1361,diamond_ore
106.37,8,9640.10139,diamond_ore
97.93,12,9643.459409,diamond_ore
91.775013,20,9647.409377,log
106.14,6,9650.170699,log
90.4,6,9653.090627,log
86.013054,22,9656.946676,clay
90.688346,22,9661.632514,clay
88.07409,10,9665.355048,clay
81.718379,27,9669.574753,clay
96.061388,17,9673.941205,clay
88.540927,22,9677.635576,clay
80.948145,9,9680.572283,log
70.781228,37,9685.291245,log
83.152331,25,9689.190931,log
103.35,10,9692.393738,diamond_ore
70.956571,45,9699.373914,diamond_ore
77.292433,29,9703.90338,diamond_ore
93.290927,18,9707.768767,clay
100.672944,14,9711.108751,clay
72.257339,45,9716.397969,clay
73.260612,35,9722.251428,clay
104.540492,10,9725.527335,clay
93.81,4,9728.318341,clay
84.909436,13,9731.950264,log
94.708411,20,9736.015696,log
81.045124,28,9740.165385,log
97.572696,15,9743.484778,diamond_ore
104.545966,10,9747.049802,diamond_ore
109.18,7,9749.951124,diamond_ore
68.473186,26,9754.167249,diamond_ore
93.896693,20,9757.850224,diamond_ore
78.069984,24,9761.391944,diamond_ore
94.521452,14,9764.577151,log
100.83,12,9767.687129,log
96.271405,16,9771.286801,log
98.745141,16,9774.991201,clay
86.352809,21,9778.397047,clay
72.3198,39,9783.331951,clay
89.479392,23,9787.423733,log
98.368145,12,9790.791352,log
74.622809,29,9794.993625,log
105.09,6,9797.706097,diamond_ore
74.027564,75,9807.052709,diamond_ore
95.205446,18,9810.190291,diamond_ore
87.63,8,9813.237633,clay
100.538145,10,9816.389489,clay
74.633169,32,9822.075308,clay
96.810612,15,9825.4528,clay
103.25,10,9829.0233,clay
92.76,5,9831.617414,clay
73.020716,30,9836.546352,log
106.17,8,9839.671568,log
108.53,7,9842.661486,log
90.884171,21,9846.291486,clay
88.389141,18,9849.621735,clay
96.940729,16,9852.851934,clay
96.817226,16,9856.069541,log
96.620601,13,9859.882623,log
99.698835,13,9863.051727,log
90.75,6,9865.667597,diamond_ore
86.701569,10,9869.069079,diamond_ore
77.170407,50,9876.014505,diamond_ore
92.088425,20,9880.925537,log
89.847309,21,9884.63368,log
83.890835,25,9888.485799,log
97.909703,17,9891.799471,diamond_ore
110.26,6,9894.724678,diamond_ore
105.97,8,9898.552959,diamond_ore
97.18,14,9901.616395,diamond_ore
85.754989,25,9906.223001,diamond_ore
81.599071,25,9910.287794,diamond_ore
92.45,15,9913.754386,log
104.26,9,9916.923126,log
91.820492,6,9921.469881,log
69.919617,49,9926.882534,diamond_ore
97.87,13,9930.169448,diamond_ore
102.1,10,9934.583541,diamond_ore
86.431291,21,9938.034656,clay
106.689676,11,9941.719666,clay
104.290039,12,9944.835701,clay
78.711405,27,9949.039679,diamond_ore
75.081677,29,9953.325855,diamond_ore
103.851097,12,9956.573806,diamond_ore
100.583597,15,9960.301549,diamond_ore
73.944238,41,9966.182491,diamond_ore
81.901155,26,9969.976057,diamond_ore
110.04,6,9972.64287,log
71.781034,30,9976.608351,log
86.910562,18,9980.274973,log
89.54,7,9983.276258,clay
82.681878,26,9987.590216,clay
71.641832,34,9992.474728,clay
73.982035,37,9998.070914,clay
108.69,7,10001.028926,clay
93.81,4,10003.950324,clay
94.714176,19,10008.188347,log
103.650927,11,10012.808012,log
100.58,12,10015.768539,log
108.33,7,10018.699416,diamond_ore
78.677922,28,10022.869501,diamond_ore
74.470927,29,10028.311238,diamond_ore
96.42,13,10031.686846,log
91.351291,19,10036.922079,log
95.398849,17,10040.558958,log
101.870492,11,10043.6072,diamond_ore
104.22,9,10046.611829,diamond_ore
95.06,14,10049.949978,diamond_ore
100.12,13,10053.569273,log
72.120278,41,10058.765057,log
74.013859,29,10063.207591,log
82.245619,23,10066.953364,diamond_ore
103.18,12,10071.223693,diamond_ore
104.056559,11,10074.491084,diamond_ore
72.03007,32,10078.800171,log
107.93,7,10082.543174,log
104.29,6,10085.616226,log
88.24484,18,10090.388964,clay
108.255966,8,10093.16977,clay
92.3,5,10096.11861,clay
91.825966,6,10099.052433,clay
70.101853,37,10103.889203,clay
81.149143,23,10107.693161,clay
104.29,11,10110.847336,clay
76.101832,28,10114.943131,clay
99.465524,16,10118.303958,clay
71.135383,36,10122.893308,clay
86.645995,22,10126.786969,clay
86.32091,22,10130.28476,clay
70.612782,39,10135.092195,clay
89.53,7,10137.952531,clay
104.81,9,10141.021706,clay
77.76332,28,10145.485938,diamond_ore
96.140427,17,10148.921265,diamond_ore
97.992721,16,10152.330022,diamond_ore
109.78,7,10155.498315,log
78.6298,27,10159.352336,log
67.910955,32,10163.326825,log
94.205601,20,10166.954983,diamond_ore
99.981452,13,10170.579385,diamond_ore
92.11,5,10173.076208,diamond_ore
82.614384,18,10177.179428,clay
94.39,16,10180.470912,clay
103.65,10,10183.722135,clay
108.53,7,10187.952964,log
95.571069,17,10192.009911,log
97.132536,16,10195.548927,log
110.861097,6,10198.455024,diamond_ore
97.2,15,10201.87756,diamond_ore
73.281766,35,10207.22106,diamond_ore
79.51305,27,10211.906985,log
107.88,8,10214.686601,log
111.56,5,10218.745987,log
108.48,7,10221.633276,log
81.590817,22,10225.667494,log
94.680612,13,10229.340296,log
69.009071,34,10234.001224,log
106.97,8,10236.804833,log
98.98,12,10240.084726,log
105.77,10,10242.950427,clay
97.381405,15,10246.551833,clay
88.222331,22,10250.515716,clay
101.95,10,10253.809911,diamond_ore
97.372933,17,10257.436662,diamond_ore
86.907782,24,10262.587694,diamond_ore
88.887425,22,10266.81936,clay
77.538775,29,10270.705184,clay
104.97,9,10273.694136,clay
105.44,11,10276.92486,diamond_ore
91.549141,17,10280.710407,diamond_ore
90.47,18,10284.191381,diamond_ore
96.100181,18,10287.709612,diamond_ore
93.81,4,10290.784984,diamond_ore
105.22,9,10293.686543,diamond_ore
96.292694,19,10298.105433,clay
97.973913,14,10302.338483,clay
90.08,17,10305.857969,clay
106.14,6,10308.791154,log
88.66,20,10312.166411,log
92.102331,19,10315.760801,log
103.3,10,10319.245421,diamond_ore
102.29,11,10322.304313,diamond_ore
86.92,8,10325.469838,diamond_ore
99.63,12,10328.534376,diamond_ore
87.708665,23,10332.520248,diamond_ore
74.903648,30,10336.874316,diamond_ore
104.980472,10,10340.40343,clay
108.410492,8,10343.29534,clay
98.07,13,10346.924384,clay
87.700278,22,10350.742409,log
72.869647,53,10356.075125,log
90.59,6,10359.22415,log
78.842304,27,10363.624327,diamond_ore
104.930472,10,10367.066517,diamond_ore
97.287325,14,10370.353848,diamond_ore
62.772306,58,10376.107561,log
86.871699,22,10380.11017,log
87.132083,23,10384.042202,log
88.89,7,10386.882236,clay
86.871433,21,10390.587186,clay
80.038145,25,10395.866405,clay
101.710472,12,10399.409307,log
74.550432,30,10405.292616,log
102.296718,12,10408.173121,log
87.130948,18,10412.127406,clay
71.442119,28,10416.600234,clay
98.521078,14,10420.070468,clay
88.83,7,10422.673233,log
89.073913,9,10425.82635,log
108.81,9,10429.106555,log
108.33,7,10431.803112,diamond_ore
74.902599,32,10436.330213,diamond_ore
88.099703,21,10440.157492,diamond_ore
100.401489,15,10443.569541,clay
82.9595,23,10447.437245,clay
70.354744,37,10452.323357,clay
89.73,7,10455.586278,log
95.86,14,10459.308352,log
100.49,11,10462.624595,log
108.540472,9,10465.953736,clay
90.76,6,10468.88827,clay
92.3,5,10471.755569,clay
89.441097,8,10474.687669,diamond_ore
106.38,8,10477.509086,diamond_ore
84.51,20,10481.123286,diamond_ore
73.712437,35,10485.757495,clay
72.811405,32,10489.925643,clay
73.401132,26,10494.874282,clay
79.419143,26,10500.436459,log
91.18161,20,10504.203009,log
60.272809,24,10507.995385,log
99.97,13,10511.458067,diamond_ore
103.611097,11,10515.040366,diamond_ore
99.5,10,10518.295332,diamond_ore
109.031097,9,10521.416204,diamond_ore
99.326625,10,10524.762485,diamond_ore
73.360954,29,10529.235122,diamond_ore
76.24,26,10533.025824,clay
90.760562,18,10537.586755,clay
98.251416,16,10541.176685,clay
72.755141,36,10546.764505,log
93.118874,18,10550.269532,log
93.772306,18,10553.705845,log
87.551223,23,10557.746921,log
90.280955,21,10561.289362,log
96.36,14,10564.524269,log
76.557882,32,10570.258053,clay
102.03,12,10574.242592,clay
78.951767,28,10577.98648,clay
94.86,14,10581.454061,log
103.84,11,10585.036527,log
111.96,5,10587.991745,log
106.240472,9,10592.487623,clay
81.631097,24,10596.908938,clay
90.0,16,10600.186535,clay
108.389973,9,10603.323775,diamond_ore
89.060927,20,10606.580617,diamond_ore
95.673361,16,10609.951894,diamond_ore
84.327601,27,10614.470271,diamond_ore
106.37,8,10618.542717,diamond_ore
97.32,13,10623.586835,diamond_ore
106.33,8,10627.598795,diamond_ore
101.14,11,10630.722568,diamond_ore
73.373342,31,10635.338141,diamond_ore
103.750601,12,10638.626742,clay
73.656175,32,10643.306742,clay
85.358857,24,10647.189949,clay
88.713442,8,10650.479996,log
102.065966,12,10654.990565,log
107.460492,8,10658.147636,log
95.170562,17,10661.494424,clay
84.802179,24,10665.925943,clay
99.620244,15,10669.221537,clay
91.698554,21,10673.308905,clay
105.531097,9,10677.59754,clay
95.46,15,10681.457865,clay
100.039733,13,10686.135272,log
89.290927,17,10689.925569,log
71.151853,43,10695.203452,log
85.109973,11,10698.482937,diamond_ore
71.931669,44,10704.009576,diamond_ore
72.252306,25,10707.927556,diamond_ore
90.315966,7,10711.05146,log
102.106106,12,10714.48695,log
97.961452,15,10717.67639,log
98.43,12,10720.873865,diamond_ore
96.931405,16,10724.202335,diamond_ore
104.824475,13,10727.405792,diamond_ore
90.270492,7,10730.183145,clay
93.62,4,10732.737265,clay
90.76,6,10735.64123,clay
70.177319,62,10742.67203,diamond_ore
104.87,9,10745.58965,diamond_ore
108.23,8,10748.756041,diamond_ore
88.788898,22,10752.372784,clay
68.113913,60,10758.6699,clay
94.520562,17,10762.038328,clay
34.520966,40,10767.044147,diamond_ore
67.435419,65,10773.021076,diamond_ore
64.082035,32,10777.614213,diamond_ore
104.22,9,10780.747132,log
72.592455,38,10786.094391,log
105.06,9,10789.288716,log
102.25,10,10792.522941,log
99.156125,11,10795.881634,log
83.345542,24,10800.194042,log
101.62,13,10803.557483,log
88.075905,21,10807.40413,log
64.067925,30,10812.930019,log
110.44,6,10817.070842,clay
66.387023,52,10824.000986,clay
92.032005,19,10829.645213,clay
106.22,8,10832.503732,diamond_ore
68.94118,47,10838.005732,diamond_ore
106.063913,10,10841.409493,diamond_ore
72.605225,42,10846.597785,clay
88.982893,20,10850.075912,clay
71.842095,29,10854.104266,clay
98.220952,16,10857.749793,log
78.740427,26,10861.862056,log
77.171916,28,10866.290273,log
89.701405,18,10870.106096,log
99.612708,16,10873.272834,log
92.6695,17,10876.941831,log
76.791914,27,10882.143183,diamond_ore
81.08,12,10885.293996,diamond_ore
82.42,18,10890.07203,diamond_ore
67.841489,31,10894.262079,diamond_ore
74.413256,43,10899.220931,diamond_ore
85.400012,23,10903.387893,diamond_ore
95.949989,15,10906.605254,diamond_ore
84.84,6,10909.390882,diamond_ore
105.46,9,10912.489937,diamond_ore
75.779733,29,10917.35839,clay
107.42,8,10920.257375,clay
93.54,16,10924.045134,clay
72.862588,60,10930.118338,log
90.03,17,10933.641373,log
100.49,11,10936.969501,log
98.406501,15,10940.569153,clay
86.021219,19,10943.98144,clay
105.860039,10,10947.241763,clay
103.18,7,10949.975013,log
104.26,9,10952.958231,log
86.57,8,10956.00631,log
94.452708,18,10959.420281,diamond_ore
100.200472,13,10962.739974,diamond_ore
91.041405,19,10966.054657,diamond_ore
86.422017,22,10969.678092,diamond_ore
90.59,6,10972.522725,diamond_ore
103.601097,7,10975.609886,diamond_ore
88.995217,9,10978.661004,log
103.14,11,10981.85708,log
99.07,15,10985.198972,log
104.818874,12,10988.720837,log
78.470927,25,10992.743534,log
90.523711,21,10996.473448,log
81.48,12,10999.937449,clay
96.680612,14,11002.978214,clay
105.303913,11,11005.945761,clay
87.05,20,11009.684852,clay
95.12,14,11013.142987,clay
100.710492,12,11018.03542,clay
89.19,7,11021.382901,clay
87.649633,21,11025.35095,clay
86.240927,22,11029.471089,clay
103.65,10,11032.54376,diamond_ore
74.791617,36,11037.727155,diamond_ore
76.612035,29,11042.554706,diamond_ore
102.33,7,11045.806554,log
94.582994,12,11048.9077,log
98.082994,13,11052.351103,log
85.064818,24,11056.311638,diamond_ore
83.031781,13,11059.641412,diamond_ore
94.521728,19,11063.703219,diamond_ore
74.531557,31,11068.112339,log
81.473283,26,11072.444529,log
90.528568,19,11076.986525,log
106.250472,9,11080.98958,diamond_ore
93.81,4,11083.993469,diamond_ore
104.96,9,11087.120952,diamond_ore
102.02,13,11090.494337,log
99.096718,13,11093.813495,log
97.356707,15,11097.440414,log
73.162287,26,11101.573196,clay
109.965966,7,11104.572636,clay
105.71,9,11107.620337,clay
73.883736,30,11111.80713,diamond_ore
70.503736,47,11117.090482,diamond_ore
85.195163,23,11121.425098,diamond_ore
92.380659,15,11125.130674,clay
80.352006,23,11129.210974,clay
70.461405,38,11134.638246,clay
89.936806,21,11140.161211,clay
105.05409,12,11143.241168,clay
103.848145,10,11146.250279,clay
88.088374,24,11149.901401,diamond_ore
69.357733,45,11155.233599,diamond_ore
89.599908,21,11159.161395,diamond_ore
105.29,6,11163.49468,log
86.49372,22,11167.590055,log
99.0,12,11172.076776,log
77.046203,28,11176.094353,diamond_ore
88.173913,9,11179.470055,diamond_ore
99.56,14,11182.973999,diamond_ore
92.04,6,11187.20137,clay
78.632331,26,11191.225832,clay
93.11,16,11195.010364,clay
81.713258,25,11198.779527,log
100.510562,13,11202.289114,log
84.722809,24,11206.640675,log
86.005002,21,11210.512923,clay
70.175703,47,11216.709415,clay
87.48,8,11219.520917,clay
98.67,14,11222.764781,diamond_ore
85.025039,25,11226.937815,diamond_ore
92.3,5,11229.873764,diamond_ore
68.700927,37,11235.996179,clay
79.22,13,11239.105967,clay
90.362083,20,11243.876853,clay
82.821405,12,11247.149471,log
75.637588,35,11252.590717,log
82.090719,21,11256.444004,log
104.231097,10,11259.552836,clay
76.822694,31,11263.823114,clay
72.051489,31,11268.39757,clay
100.79,11,11271.709563,diamond_ore
98.942331,15,11275.310473,diamond_ore
88.986559,8,11278.536848,diamond_ore
106.268127,10,11281.592592,diamond_ore
92.625821,18,11285.094464,diamond_ore
86.94,21,11289.073572,diamond_ore
94.311405,17,11292.65835,diamond_ore
101.11,10,11295.80501,diamond_ore
85.91,9,11298.838521,diamond_ore
96.299733,17,11302.440166,clay
95.581399,16,11306.739376,clay
94.920968,19,11310.461679,clay
106.54,6,11313.790536,log
78.663088,27,11317.991074,log
71.651961,38,11322.748289,log
93.19,16,11326.106615,clay
107.12,8,11329.625328,clay
103.62,9,11334.129219,clay
93.687655,19,11339.208722,log
99.065966,12,11343.500966,log
86.29,6,11346.313902,log
92.3,5,11349.473663,log
69.405225,52,11355.829895,log
104.309943,12,11359.245563,log
83.495995,25,11363.521023,clay
71.523156,40,11368.955065,clay
71.121399,44,11374.283983,clay
93.62,4,11377.156865,diamond_ore
106.53,8,11380.375991,diamond_ore
108.47,8,11384.056659,diamond_ore
104.29,6,11386.707313,diamond_ore
93.125448,21,11390.741585,diamond_ore
71.602747,42,11395.723005,diamond_ore
93.098127,18,11400.174909,clay
90.59,6,11403.019166,clay
104.46,9,11406.239572,clay
53.367765,28,11410.736863,log
106.77,8,11414.836768,log
100.94,11,11418.094899,log
101.927922,13,11421.767444,clay
100.446625,13,11425.425983,clay
101.52,13,11428.55462,clay
73.093639,25,11434.22688,diamond_ore
80.630927,24,11438.099701,diamond_ore
88.619102,20,11442.19912,diamond_ore
85.033096,24,11446.811488,log
83.888874,20,11450.942911,log
92.070212,21,11454.80952,log
91.528692,19,11459.744638,log
88.552893,18,11463.31575,log
97.801108,14,11468.432688,log
108.47,8,11471.681092,diamond_ore
69.380913,47,11476.420507,diamond_ore
104.3795,11,11480.19886,diamond_ore
101.993847,12,11483.346442,clay
70.770954,38,11488.233312,clay
85.940948,22,11492.179113,clay
83.850562,24,11495.910849,log
69.16,29,11500.361567,log
101.23,12,11503.343244,log
89.766311,19,11507.14081,clay
106.37,8,11509.997162,clay
108.68,7,11514.110827,clay
102.35,10,11517.58199,clay
95.391219,12,11520.944247,clay
84.972331,22,11524.748326,clay
104.89,6,11527.590907,log
85.475936,11,11531.110203,log
75.811405,28,11535.238822,log
108.000472,9,11538.344814,log
99.481162,14,11542.395732,log
71.459054,32,11546.318406,log
70.122416,49,11551.303385,diamond_ore
103.0,10,11554.293488,diamond_ore
106.56,10,11558.137614,diamond_ore
97.491444,16,11561.087325,diamond_ore
101.366225,12,11564.449563,diamond_ore
70.346292,34,11569.615071,diamond_ore
105.860612,10,11572.965059,log
90.76,6,11576.058335,log
104.86,9,11581.268931,log
84.008145,23,11585.560828,diamond_ore
82.912933,14,11588.866951,diamond_ore
95.103913,16,11593.881065,diamond_ore
73.363014,32,11598.665404,diamond_ore
104.83,8,11601.595476,diamond_ore
109.78,7,11604.444314,diamond_ore
95.040492,4,11607.663375,diamond_ore
102.113269,13,11611.365294,diamond_ore
76.400659,28,11615.500168,diamond_ore
97.426578,16,11618.870057,clay
72.722694,46,11624.027608,clay
93.138344,19,11627.944388,clay
47.938406,34,11632.832803,clay
103.21,10,11637.506412,clay
104.97,9,11640.381301,clay
68.076433,29,11644.925197,log
75.794844,37,11650.185997,log
102.48,12,11653.460021,log
71.481252,30,11657.757617,clay
101.34,11,11661.944348,clay
74.587681,30,11666.027553,clay
92.921097,5,11670.115084,log
72.764981,47,11675.408955,log
66.887655,54,11683.631184,log
97.890679,14,11687.882418,log
69.771877,44,11693.229227,log
87.202331,19,11697.363479,log
104.86,9,11700.53043,clay
96.6195,12,11704.167841,clay
70.28372,58,11711.331334,clay
99.12,13,11715.116452,clay
91.23,17,11718.760159,clay
84.84,6,11721.878296,clay
72.761467,35,11727.529557,log
97.220562,12,11730.794086,log
79.880472,25,11734.978694,log
92.358835,17,11740.462501,clay
70.477276,30,11744.843115,clay
80.860612,25,11748.678465,clay
107.93,7,11751.906545,diamond_ore
93.450562,19,11755.929399,diamond_ore
84.923195,24,11759.878619,diamond_ore
81.629526,27,11763.932608,diamond_ore
107.02,8,11767.084884,diamond_ore
87.15,5,11770.063517,diamond_ore
91.91,5,11772.909481,diamond_ore
82.320472,11,11776.708584,diamond_ore
93.411694,19,11780.740469,diamond_ore
74.7095,28,11785.293599,log
104.46,9,11788.252545,log
111.56,5,11790.9227,log
77.733144,34,11795.629929,clay
104.43,9,11799.688883,clay
104.32,9,11802.505505,clay
73.94668,43,11808.009399,diamond_ore
87.510472,8,11810.992793,diamond_ore
98.166718,15,11814.525703,diamond_ore
104.46,9,11817.507393,clay
69.62195,46,11822.732681,clay
78.841967,23,11826.324263,clay
102.7,10,11829.911727,diamond_ore
66.001403,75,11836.91082,diamond_ore
99.77,14,11839.976218,diamond_ore
90.091097,18,11843.80969,log
106.48,8,11846.96527,log
105.47,9,11850.069148,log
91.660339,20,11854.617112,clay
90.739705,20,11858.326601,clay
93.107552,18,11862.730088,clay
108.73,7,11865.77258,log
79.032011,27,11869.646577,log
92.969908,19,11873.377678,log
94.75,16,11876.852342,log
107.918127,9,11880.258836,log
81.790205,26,11885.050633,log
104.5,10,11888.349469,diamond_ore
87.492708,22,11892.325449,diamond_ore
104.92,9,11895.482432,diamond_ore
97.061219,15,11898.876691,clay
98.36,15,11902.179458,clay
70.222758,31,11907.879035,clay
93.152134,19,11912.318537,diamond_ore
81.080551,25,11915.998858,diamond_ore
78.615318,28,11920.462867,diamond_ore
86.77,18,11923.716555,log
103.5,10,11927.047567,log
92.3,5,11929.90483,log
98.178835,15,11933.411503,clay
92.11,5,11936.342722,clay
103.515966,12,11939.610797,clay
100.16,14,11942.778196,log
80.650601,15,11946.489647,log
74.562006,32,11951.095558,log
97.941489,16,11954.785045,diamond_ore
91.963014,20,11959.061733,diamond_ore
104.384563,12,11962.458478,diamond_ore
100.417922,14,11965.665102,diamond_ore
87.35,5,11968.725924,diamond_ore
93.81,4,11971.545509,diamond_ore
74.474366,42,11976.927653,log
95.850817,16,11982.52398,log
100.41,14,11985.744597,log
79.462416,25,11990.116965,clay
94.768217,17,11993.878383,clay
71.839327,31,11998.451938,clay
46.961088,34,12003.256566,clay
93.419613,18,12007.076375,clay
69.456573,52,12012.811958,clay
104.15,10,12015.980108,log
100.560729,14,12020.219746,log
84.908589,24,12024.209273,log
88.718835,21,12027.930798,diamond_ore
102.14,11,12030.95836,diamond_ore
68.531097,35,12035.585574,diamond_ore
73.391272,30,12040.077759,log
92.07,18,12043.375687,log
83.570927,25,12048.918954,log
101.79,11,12052.807248,diamond_ore
98.100205,15,12056.543403,diamond_ore
105.008127,11,12060.102043,diamond_ore
74.589818,31,12064.717066,log
102.24,11,12067.895921,log
108.13,7,12071.057322,log
101.34,11,12075.335039,clay
82.53,7,12078.017462,clay
93.361405,17,12081.599215,clay
81.09,11,12084.847455,diamond_ore
94.526244,18,12088.494978,diamond_ore
91.397655,20,12092.177926,diamond_ore
72.512198,39,12098.093262,clay
106.737655,9,12102.175519,clay
98.625217,11,12106.74673,clay
85.653442,10,12110.106352,clay
86.000927,21,12113.680056,clay
79.700916,25,12117.89732,clay
108.73,7,12121.225262,diamond_ore
102.396436,12,12124.810438,diamond_ore
81.020546,23,12128.743335,diamond_ore
87.02,13,12133.065798,diamond_ore
85.401108,24,12137.395098,diamond_ore
68.927108,60,12143.52727,diamond_ore
109.45,6,12146.417171,log
91.091405,20,12149.630162,log
90.290612,17,12153.145829,log
73.18069,26,12157.049729,clay
110.4,6,12159.886038,clay
106.53,8,12164.249004,clay
93.07654,18,12169.762589,log
75.418127,29,12173.575046,log
83.918127,24,12177.493788,log
90.79,6,12180.82707,clay
74.94278,40,12185.983637,clay
67.006625,33,12190.6019,clay
107.610492,8,12193.565894,log
104.83,7,12196.932293,log
108.47,8,12201.773908,log
73.686757,33,12206.70871,diamond_ore
90.6,6,12209.402507,diamond_ore
105.17,8,12212.449281,diamond_ore
85.941489,22,12216.292789,clay
92.1,5,12218.942608,clay
102.13,7,12221.558154,clay
91.224426,19,12226.103689,log
99.78,12,12229.707752,log
69.88,32,12234.690502,log
94.900212,18,12238.596702,diamond_ore
93.28,12,12241.577828,diamond_ore
108.93,7,12245.210948,diamond_ore
105.846436,10,12248.728859,log
77.011097,11,12251.86931,log
92.636401,18,12255.676206,log
77.37069,27,12259.932701,clay
92.43,17,12263.62857,clay
77.651961,28,12268.873941,clay
64.359497,43,12273.661401,diamond_ore
70.546244,41,12278.917013,diamond_ore
74.141498,32,12283.545372,diamond_ore
102.523442,12,12286.891564,diamond_ore
82.319371,25,12292.03703,diamond_ore
75.772708,29,12297.139738,diamond_ore
98.66,9,12300.122252,log
96.519733,16,12303.407661,log
80.107585,29,12307.689577,log
100.54,11,12311.319179,clay
86.631405,21,12314.81916,clay
85.031137,22,12318.862697,clay
78.90084,28,12322.99728,log
92.11,5,12326.068921,log
87.51,19,12330.157335,log
95.151561,18,12334.092313,diamond_ore
76.406529,18,12338.316236,diamond_ore
91.708835,18,12342.129696,diamond_ore
83.346939,25,12346.725078,clay
87.141405,21,12350.365204,clay
90.070927,19,12354.029048,clay
94.441108,17,12357.979779,log
92.210927,15,12361.263889,log
95.071489,18,12364.830481,log
102.141424,13,12367.997047,log
73.996046,33,12372.39401,log
92.921489,18,12375.678974,log
95.56,14,12379.112213,clay
96.67,13,12382.72988,clay
86.461097,6,12385.89769,clay
101.770472,11,12390.64686,diamond_ore
58.432064,24,12394.463307,diamond_ore
75.270966,30,12400.267881,diamond_ore
107.07,8,12403.56038,clay
104.91,10,12406.461515,clay
95.270472,16,12409.567149,clay
93.664384,18,12413.31207,diamond_ore
106.31,9,12417.450393,diamond_ore
100.932994,12,12420.827776,diamond_ore
67.230927,33,12425.496534,log
101.532994,12,12429.177372,log
108.53,7,12432.340548,log
105.640492,9,12435.66162,log
87.790323,19,12439.429706,log
88.415217,9,12443.642524,log
73.991433,31,12448.143651,clay
91.023913,19,12451.711303,clay
91.93,17,12455.159542,clay
77.333736,29,12459.12955,clay
108.93,7,12462.457869,clay
89.842994,7,12466.909652,clay
101.99,11,12471.882348,clay
98.4,15,12475.37333,clay
83.998145,24,12479.7933,clay
78.639054,28,12484.289021,log
93.898835,18,12488.060666,log
83.581528,23,12491.648654,log
73.402394,33,12496.078089,diamond_ore
109.371097,7,12499.177402,diamond_ore
71.055619,32,12503.917376,diamond_ore
93.164214,18,12507.405409,diamond_ore
83.390039,12,12510.444731,diamond_ore
91.348127,16,12515.20122,diamond_ore
71.783736,30,12519.330432,diamond_ore
79.030817,28,12524.929333,diamond_ore
95.287501,20,12529.085289,diamond_ore
83.79,21,12534.178827,log
76.101405,28,12538.233667,log
80.41,25,12542.992253,log
108.73,7,12546.135405,clay
75.820927,24,12550.147357,clay
85.74,21,12554.082798,clay
107.67,8,12557.48139,log
94.716625,16,12560.842088,log
95.429733,14,12564.569937,log
87.898823,22,12568.865809,clay
87.056625,17,12572.493519,clay
84.960472,22,12576.232578,clay
102.98,7,12579.476666,diamond_ore
87.69,7,12582.273374,diamond_ore
105.09,6,12585.395383,diamond_ore
108.250492,8,12588.786443,diamond_ore
78.707624,29,12593.247562,diamond_ore
70.261405,43,12597.835738,diamond_ore
85.099202,25,12602.298601,diamond_ore
99.30395,15,12605.929927,diamond_ore
72.564382,48,12610.963743,diamond_ore
78.700039,11,12614.2488,log
90.59,6,12617.113692,log
106.23,8,12619.808785,log
96.710039,15,12624.500022,clay
106.77,8,12627.361729,clay
93.81,4,12630.385884,clay
87.691405,20,12633.814554,diamond_ore
107.000492,8,12636.793675,diamond_ore
110.21,6,12639.874202,diamond_ore
107.18,8,12642.937349,diamond_ore
69.100312,27,12647.908468,diamond_ore
99.41,14,12651.462848,diamond_ore
90.220899,21,12655.397921,diamond_ore
76.413261,29,12659.689587,diamond_ore
81.93,12,12662.957288,diamond_ore
78.740927,27,12669.005538,log
102.64,11,12672.2965,log
100.205966,13,12675.837835,log
91.83,18,12679.428111,clay
90.04,16,12682.864896,clay
102.007655,12,12687.596429,clay
65.116652,50,12692.933547,log
102.438127,12,12697.495196,log
98.266707,15,12700.678663,log
91.512017,18,12704.296689,clay
76.673258,28,12708.164221,clay
79.430427,27,12712.002436,clay
105.839943,11,12716.726928,log
76.911405,27,12722.252252,log
88.640562,21,12725.606735,log
89.82,18,12728.977842,clay
86.7,5,12732.081223,clay
108.47,8,12735.71393,clay
90.15069,20,12739.292075,log
66.668512,69,12746.657785,log
107.93,7,12751.068125,log
69.074028,40,12755.8791,diamond_ore
85.742849,23,12759.957876,diamond_ore
86.035799,23,12763.866365,diamond_ore
106.02,8,12767.708629,log
71.898432,36,12772.126536,log
97.131405,15,12775.58179,log
91.796625,19,12779.311186,diamond_ore
103.3,10,12782.293524,diamond_ore
107.160492,8,12785.355837,diamond_ore
67.892331,51,12790.540906,log
105.637422,11,12794.046821,log
82.32,23,12798.305159,log
88.491405,20,12802.092821,clay
102.662994,10,12804.877907,clay
110.45,6,12807.871735,clay
101.64,11,12811.294764,clay
88.851405,19,12814.785462,clay
106.07409,10,12819.155172,clay
67.443258,51,12824.44993,clay
105.533913,9,12827.397568,clay
96.090648,15,12831.975223,clay
80.493361,14,12835.553729,diamond_ore
101.42,13,12838.931757,diamond_ore
77.212035,29,12842.734247,diamond_ore
96.620562,17,12846.76531,log
101.520472,11,12849.942271,log
100.93,12,12853.507343,log
85.12,19,12857.123524,diamond_ore
102.48,7,12860.446573,diamond_ore
105.000492,9,12865.02827,diamond_ore
100.676225,11,12868.165977,diamond_ore
84.061174,24,12872.329088,diamond_ore
73.701832,23,12876.331013,diamond_ore
101.866436,13,12879.946793,clay
106.38,8,12882.800551,clay
100.16,9,12885.858624,clay
85.776244,23,12890.19511,diamond_ore
88.371489,18,12893.762277,diamond_ore
82.401097,12,12898.946383,diamond_ore
85.680278,24,12903.111543,log
74.176444,31,12907.283015,log
91.250927,16,12910.678322,log
90.74,6,12913.527552,clay
63.251405,20,12917.159291,clay
86.141489,21,12921.044317,clay
96.566757,17,12926.198225,clay
72.068004,43,12931.182108,clay
80.540952,24,12935.001162,clay
89.101097,7,12939.752008,log
111.5,6,12942.544683,log
103.81,9,12945.627002,log
99.802331,14,12949.180152,clay
96.978874,16,12953.6681,clay
72.640029,33,12958.183971,clay
98.586718,14,12962.377886,log
98.46174,18,12966.167005,log
86.382942,10,12970.889149,log
97.283294,16,12974.449831,log
104.26,9,12977.863756,log
110.44,6,12981.219054,log
87.39785,23,12984.880246,diamond_ore
92.016419,20,12988.634136,diamond_ore
88.840239,22,12992.66669,diamond_ore
86.582023,21,12996.397444,clay
81.580562,16,12999.579885,clay
96.820472,11,13002.898873,clay
94.599881,19,13006.593114,diamond_ore
102.74069,10,13010.232077,diamond_ore
44.173258,48,13015.875775,diamond_ore
105.08,9,13020.329009,clay
98.43,12,13023.512387,clay
90.59,6,13026.68877,clay
80.146143,26,13030.837419,diamond_ore
108.450492,8,13035.091392,diamond_ore
96.89,11,13039.114261,diamond_ore
71.942331,40,13044.167554,log
86.520562,22,13048.017716,log
70.819498,40,13053.107973,log
105.450492,9,13056.411219,clay
106.62,8,13061.241977,clay
100.54,11,13064.205362,clay
89.481405,20,13067.820745,log
65.083287,49,13073.533116,log
80.685312,27,13078.265716,log
82.117922,24,13082.328419,log
101.639346,13,13087.201459,log
103.359973,11,13090.643419,log
108.69,7,13095.049148,diamond_ore
107.93,7,13098.133953,diamond_ore
93.35,5,13101.254372,diamond_ore
92.151489,15,13105.878321,diamond_ore
72.443752,36,13110.613788,diamond_ore
91.933971,20,13114.2703,diamond_ore
90.752416,21,13118.070519,clay
72.749549,37,13122.765477,clay
93.262331,18,13126.515446,clay
108.701097,7,13129.459134,diamond_ore
86.22161,11,13133.028664,diamond_ore
98.679973,14,13136.549363,diamond_ore
89.170278,20,13140.549916,log
90.28,17,13144.245874,log
105.87,8,13147.738129,log
102.99,11,13150.942105,clay
77.342804,28,13156.276721,clay
105.030472,10,13159.78134,clay
110.05,6,13162.508971,log
96.872624,17,13167.35237,log
71.66,29,13171.270054,log
105.97,8,13174.11463,clay
69.327655,35,13178.878349,clay
95.169327,17,13182.553013,clay
110.24,6,13185.97492,diamond_ore
88.48,7,13189.050847,diamond_ore
100.41,9,13192.213757,diamond_ore
107.73,7,13194.883908,diamond_ore
91.217655,16,13198.245942,diamond_ore
71.651391,42,13204.141408,diamond_ore
78.93069,11,13207.249979,diamond_ore
99.079436,15,13211.042417,diamond_ore
85.744366,25,13215.260792,diamond_ore
92.3,5,13218.441883,clay
87.77,13,13222.263426,clay
97.62,13,13225.915471,clay
86.307627,19,13229.600216,log
87.06,9,13233.046438,log
100.54,11,13236.399965,log
83.68,17,13239.758752,clay
91.28,18,13243.083044,clay
94.909733,16,13246.811634,clay
102.93,7,13249.866402,log
80.923913,9,13253.102798,log
96.577655,15,13256.824131,log
104.46,9,13259.799904,diamond_ore
99.38,12,13262.865323,diamond_ore
106.82,8,13266.095366,diamond_ore
87.681071,23,13270.400913,log
82.649532,24,13276.439659,log
84.831489,22,13280.483355,log
75.288217,28,13285.308853,log
105.31,9,13288.489686,log
103.3,10,13291.362432,log
107.007627,10,13294.612685,clay
93.372708,19,13298.464752,clay
70.122804,40,13303.931075,clay
100.49,11,13307.397839,diamond_ore
94.460989,18,13311.016895,diamond_ore
84.16,9,13314.373843,diamond_ore
98.886225,15,13317.917574,diamond_ore
95.576726,17,13322.404768,diamond_ore
77.146518,18,13326.630838,diamond_ore
71.992895,46,13332.124724,clay
87.15,5,13335.29522,clay
103.72,9,13338.592473,clay
109.44,6,13341.662802,clay
104.197922,11,13344.878705,clay
103.44,11,13348.271617,clay
110.24,6,13351.486738,log
81.660927,25,13355.5858,log
94.280427,17,13359.25152,log
82.79,12,13362.269586,log
83.758835,23,13366.235885,log
85.409989,18,13369.984673,log
95.782331,16,13373.40234,diamond_ore
86.170751,23,13376.983705,diamond_ore
84.190612,23,13381.129216,diamond_ore
72.80199,40,13386.483909,diamond_ore
70.602331,44,13391.777395,diamond_ore
102.616625,11,13394.777881,diamond_ore
99.96,9,13397.948852,clay
93.875124,19,13401.546037,clay
95.66409,16,13406.808064,clay
75.213442,28,13411.017905,clay
91.198145,19,13414.713764,clay
84.380927,23,13418.837729,clay
98.460472,13,13422.34072,log
106.31,9,13426.428327,log
67.691489,36,13431.984051,log
105.57,8,13435.137743,log
70.973258,43,13439.831694,log
81.09,11,13443.789099,log
79.237694,27,13447.879696,clay
107.37,8,13452.317722,clay
84.8,20,13456.161324,clay
79.671569,23,13460.337702,diamond_ore
104.06,9,13463.584185,diamond_ore
87.410927,20,13467.451959,diamond_ore
89.8,6,13471.38322,diamond_ore
92.074214,18,13475.036792,diamond_ore
87.937229,18,13478.731329,diamond_ore
93.822893,17,13482.039823,clay
107.0,5,13484.996953,clay
101.34,11,13488.318049,clay
76.392961,32,13493.397609,log
100.949733,12,13496.601763,log
74.039733,14,13499.991241,log
81.906859,26,13504.756119,clay
87.833144,23,13508.517776,clay
81.553095,26,13514.10645,clay
84.17,23,13518.119008,log
92.29,16,13521.997283,log
104.71,9,13524.963113,log
73.281252,30,13529.480955,diamond_ore
103.85,10,13532.887773,diamond_ore
105.51,9,13535.96141,diamond_ore
67.156444,59,13544.928279,diamond_ore
89.484298,20,13548.719481,diamond_ore
94.749141,17,13552.459597,diamond_ore
74.271605,27,13556.899601,log
84.879549,19,13560.80118,log
69.609684,30,13565.038082,log
104.84,6,13569.61749,clay
77.804686,27,13573.788954,clay
87.602624,21,13577.282424,clay
99.23,12,13580.431948,log
106.91,9,13586.556824,log
111.490492,6,13589.667949,log
94.239346,18,13593.819357,diamond_ore
85.008771,24,13597.885271,diamond_ore
73.498127,31,13602.098393,diamond_ore
103.981097,10,13606.062644,clay
104.37,9,13610.056781,clay
92.501097,17,13613.916199,clay
105.71,9,13617.12983,clay
106.891502,11,13620.318328,clay
95.080323,15,13624.163207,clay
111.75,5,13627.333045,log
97.68,12,13630.866614,log
99.587344,15,13634.311778,log
110.74,6,13638.31834,diamond_ore
104.91,9,13641.534585,diamond_ore
108.47,8,13645.263759,diamond_ore
90.76,6,13648.107991,diamond_ore
84.932429,21,13651.788501,diamond_ore
81.591967,25,13655.773692,diamond_ore
92.121514,20,13661.770702,clay
88.69,16,13665.349113,clay
95.624251,17,13669.283508,clay
72.623736,35,13676.868489,log
102.240039,13,13680.354646,log
84.128217,24,13684.384464,log
102.9,10,13687.654494,diamond_ore
85.91,9,13691.586298,diamond_ore
110.820492,6,13694.714383,diamond_ore
104.82,10,13698.997463,log
72.562536,39,13703.91849,log
97.25,15,13707.266256,log
104.3,10,13710.614527,diamond_ore
85.435217,10,13713.765379,diamond_ore
95.288827,19,13717.711598,diamond_ore
103.821097,10,13721.169275,clay
107.18,8,13724.909686,clay
106.97,8,13727.737244,clay
77.663736,27,13731.635843,log
105.11,9,13735.460352,log
104.31,9,13738.538263,log
101.601569,12,13742.090426,clay
65.502682,43,13747.010583,clay
73.501512,34,13752.118631,clay
89.784113,21,13756.584587,clay
70.91,29,13761.19907,clay
89.801291,20,13764.823686,clay
87.35,21,13769.614017,diamond_ore
75.580029,29,13774.448412,diamond_ore
85.520546,23,13778.822308,diamond_ore
89.23,7,13782.217142,log
96.88,12,13785.546659,log
74.811489,34,13790.350245,log
90.81,6,13793.362898,diamond_ore
91.590718,20,13796.837545,diamond_ore
77.761219,26,13800.930712,diamond_ore
100.24,11,13804.63032,log
101.703913,11,13807.789108,log
81.958145,23,13812.453635,log
101.63,12,13815.517285,log
106.97,8,13818.479706,log
110.26,6,13821.743028,log
80.942331,25,13825.98141,diamond_ore
67.174214,62,13832.679678,diamond_ore
72.322331,38,13837.112501,diamond_ore
87.25,20,13840.950935,diamond_ore
110.44,6,13843.823626,diamond_ore
109.301097,7,13848.581377,diamond_ore
73.90195,33,13853.146574,clay
60.671605,42,13859.012996,clay
89.306122,21,13862.930987,clay
92.766806,20,13866.596579,clay
108.28,7,13870.534628,clay
111.77,5,13873.282013,clay
110.44,6,13876.296318,clay
98.160458,14,13881.098757,clay
86.471405,22,13884.525639,clay
100.39,11,13888.282396,log
99.155217,14,13891.789385,log
104.879831,13,13895.677088,log
99.36,9,13898.676854,clay
90.76,6,13901.519458,clay
106.57,8,13904.927003,clay
93.901219,17,13908.169547,log
88.724686,20,13912.090748,log
81.191405,25,13915.929673,log
87.14,21,13919.53433,log
90.460492,7,13922.704202,log
104.41,9,13925.900965,log
76.149143,28,13930.447333,clay
68.185619,54,13936.091572,clay
95.400472,15,13939.54785,clay
107.29,7,13942.528563,log
85.13,18,13946.398889,log
74.7798,37,13951.102932,log
90.81,6,13954.014686,diamond_ore
109.58,7,13957.345668,diamond_ore
106.54,6,13961.577987,diamond_ore
99.23,12,13964.511523,diamond_ore
92.522239,20,13968.524518,diamond_ore
70.280068,40,13973.324903,diamond_ore
87.749102,21,13977.168901,diamond_ore
83.015217,12,13980.831745,diamond_ore
106.939973,9,13983.797457,diamond_ore
108.69,7,13987.185147,clay
78.541781,26,13991.033694,clay
99.761584,16,13994.995887,clay
101.24,11,13997.950077,diamond_ore
104.97,9,14001.024642,diamond_ore
78.65,10,14005.471731,diamond_ore
91.712017,18,14009.186955,log
105.24,6,14012.408791,log
98.96,9,14015.486992,log
74.893859,31,14020.100736,diamond_ore
68.365905,22,14023.997945,diamond_ore
75.794236,31,14028.448694,diamond_ore
86.624952,24,14032.915849,diamond_ore
107.01,9,14037.416964,diamond_ore
81.322093,26,14041.619692,diamond_ore
111.75,5,14044.58355,clay
86.842017,20,14049.58189,clay
90.31069,18,14053.266025,clay
71.342443,43,14058.842918,log
83.940659,24,14064.029905,log
85.460952,22,14067.834106,log
85.1,10,14071.115939,clay
85.666066,22,14075.212924,clay
95.865553,16,14078.728696,clay
95.26,14,14082.298656,log
97.351452,16,14086.09784,log
95.981405,16,14090.685195,log
93.262218,19,14094.364191,clay
104.46,9,14097.648934,clay
89.8,6,14101.326676,clay
89.560839,21,14105.319791,log
108.73,7,14108.662079,log
106.57,8,14112.565715,log
69.48236,53,14118.403138,diamond_ore
104.35,10,14121.616956,diamond_ore
71.843736,34,14128.541183,diamond_ore
100.7,10,14131.634189,clay
92.148145,14,14135.235069,clay
90.441444,20,14138.96202,clay
70.809703,36,14143.966111,clay
89.23,7,14147.117991,clay
92.11,5,14149.756469,clay
98.051166,17,14153.531964,diamond_ore
79.120296,28,14159.54215,diamond_ore
78.977288,27,14164.129809,diamond_ore
107.17,8,14167.462974,log
70.894113,45,14172.885504,log
88.655318,21,14176.681928,log
105.22,9,14179.897134,clay
101.773442,12,14183.381968,clay
93.610472,17,14186.985819,clay
85.959761,23,14191.094588,diamond_ore
109.342994,7,14194.078124,diamond_ore
87.15,5,14197.031353,diamond_ore
103.078145,11,14200.545598,log
72.022331,32,14204.765011,log
88.524627,22,14208.786587,log
88.28,7,14211.799175,diamond_ore
106.53,8,14215.300043,diamond_ore
88.785039,22,14219.757873,diamond_ore
95.613361,17,14223.597015,clay
111.77,5,14226.491669,clay
109.58,7,14229.849207,clay
96.301405,15,14234.299153,log
79.360278,16,14238.153348,log
78.072218,28,14242.955348,log
79.026389,27,14247.608105,diamond_ore
76.897286,12,14251.122318,diamond_ore
101.76069,13,14254.640122,diamond_ore
103.25,10,14257.944792,log
90.070927,19,14262.02119,log
103.917922,11,14265.296008,log
95.340039,17,14270.505216,clay
86.019141,21,14274.029852,clay
71.014185,31,14278.215286,clay
104.07,9,14281.323171,diamond_ore
103.170472,11,14286.041953,diamond_ore
97.138127,12,14290.739599,diamond_ore
108.14,7,14293.687399,clay
103.24,11,14297.117965,clay
96.2,15,14300.518078,clay
104.86,9,14303.716951,log
108.28,7,14307.192031,log
91.23,17,14311.027297,log
74.202624,34,14315.832348,diamond_ore
73.97484,30,14321.281238,diamond_ore
89.435619,20,14325.349019,diamond_ore
102.570472,11,14328.285241,clay
86.848127,21,14331.94789,clay
71.631394,34,14338.230722,clay
102.33,7,14341.367905,diamond_ore
84.251767,22,14346.621048,diamond_ore
99.18069,11,14351.683061,diamond_ore
77.951394,27,14356.312038,diamond_ore
92.3,5,14359.418983,diamond_ore
103.3,10,14362.9295,diamond_ore
103.016264,13,14366.669334,log
102.7,10,14370.016111,log
102.8,10,14373.11412,log
101.92,13,14376.553994,clay
82.582107,24,14380.685645,clay
87.5898,22,14384.563698,clay
104.107938,13,14388.092448,clay
108.93,7,14391.348727,clay
90.480492,7,14394.66462,clay
78.001967,27,14399.300845,log
104.18,12,14402.501974,log
80.140239,27,14407.199443,log
79.477655,10,14410.62563,log
95.443371,18,14415.399048,log
89.221967,20,14420.41174,log
101.29,11,14424.667404,clay
92.18,18,14428.549024,clay
103.161291,13,14433.247768,clay
91.600835,22,14437.045182,diamond_ore
106.91,9,14439.952914,diamond_ore
110.24,6,14443.417979,diamond_ore
73.54387,37,14449.530415,clay
79.888985,27,14454.004774,clay
90.960612,20,14458.222578,clay
70.831078,34,14464.681665,diamond_ore
72.684663,37,14469.731334,diamond_ore
82.632933,11,14474.102208,diamond_ore
86.88,8,14477.133425,log
93.62,4,14480.795952,log
109.311097,7,14484.027712,log
90.33,7,14487.52233,log
82.59,11,14490.838343,log
103.29,11,14494.175605,log
72.101869,32,14498.630225,clay
103.98,7,14501.584733,clay
107.841097,8,14504.756974,clay
94.21,14,14508.154168,diamond_ore
71.854686,32,14512.808799,diamond_ore
71.781528,38,14517.86974,diamond_ore
86.138145,22,14521.801814,log
88.089908,22,14525.808279,log
85.53,22,14529.47044,log
91.940927,18,14532.679649,diamond_ore
69.012416,40,14537.618131,diamond_ore
86.00195,24,14542.165792,diamond_ore
101.631369,15,14545.553398,log
101.93,12,14549.058387,log
99.579436,15,14552.713734,log
57.27,23,14557.069254,clay
107.22,8,14560.187137,clay
87.15,5,14563.37387,clay
104.028145,12,14566.830631,diamond_ore
90.488145,20,14570.753792,diamond_ore
92.176106,18,14574.335267,diamond_ore
104.763913,10,14578.793506,clay
103.69,11,14582.471562,clay
99.201502,14,14586.002859,clay
101.29,11,14590.33895,log
91.179549,19,14594.16877,log
77.172371,28,14598.473406,log
70.700966,42,14603.334816,diamond_ore
101.14,11,14606.453484,diamond_ore
108.53,7,14609.582428,diamond_ore
83.798145,10,14612.613245,clay
92.628692,19,14616.490731,clay
96.700729,17,14620.10303,clay
91.766311,19,14624.134546,log
111.75,5,14626.899901,log
74.851083,39,14633.274498,log
76.508145,28,14638.1517,diamond_ore
110.24,6,14641.0166,diamond_ore
96.37,8,14645.344514,diamond_ore
96.09069,15,14648.947988,log
110.05,6,14651.72257,log
110.24,6,14654.717545,log
106.8,5,14657.705932,log
102.54,11,14661.234176,log
103.851097,12,14664.619465,log
106.91,9,14667.804954,diamond_ore
108.540472,9,14671.083622,diamond_ore
74.913258,34,14675.706041,diamond_ore
85.803512,22,14680.098512,log
99.680039,13,14683.660876,log
103.186796,12,14686.841661,log
107.03,8,14690.946651,clay
103.26,10,14694.080527,clay
110.44,6,14697.086154,clay
106.63,8,14699.976447,clay
102.570472,11,14703.429864,clay
99.969141,15,14707.26752,clay
85.01,19,14712.533932,diamond_ore
79.982529,23,14717.568645,diamond_ore
84.092218,21,14722.690684,diamond_ore
99.73,12,14726.23769,clay
80.3,26,14730.219204,clay
91.881539,19,14734.162995,clay
97.532933,16,14738.198028,clay
86.662893,22,14742.102958,clay
101.23069,11,14746.634047,clay
72.907225,33,14753.724048,clay
110.24,6,14757.167665,clay
104.22,9,14760.465096,clay
72.627125,29,14765.46786,log
92.65,15,14769.15351,log
95.57,13,14772.569856,log
110.24,6,14775.646905,log
86.47,23,14779.616922,log
97.671219,14,14783.186695,log
70.098874,29,14787.151887,log
97.642331,15,14790.490124,log
70.401394,38,14796.386019,log
107.37,8,14799.289066,clay
70.98,38,14803.96792,clay
97.700679,13,14807.46965,clay
73.160039,30,14812.175125,diamond_ore
65.953287,57,14819.455402,diamond_ore
83.388215,21,14823.588187,diamond_ore
90.852331,19,14827.588856,diamond_ore
91.071444,17,14831.489169,diamond_ore
95.44,16,14836.203672,diamond_ore
84.04,11,14839.466294,diamond_ore
106.54,6,14843.597586,diamond_ore
102.33,12,14846.755086,diamond_ore
78.865553,26,14851.091024,clay
100.937593,14,14854.349923,clay
96.799733,12,14857.964878,clay
97.58,13,14861.244506,log
101.14,11,14864.85659,log
89.901097,7,14867.962692,log
80.027288,26,14872.046146,diamond_ore
95.284872,19,14876.072931,diamond_ore
94.090612,17,14879.914854,diamond_ore
74.494663,36,14884.819792,clay
69.183736,40,14889.933812,clay
94.58,17,14893.490714,clay
77.442986,29,14898.086444,clay
90.75,16,14902.311299,clay
101.79,11,14905.538151,clay
97.311853,16,14909.233931,log
76.13,12,14912.430365,log
81.490211,24,14916.408889,log
88.983361,9,14920.156476,diamond_ore
103.09,11,14924.155881,diamond_ore
107.02,8,14927.04907,diamond_ore
73.052015,30,14932.341133,log
68.72,28,14936.054095,log
70.150927,41,14941.898067,log
105.97,8,14946.036283,diamond_ore
101.840927,12,14949.641802,diamond_ore
87.482893,21,14953.832214,diamond_ore
95.590278,18,14958.141181,diamond_ore
81.751097,22,14962.169331,diamond_ore
90.79,6,14966.523145,diamond_ore
84.13126,25,14971.411375,clay
108.93,7,14974.913626,clay
83.85,10,14978.187528,clay
72.948874,39,14983.083604,log
99.700205,15,14986.821943,log
103.69,11,14990.188308,log
80.949346,27,14994.825672,clay
102.774251,12,14998.569897,clay
104.680472,10,15001.769141,clay
72.511124,32,15007.417799,clay
81.54,21,15012.341118,clay
79.155619,27,15016.750279,clay
74.552972,35,15021.354202,log
96.688145,15,15025.053624,log
44.079253,68,15033.398484,log
101.859973,13,15037.115226,log
108.28,7,15039.821501,log
74.03,27,15044.056289,log
74.021223,31,15048.340204,diamond_ore
94.598617,17,15052.119471,diamond_ore
98.041405,14,15056.383712,diamond_ore
70.549436,18,15061.515489,diamond_ore
105.2,10,15064.605183,diamond_ore
75.18,27,15068.646145,diamond_ore
75.860374,29,15073.32448,log
90.918617,20,15078.334368,log
72.328212,46,15084.307369,log
101.897655,13,15087.888345,diamond_ore
75.449989,29,15092.485703,diamond_ore
81.442416,22,15096.201848,diamond_ore
78.581405,25,15100.649533,clay
102.260562,13,15104.089445,clay
103.14,11,15107.221249,clay
99.76,14,15110.723594,clay
92.19,16,15114.703352,clay
101.79,11,15118.155306,clay
85.100039,11,15121.904154,diamond_ore
104.21,9,15126.037864,diamond_ore
102.7,10,15129.204796,diamond_ore
87.47,9,15132.329682,diamond_ore
90.280472,15,15136.590803,diamond_ore
101.912893,13,15139.741788,diamond_ore
71.129327,57,15146.266838,log
98.9,10,15149.400493,log
102.9,10,15152.882459,log
95.888127,17,15156.949059,clay
87.711967,21,15161.155055,clay
71.461605,38,15165.921953,clay
91.381842,18,15170.887687,log
105.780205,12,15174.184293,log
100.72484,15,15179.256585,log
69.986571,48,15184.943698,clay
90.74,6,15188.150688,clay
103.55,10,15191.534824,clay
87.35,5,15194.950965,clay
73.141405,36,15200.613777,clay
82.441438,26,15204.803547,clay
103.84,11,15207.953236,diamond_ore
100.171502,11,15211.553973,diamond_ore
98.231291,16,15216.183784,diamond_ore
88.149549,22,15220.090784,log
95.99,16,15224.803634,log
102.776436,12,15228.3908,log
104.71,9,15231.553343,diamond_ore
105.681097,9,15234.940483,diamond_ore
105.51,9,15238.000639,diamond_ore
96.15,15,15241.503549,log
73.264663,42,15246.637601,log
102.411781,14,15250.755734,log
101.38,12,15254.291359,diamond_ore
49.496891,36,15260.683865,diamond_ore
80.428581,27,15264.86671,diamond_ore
109.59,6,15268.03283,log
67.91,44,15273.594812,log
110.24,6,15276.783808,log
106.964051,10,15281.585998,clay
103.046106,11,15285.183235,clay
92.947922,16,15289.085245,clay
104.86,9,15293.251322,log
71.760612,40,15298.306111,log
89.883736,21,15301.882901,log
92.945995,20,15305.867745,log
86.77,8,15308.790212,log
107.02,8,15311.543022,log
75.941405,15,15315.614597,diamond_ore
88.14,16,15319.970664,diamond_ore
92.09,17,15323.322749,diamond_ore
110.74,6,15327.50942,clay
87.72,8,15331.207547,clay
90.79,6,15334.235623,clay
108.73,7,15337.614839,clay
85.242893,24,15341.871825,clay
105.593442,10,15345.107677,clay
88.634475,22,15349.040028,diamond_ore
104.06,9,15352.276572,diamond_ore
103.61,9,15355.68679,diamond_ore
89.930362,21,15360.751576,log
80.188145,25,15366.319796,log
69.650239,46,15372.600814,log
98.711364,14,15376.249882,diamond_ore
75.628145,27,15380.647355,diamond_ore
82.431489,22,15385.339551,diamond_ore
101.12,13,15388.740826,clay
69.849544,43,15394.036234,clay
98.679532,16,15399.019194,clay
93.68,17,15402.617945,clay
79.032331,26,15406.737998,clay
81.444525,24,15411.21287,clay
92.961405,18,15414.803777,diamond_ore
73.461405,17,15418.35901,diamond_ore
97.399141,17,15422.037516,diamond_ore
74.911405,17,15427.873664,log
105.56,9,15431.002119,log
103.84,11,15434.255124,log
80.334415,27,15439.522883,diamond_ore
93.82,18,15442.991928,diamond_ore
77.011405,27,15447.652077,diamond_ore
106.240472,9,15451.006637,clay
100.79,11,15454.639074,clay
104.86,9,15457.892985,clay
81.090239,27,15462.391705,log
98.168114,16,15466.458557,log
104.448127,11,15470.317031,log
70.673736,35,15475.333658,clay
83.071405,21,15479.006138,clay
98.884941,15,15483.477213,clay
70.321877,50,15490.340898,log
89.548145,20,15494.091763,log
71.222331,32,15498.849042,log
96.746625,14,15502.066663,diamond_ore
78.816546,27,15506.784959,diamond_ore
102.35,10,15511.408213,diamond_ore
101.815217,12,15515.071849,log
69.142126,62,15521.884361,log
85.271528,24,15527.442918,log
99.31,14,15531.052634,log
100.296625,13,15535.558375,log
81.4995,25,15539.701799,log
103.09,11,15543.186194,diamond_ore
95.28,17,15547.039242,diamond_ore
72.091405,29,15551.122009,diamond_ore
104.26,9,15554.726833,clay
110.44,6,15557.850526,clay
103.76,10,15562.117932,clay
89.121364,8,15565.335555,diamond_ore
101.3,11,15568.686069,diamond_ore
93.61,4,15571.3748,diamond_ore
72.335432,29,15575.837393,clay
104.25,11,15578.951857,clay
98.300472,14,15583.484733,clay
72.024537,45,15589.389065,diamond_ore
85.789549,24,15593.902207,diamond_ore
83.767125,25,15598.227779,diamond_ore
73.361405,29,15602.183305,clay
89.931405,20,15606.055609,clay
79.109141,26,15610.321022,clay
103.74,11,15613.824638,log
102.9,10,15618.207344,log
83.551405,23,15622.398654,log
98.338617,14,15625.709296,clay
84.77,23,15631.733923,clay
99.415748,14,15636.390009,clay
88.45,20,15640.174535,clay
106.57,8,15643.576807,clay
87.35,5,15646.7915,clay
99.760205,14,15651.455662,diamond_ore
98.852944,15,15655.391429,diamond_ore
103.14,11,15658.663432,diamond_ore
92.831399,18,15663.790725,diamond_ore
90.53,7,15668.087393,diamond_ore
93.62,4,15670.805881,diamond_ore
98.401528,16,15674.584396,clay
70.26306,44,15679.470335,clay
88.172095,20,15684.470192,clay
99.410205,14,15688.527309,log
78.194015,28,15693.058357,log
108.47,8,15696.512041,log
105.82,8,15699.509157,log
94.272944,18,15703.371177,log
77.111405,27,15708.582018,log
84.480472,10,15711.786358,log
100.683847,12,15715.090321,log
79.902083,27,15721.218336,log
105.73,8,15724.311134,diamond_ore
75.065821,29,15728.720354,diamond_ore
98.288823,13,15732.351289,diamond_ore
88.871627,22,15736.427405,diamond_ore
102.466625,11,15739.94018,diamond_ore
97.86,14,15743.721759,diamond_ore
87.35387,22,15747.549149,diamond_ore
102.550679,13,15751.435665,diamond_ore
99.906796,14,15754.937748,diamond_ore
106.42,8,15758.389286,log
101.54,11,15761.821093,log
104.6,10,15765.254211,log
101.770472,11,15768.585593,clay
108.53,7,15771.433875,clay
84.71,20,15775.554158,clay
87.961832,22,15779.540877,log
73.778327,36,15784.344906,log
84.4,10,15788.355817,log
97.820612,15,15791.813314,clay
95.74,16,15795.460269,clay
87.742083,22,15800.05485,clay
83.771617,24,15803.918494,log
88.326244,18,15808.091946,log
78.038118,38,15812.96924,log
101.703913,11,15816.763931,diamond_ore
102.7,10,15822.093026,diamond_ore
106.37,8,15825.438087,diamond_ore
95.000927,16,15829.110242,clay
98.241184,14,15833.026501,clay
92.79,16,15837.161085,clay
76.641213,22,15840.987534,diamond_ore
106.31,9,15845.310498,diamond_ore
105.88,8,15848.453088,diamond_ore
93.81,4,15851.469146,diamond_ore
103.74,11,15854.738007,diamond_ore
80.968835,11,15860.789253,diamond_ore
107.460492,8,15864.006776,clay
82.249071,25,15867.901728,clay
106.488145,10,15872.539169,clay
97.6,10,15877.437513,diamond_ore
82.711405,24,15881.612604,diamond_ore
102.88,12,15884.987205,diamond_ore
107.02,8,15889.155881,log
104.69,6,15892.188798,log
103.13,7,15896.358953,log
110.25,6,15900.221434,log
98.750601,16,15903.841207,log
72.610562,35,15909.686364,log
96.928145,16,15913.873818,clay
104.21,9,15917.054163,clay
106.77,8,15921.660148,clay
90.59,6,15924.710607,clay
94.110205,14,15928.18571,clay
82.942758,24,15932.703102,clay
90.59,6,15937.088936,log
91.462331,19,15941.674883,log
101.069919,15,15945.372557,log
90.79,6,15948.639117,clay
100.44,11,15952.900642,clay
84.18069,11,15956.353445,clay
108.691097,8,15959.708656,log
91.052331,20,15963.428885,log
70.134663,41,15968.501868,log
95.44,16,15972.364415,diamond_ore
104.451452,11,15977.360939,diamond_ore
104.71,9,15980.528901,diamond_ore
100.54,11,15985.807237,diamond_ore
102.388127,12,15989.808096,diamond_ore
76.529054,29,15994.893649,diamond_ore
92.231539,19,15998.825556,log
99.12,14,16003.427726,log
79.530472,10,16006.570966,log
101.825217,11,16010.811447,log
103.2,10,16015.361039,log
104.6,10,16019.75662,log
77.55,25,16025.345812,clay
73.132326,32,16029.892528,clay
98.0,15,16033.360759,clay
105.06,9,16036.706742,diamond_ore
73.145056,31,16041.103498,diamond_ore
90.900562,19,16044.895902,diamond_ore
99.937655,14,16049.424434,clay
106.96,9,16052.83507,clay
103.81,9,16056.354654,clay
108.07,8,16059.537955,clay
99.870601,14,16063.088025,clay
86.439346,23,16067.194688,clay
87.66,9,16070.58038,log
90.063622,22,16076.34133,log
88.160679,22,16081.336446,log
86.128145,21,16086.947296,diamond_ore
82.922083,24,16090.748082,diamond_ore
87.731444,21,16095.863723,diamond_ore
92.3,5,16099.057084,log
108.69,7,16103.152055,log
99.33,12,16107.558383,log
87.15,5,16110.527179,log
105.128145,11,16113.827102,log
97.59,11,16118.172523,log
105.35,10,16122.240616,diamond_ore
93.74,16,16126.041638,diamond_ore
110.24,6,16129.288085,diamond_ore
103.568145,12,16133.377619,clay
93.35,15,16137.041045,clay
97.2,10,16141.193023,clay
103.34,11,16144.807783,diamond_ore
77.197307,29,16150.341974,diamond_ore
96.758874,13,16155.192867,diamond_ore
105.09,6,16158.174916,clay
97.219327,17,16162.381203,clay
102.431364,12,16166.773994,clay
88.28,7,16170.022332,log
100.273442,12,16173.364852,log
102.716625,11,16176.538367,log
88.530601,22,16181.87782,clay
62.99,16,16185.242841,clay
87.84,21,16189.141229,clay
99.46,9,16192.407084,log
101.74,11,16196.673195,log
87.03,18,16200.566137,log
92.624113,17,16204.910259,clay
57.02214,25,16209.239275,clay
106.493442,10,16213.676238,clay
99.688145,10,16217.076716,clay
103.2,10,16222.787997,clay
107.18,8,16226.834681,clay
97.970562,12,16230.308461,diamond_ore
105.97,8,16233.527508,diamond_ore
98.73,12,16238.022612,diamond_ore
92.3,5,16241.102997,diamond_ore
96.841219,12,16245.386478,diamond_ore
106.168835,11,16250.082391,diamond_ore
94.190936,18,16254.146556,log
77.990927,27,16258.354432,log
75.963371,29,16262.711011,log
105.978579,10,16266.357616,diamond_ore
95.081132,18,16270.852007,diamond_ore
88.901405,19,16274.25471,diamond_ore
84.434758,21,16279.689088,diamond_ore
92.69,16,16284.18936,diamond_ore
106.42,8,16288.454458,diamond_ore
71.061405,33,16293.825321,clay
92.697922,17,16297.263185,clay
101.182991,15,16302.44524,clay
102.03,12,16306.49098,clay
70.281967,44,16311.729417,clay
79.650411,27,16315.885759,clay
104.933442,11,16318.974637,log
74.319145,38,16324.211851,log
93.94,17,16327.49607,log
105.11,9,16330.738055,diamond_ore
84.899436,23,16336.332071,diamond_ore
102.64,11,16340.490094,diamond_ore
110.44,6,16344.404168,log
105.42,9,16347.553966,log
111.56,5,16350.377852,log
71.041965,49,16357.002845,clay
101.74,11,16361.187024,clay
96.81,14,16364.522368,clay
75.237022,39,16369.822335,log
85.290278,24,16373.861849,log
84.328145,11,16377.514019,log
81.729549,24,16382.207819,diamond_ore
83.741569,11,16385.661103,diamond_ore
91.770562,12,16389.666466,diamond_ore
80.060496,27,16396.478818,diamond_ore
74.043166,43,16401.774017,diamond_ore
95.730835,19,16406.310429,diamond_ore
90.478057,22,16410.786202,diamond_ore
110.18,7,16413.993182,diamond_ore
79.82,23,16420.226837,diamond_ore
110.25,6,16423.201582,diamond_ore
75.161967,26,16428.082155,diamond_ore
89.769549,20,16432.222532,diamond_ore
71.261405,18,16436.894671,log
75.029988,30,16441.379125,log
105.626625,10,16445.548926,log
85.151405,18,16449.278468,clay
89.194587,24,16454.37377,clay
84.681605,21,16459.538598,clay
96.448217,17,16464.241624,log
74.424766,18,16468.498371,log
95.680562,16,16472.103358,log
104.1,10,16475.309327,clay
105.52,10,16480.504087,clay
98.640612,14,16483.878772,clay
103.58,7,16486.843259,log
102.8,10,16489.841825,log
100.53,12,16493.946853,log
89.896625,18,16497.876871,clay
101.39,11,16501.225285,clay
99.38,12,16505.496728,clay
103.5,10,16509.688371,clay
94.689141,18,16514.348139,clay
100.010767,13,16518.088123,clay
106.518127,10,16521.932239,clay
86.625318,22,16525.990087,clay
93.760476,18,16530.809528,clay
101.343913,12,16534.294473,log
108.74,7,16537.405047,log
105.86,9,16540.971492,log
83.328956,24,16545.192468,diamond_ore
104.885217,10,16548.425993,diamond_ore
99.029733,14,16551.819569,diamond_ore
84.426652,23,16556.444473,diamond_ore
102.64,11,16561.010372,diamond_ore
104.1,10,16564.604176,diamond_ore
80.689054,23,16569.357515,log
71.69,31,16573.804377,log
72.765598,61,16581.042825,log
104.3,10,16584.414104,log
80.202331,25,16589.42037,log
96.780562,16,16593.152755,log
107.0,5,16596.34782,clay
99.53,12,16599.746052,clay
102.49,11,16603.025419,clay
73.062017,33,16607.312963,diamond_ore
75.307655,12,16611.066076,diamond_ore
97.491405,15,16614.411256,diamond_ore
103.078145,11,16618.551708,clay
103.216625,11,16623.069772,clay
99.58,12,16626.684854,clay
75.63,27,16631.990823,diamond_ore
102.73,12,16635.577584,diamond_ore
108.013847,9,16639.255341,diamond_ore
75.252933,30,16643.755402,log
107.22,8,16648.352721,log
89.615966,19,16652.902892,log
88.28,19,16657.169918,clay
100.23,12,16660.606956,clay
101.82,8,16664.818957,clay
90.76,6,16668.157394,clay
81.56811,26,16672.182857,clay
83.910496,22,16676.556889,clay
95.879989,16,16680.962598,log
84.17,9,16684.355793,log
87.19069,15,16689.474288,log
87.293913,17,16694.271213,log
85.232083,24,16699.444988,log
74.271967,31,16703.606073,log
83.591097,8,16707.074019,diamond_ore
81.651617,25,16712.302968,diamond_ore
90.312708,20,16716.054106,diamond_ore
82.68,23,16720.720347,diamond_ore
101.94,11,16725.112843,diamond_ore
107.18,8,16728.220752,diamond_ore
77.831405,25,16733.306526,clay
86.301539,22,16739.058449,clay
87.15111,23,16742.953721,clay
100.89,11,16747.187595,diamond_ore
108.28,7,16750.331758,diamond_ore
110.26,6,16753.607206,diamond_ore
96.811097,13,16757.298762,diamond_ore
86.722331,22,16761.508066,diamond_ore
92.72459,18,16766.216295,diamond_ore
103.161097,11,16770.347892,clay
90.53,7,16774.656842,clay
105.29,6,16779.261476,clay
87.331405,20,16783.178868,diamond_ore
92.440278,19,16787.157752,diamond_ore
66.252331,59,16793.023896,diamond_ore
108.73,7,16796.934719,log
76.121405,16,16801.562688,log
101.76,10,16805.872127,log
103.078145,11,16809.361952,clay
104.95,10,16813.694773,clay
103.14,11,16818.095911,clay
106.22,8,16821.594963,log
85.099238,21,3.851929,clay
103.98,7,6.565596,clay
102.98,7,9.209764,clay
91.400239,21,12.561512,diamond_ore
102.01,9,15.108252,diamond_ore
102.091097,8,18.0857,diamond_ore
104.925256,12,20.811429,log
80.729436,28,24.29379,log
102.58,12,27.943937,log
91.380659,20,31.265553,clay
76.871853,33,36.648768,clay
103.24,11,39.323178,clay
105.19,11,42.541744,log
104.103442,11,45.489838,log
94.67,18,48.770194,log
79.659327,21,52.645575,diamond_ore
105.761097,11,55.23019,diamond_ore
100.84,11,58.031756,diamond_ore
68.312017,23,61.018789,log
87.51,9,65.190735,log
84.007892,25,68.803699,log
97.743913,12,71.647736,clay
96.906625,12,74.569607,clay
98.25,15,77.419216,clay
95.399091,15,80.573771,diamond_ore
76.942965,31,83.97513,diamond_ore
87.062331,23,87.24228,diamond_ore
105.010492,7,90.663442,log
77.922331,35,94.27573,log
86.291405,22,97.191265,log
77.215069,32,101.384249,diamond_ore
92.3,5,104.116136,diamond_ore
97.39,11,106.857869,diamond_ore
98.04,16,109.83366,log
76.710437,36,113.784887,log
105.311364,9,116.683709,log
102.11,9,119.929773,clay
101.718127,14,122.683937,clay
89.371405,21,126.043725,clay
74.743736,33,129.79247,clay
90.53,7,132.194313,clay
103.52,8,134.805157,clay
106.8,5,137.431509,clay
98.359733,11,140.21187,clay
94.570612,14,142.83989,clay
102.21,11,145.478404,log
105.29,6,148.021978,log
99.46,9,150.739944,log
77.180546,27,153.951569,diamond_ore
101.033913,13,156.841326,diamond_ore
99.447922,11,159.953007,diamond_ore
79.81,14,162.858855,diamond_ore
78.431291,26,166.236749,diamond_ore
100.3,15,169.386438,diamond_ore
75.789519,32,173.235579,diamond_ore
89.05,8,175.631904,diamond_ore
106.99,9,178.303481,diamond_ore
103.281097,9,182.626462,log
86.861097,9,185.243192,log
99.142994,14,187.975289,log
82.70586,26,191.477353,diamond_ore
83.4,13,194.531859,diamond_ore
84.011097,11,197.6283,diamond_ore
72.481699,16,200.603019,log
104.07,11,203.254565,log
73.021405,36,208.999118,log
104.05,11,211.509658,clay
73.356857,36,215.681319,clay
106.061069,11,218.418739,clay
96.84,11,221.341451,clay
89.28,7,224.439766,clay
108.73,7,226.896767,clay
78.323442,12,229.607737,diamond_ore
92.271405,16,232.966805,diamond_ore
98.769106,15,235.853575,diamond_ore
102.872994,8,239.613347,log
91.842331,20,242.720824,log
90.472558,22,246.528686,log
85.78,10,250.26544,clay
100.0,15,253.381964,clay
85.908581,23,256.757439,clay
103.55,10,259.624166,diamond_ore
90.840927,17,263.000732,diamond_ore
99.328835,15,266.092216,diamond_ore
82.327158,22,269.500365,clay
85.54,11,272.399481,clay
93.05,15,275.260316,clay
74.720643,32,280.156671,clay
98.49,11,282.915096,clay
95.11,14,285.700343,clay
108.73,7,288.536695,log
77.256806,29,292.381944,log
75.842809,32,296.711008,log
94.619102,19,299.884144,log
98.3595,13,303.178285,log
77.767034,36,307.575339,log
96.873442,12,310.553013,log
102.74,11,313.556504,log
90.79,6,316.206696,log
75.712933,31,319.482093,diamond_ore
101.78,12,322.55583,diamond_ore
92.04,6,326.231474,diamond_ore
87.51,9,329.100433,diamond_ore
82.322006,26,332.656021,diamond_ore
97.93,12,336.437622,diamond_ore
103.553913,11,339.46414,clay
103.511097,11,343.508781,clay
103.98,7,346.01287,clay
90.88,20,349.460225,log
78.391169,25,352.562699,log
73.751967,37,356.593378,log
86.959532,23,360.329639,clay
79.742804,28,364.015496,clay
88.329933,21,367.237688,clay
108.76,7,370.09722,diamond_ore
82.02,8,372.616072,diamond_ore
90.74,6,375.211418,diamond_ore
90.311444,18,378.216687,clay
103.3,10,380.867386,clay
103.923913,12,383.60859,clay
100.31,14,386.559915,diamond_ore
91.722696,20,390.00545,diamond_ore
79.93,12,392.736298,diamond_ore
102.23,12,395.725369,diamond_ore
96.820927,14,398.607808,diamond_ore
93.008956,19,401.679404,diamond_ore
101.62,8,404.412542,log
105.03,7,406.960505,log
72.207055,66,412.817204,log
107.18,8,415.635401,log
93.778579,15,418.536497,log
96.730433,14,423.371698,log
99.86,9,425.961658,clay
87.74,8,428.952269,clay
90.522331,20,431.979236,clay
83.49,11,434.682676,log
98.191405,17,437.771551,log
70.590253,31,442.005341,log
96.539484,16,444.99344,log
88.251967,22,449.720861,log
103.52,8,452.408578,log
74.921394,35,456.377441,clay
90.068827,16,459.352897,clay
92.052331,19,462.758628,clay
107.42,8,465.398297,diamond_ore
100.847655,13,468.292054,diamond_ore
99.076796,12,471.110486,diamond_ore
98.95,15,474.179777,clay
95.87,16,477.058692,clay
100.41069,13,479.803386,clay
105.827397,12,482.793362,clay
92.3,5,486.021071,clay
85.06,22,489.086058,clay
102.26,12,492.072467,diamond_ore
93.792893,19,495.450731,diamond_ore
79.640548,27,498.778756,diamond_ore
84.931617,25,501.89074,diamond_ore
105.91,9,504.794995,diamond_ore
99.180492,10,507.670444,diamond_ore
104.64,11,510.608368,log
73.819989,27,514.328806,log
98.931097,14,517.102624,log
80.472316,26,520.462646,log
107.42,8,523.004677,log
108.73,7,526.585161,log
96.401405,13,529.528494,diamond_ore
67.511489,39,533.663146,diamond_ore
108.47,8,536.391807,diamond_ore
103.35,10,539.297681,diamond_ore
81.295256,10,541.955632,diamond_ore
72.913258,59,546.719494,diamond_ore
96.310601,14,549.57923,clay
80.119194,23,552.775009,clay
100.376625,13,555.773808,clay
74.891853,33,559.742617,diamond_ore
88.461617,22,563.226652,diamond_ore
83.07,13,566.361862,diamond_ore
101.62,8,568.955525,clay
97.56,14,571.934136,clay
96.6,15,575.157715,clay
76.674657,52,579.733437,log
93.250239,19,582.885792,log
93.386718,18,586.17385,log
87.42301,23,589.803752,log
95.300719,15,593.506502,log
74.360362,28,597.087707,log
96.626707,13,601.360477,clay
99.481405,15,604.4821,clay
79.08,27,608.166335,clay
99.231097,14,611.07653,clay
86.411391,25,615.444845,clay
99.11,14,620.28662,clay
103.76358,11,623.003848,clay
102.64,11,625.656607,clay
103.78,7,628.19484,clay
66.60091,30,631.215617,diamond_ore
89.02,8,634.062399,diamond_ore
105.29,6,636.682716,diamond_ore
105.4,10,639.351669,diamond_ore
101.75,10,642.219469,diamond_ore
79.58,15,644.924079,diamond_ore
105.06,9,647.560598,log
100.793795,15,650.338275,log
99.081097,14,653.260634,log
104.07,11,655.867726,log
105.03,7,658.673403,log
87.09,6,661.262124,log
85.107548,25,664.719992,clay
78.652371,25,667.921491,clay
102.2,13,670.663977,clay
84.07,8,674.714576,diamond_ore
81.186625,14,677.604759,diamond_ore
95.654686,17,681.482665,diamond_ore
75.552991,37,685.430238,log
97.815217,15,688.328032,log
88.606501,23,692.578524,log
75.572933,45,697.226631,log
90.147655,18,702.138788,log
95.290039,17,705.496618,log
106.96,9,708.403018,diamond_ore
79.602626,25,711.838317,diamond_ore
83.720437,26,715.094325,diamond_ore
87.51,9,717.796516,clay
101.920067,13,720.84291,clay
100.505748,14,723.630686,clay
100.31,9,726.35709,log
103.32,8,729.009647,log
98.751452,11,731.740175,log
80.391097,13,734.568719,clay
105.49,6,737.020998,clay
101.04,11,740.351451,clay
74.803392,34,745.043794,diamond_ore
95.961405,17,748.204036,diamond_ore
96.791405,17,751.026743,diamond_ore
74.781354,31,755.262653,clay
80.81069,23,759.275082,clay
101.96,9,762.030444,clay
69.471097,35,766.537273,diamond_ore
101.13,12,769.36664,diamond_ore
99.23,12,773.8262,diamond_ore
98.49,11,776.608157,log
95.99069,15,779.901916,log
72.971489,28,783.335977,log
68.794343,30,787.351246,diamond_ore
102.571452,9,789.898256,diamond_ore
108.73,7,792.778425,diamond_ore
83.33355,22,796.899798,clay
75.023469,37,800.834119,clay
100.892331,15,803.740056,clay
76.463736,36,807.291075,clay
96.909989,13,810.80598,clay
100.091569,11,813.455135,clay
97.688406,17,816.672157,clay
89.23,7,819.212091,clay
86.591452,10,821.867674,clay
91.722331,20,824.882335,diamond_ore
101.74069,13,827.493981,diamond_ore
103.336625,12,830.196271,diamond_ore
102.11,9,833.887038,log
108.73,7,836.328984,log
87.51,9,839.033002,log
90.79,6,841.65207,log
84.200039,21,844.993441,log
66.762933,23,848.747169,log
75.802893,28,852.84641,diamond_ore
86.598127,11,855.92058,diamond_ore
78.261394,26,859.631079,diamond_ore
103.98,7,862.379893,log
93.54,16,865.400717,log
68.010562,38,870.363844,log
105.71,9,873.288884,diamond_ore
103.18,12,876.092049,diamond_ore
103.675217,11,880.432099,diamond_ore
87.351405,18,883.740026,log
97.50111,17,887.026363,log
97.22,18,890.200624,log
83.19,24,893.626942,diamond_ore
85.980927,24,896.757349,diamond_ore
87.741405,19,900.74766,diamond_ore
97.572331,17,903.682011,diamond_ore
105.144582,11,906.704938,diamond_ore
110.18,7,909.561495,diamond_ore
88.691489,21,912.894037,log
98.356625,12,917.255781,log
72.321405,31,922.268285,log
87.211569,19,925.27231,log
103.33,7,928.303625,log
69.411853,31,932.017664,log
91.516546,20,935.013609,clay
104.360492,7,937.857442,clay
89.23,7,940.530222,clay
85.2,10,943.196251,clay
101.025217,13,946.005883,clay
82.991137,24,949.296066,clay
78.653242,29,953.015841,clay
80.381539,24,956.599437,clay
97.43,12,959.471959,clay
102.260472,12,962.370296,clay
110.27,6,964.801223,clay
102.75,10,967.58592,clay
101.02,13,970.185429,diamond_ore
103.261097,11,972.913952,diamond_ore
92.3,5,976.228388,diamond_ore
87.971097,5,979.018716,diamond_ore
95.181405,15,982.299126,diamond_ore
81.62,13,985.61438,diamond_ore
104.49,11,988.337235,clay
94.679733,14,992.000763,clay
95.29,16,995.000615,clay
73.896625,33,999.274525,clay
74.549549,32,1003.159453,clay
88.096806,23,1007.044185,clay
100.83,12,1010.008149,diamond_ore
88.692893,19,1013.29917,diamond_ore
100.661405,15,1016.160177,diamond_ore
95.192676,18,1019.525982,log
91.232331,21,1023.333184,log
94.171405,16,1026.897594,log
82.25,13,1029.441978,log
97.660562,16,1032.127064,log
75.760601,29,1035.835075,log
74.909032,32,1039.62768,log
107.22,8,1042.07418,log
87.51,9,1046.129913,log
75.915225,46,1050.741702,clay
84.779664,22,1053.879343,clay
102.48,12,1056.686739,clay
70.753707,82,1062.494208,log
104.781364,12,1065.234019,log
103.68,12,1068.158172,log
100.210039,15,1071.550004,clay
105.55,10,1074.478203,clay
75.483297,51,1079.831355,clay
94.81,14,1084.270591,diamond_ore
99.315689,15,1088.083675,diamond_ore
90.935911,18,1092.165305,diamond_ore
77.543736,38,1096.114368,log
105.29,6,1099.348326,log
105.25,10,1102.034642,log
94.678145,16,1105.184797,diamond_ore
99.06,9,1108.947629,diamond_ore
91.74,16,1111.944741,diamond_ore
88.4,15,1114.631989,log
81.59,14,1117.367332,log
67.62,18,1120.491481,log
91.55,20,1123.696149,diamond_ore
98.015446,16,1126.911667,diamond_ore
76.537556,48,1131.2658,diamond_ore
74.649508,53,1136.862476,clay
87.35,5,1140.279488,clay
105.29,6,1143.151612,clay
74.339883,39,1147.281111,log
75.128438,32,1150.910463,log
105.19,11,1154.021951,log
95.33,17,1157.210861,diamond_ore
92.537322,17,1160.369345,diamond_ore
101.41,9,1163.172111,diamond_ore
97.0,15,1167.757966,clay
102.351569,10,1171.253836,clay
72.980927,43,1176.596401,clay
75.156872,29,1180.774616,clay
84.541405,24,1184.160921,clay
98.453913,11,1187.181878,clay
103.55,10,1190.163453,diamond_ore
92.430039,20,1193.59643,diamond_ore
86.94232,24,1196.632937,diamond_ore
100.53,12,1199.398601,log
94.665911,17,1202.675739,log
66.328835,35,1206.444821,log
96.76069,13,1210.56158,clay
72.602331,34,1214.787133,clay
103.98,7,1217.398109,clay
76.392626,31,1221.243504,diamond_ore
97.332331,16,1224.46243,diamond_ore
87.879307,23,1229.228164,diamond_ore
77.202944,30,1232.725423,log
102.98,7,1235.534702,log
102.47,8,1238.177581,log
75.701832,38,1242.619014,diamond_ore
108.73,7,1246.780478,diamond_ore
103.08,12,1249.554453,diamond_ore
89.993021,19,1252.461279,log
101.29069,15,1256.213606,log
91.592064,17,1259.652584,log
91.931137,20,1263.180986,diamond_ore
95.27,13,1266.008985,diamond_ore
100.66,14,1268.858885,diamond_ore
69.301405,33,1272.351851,diamond_ore
82.723492,28,1277.27644,diamond_ore
90.03161,23,1280.284501,diamond_ore
81.531097,9,1283.135198,clay
99.34,14,1286.042936,clay
95.92,13,1288.941506,clay
77.381132,33,1293.39705,clay
87.72,8,1296.240341,clay
105.06,9,1299.132758,clay
93.680905,19,1302.67945,log
103.94,11,1305.380952,log
107.22,8,1308.238896,log
100.720039,14,1311.317996,clay
48.505275,44,1315.648534,clay
101.488358,14,1318.670037,clay
77.871659,29,1322.283829,log
103.110472,12,1325.663287,log
100.87,13,1328.536791,log
96.728707,18,1331.820876,clay
101.201444,14,1334.785001,clay
106.363913,10,1337.857633,clay
104.91,9,1340.513505,log
104.83,10,1343.254496,log
102.98,7,1346.103568,log
96.44,11,1348.79059,log
81.485606,11,1351.537593,log
49.549071,43,1355.712963,log
102.47,8,1358.255796,clay
86.669519,24,1363.378425,clay
75.713258,34,1367.156019,clay
99.592994,11,1369.779243,diamond_ore
103.71,12,1372.435065,diamond_ore
96.041405,14,1375.821803,diamond_ore
106.42,8,1378.805644,log
98.715606,13,1381.615253,log
96.581569,17,1384.934928,log
100.61,9,1387.665568,diamond_ore
85.650927,24,1391.128706,diamond_ore
86.881967,19,1394.088682,diamond_ore
87.852331,22,1397.506348,diamond_ore
101.36,9,1400.353829,diamond_ore
103.720492,11,1404.112195,diamond_ore
97.906625,12,1406.841866,clay
103.98,7,1409.298029,clay
99.93,12,1411.922635,clay
79.111405,12,1415.084861,log
98.767655,11,1417.817396,log
95.345217,14,1420.760382,log
85.26,24,1424.070409,log
101.47,8,1427.853276,log
101.41,9,1430.711709,log
97.306796,17,1435.166778,diamond_ore
104.38,10,1437.658069,diamond_ore
85.41,9,1440.458105,diamond_ore
91.259102,20,1443.854592,clay
102.76,11,1447.824408,clay
101.971452,9,1450.749167,clay
91.52,5,1453.334291,clay
94.711539,19,1456.23957,clay
91.962809,20,1459.52202,clay
103.94,11,1462.124742,diamond_ore
95.817247,18,1465.379783,diamond_ore
76.701473,39,1469.839919,diamond_ore
77.93,27,1473.14297,clay
85.31,19,1476.722013,clay
86.801569,10,1479.736855,clay
81.510507,23,1483.065454,diamond_ore
78.032443,37,1486.987711,diamond_ore
89.100362,22,1490.269956,diamond_ore
79.111405,12,1493.07931,log
86.800927,24,1496.425021,log
76.638707,24,1501.425341,log
73.77,33,1505.264588,diamond_ore
87.632758,21,1508.908257,diamond_ore
72.834113,61,1513.888396,diamond_ore
97.715217,12,1516.829755,diamond_ore
108.7,7,1519.585091,diamond_ore
84.99,21,1523.136093,diamond_ore
84.73,10,1525.824133,diamond_ore
100.54,16,1528.782115,diamond_ore
81.854352,14,1531.910828,diamond_ore
93.96,14,1535.071563,clay
99.31,9,1538.339394,clay
101.540492,9,1541.060776,clay
86.78,10,1543.880724,log
105.45,10,1546.858436,log
100.56,9,1549.550729,log
92.351137,20,1552.733918,clay
83.292933,25,1556.054899,clay
80.483258,27,1560.475394,clay
101.62,8,1563.083174,log
79.93,12,1565.787827,log
96.6395,15,1568.587157,log
84.467634,25,1571.842054,log
103.642942,12,1574.818239,log
98.149733,12,1577.558055,log
107.42,8,1579.965816,clay
97.382994,12,1582.855139,clay
76.553913,26,1587.441349,clay
99.8395,15,1591.634355,clay
106.8,5,1594.419,clay
103.38,10,1597.576067,clay
98.368579,16,1600.618253,diamond_ore
77.201967,27,1603.825952,diamond_ore
89.350029,22,1607.464403,diamond_ore
103.78,7,1611.271297,log
103.94,11,1614.035642,log
98.45,10,1616.764573,log
104.401097,7,1619.521664,log
98.79,11,1622.529566,log
83.118145,12,1625.738493,log
75.224456,31,1630.320127,clay
96.765217,12,1633.313871,clay
77.84,26,1636.698521,clay
103.78,7,1639.28815,log
100.353913,14,1641.903459,log
96.86,14,1644.773882,log
80.632023,26,1648.457246,diamond_ore
98.242331,15,1651.525054,diamond_ore
93.382944,20,1654.455108,diamond_ore
103.14,11,1657.503026,clay
76.92,13,1660.5971,clay
101.68069,14,1663.475778,clay
105.29,6,1666.053759,diamond_ore
106.79,9,1669.23438,diamond_ore
87.51,9,1672.06928,diamond_ore
83.826059,24,1675.832386,log
99.03,15,1679.08897,log
102.304358,10,1682.46199,log
84.47,11,1685.171613,diamond_ore
100.27,13,1688.320822,diamond_ore
101.32,11,1691.743102,diamond_ore
83.812134,25,1695.11103,clay
108.93,7,1697.81748,clay
107.42,8,1700.686089,clay
85.111569,9,1703.367065,log
77.950927,29,1706.837098,log
83.999249,22,1709.991545,log
91.768145,20,1713.207905,log
105.45,10,1715.96106,log
108.93,7,1718.797763,log
79.926436,15,1723.50017,diamond_ore
100.942994,13,1727.100893,diamond_ore
73.472331,27,1731.125092,diamond_ore
101.093442,13,1735.029381,clay
85.029549,24,1738.925025,clay
83.101219,21,1743.569683,clay
71.181644,49,1747.880802,diamond_ore
78.68,27,1751.442268,diamond_ore
96.440612,17,1755.587869,diamond_ore
102.761097,11,1758.621727,clay
88.841489,21,1761.614314,clay
100.187655,14,1764.631301,clay
91.172095,20,1768.089479,clay
92.3,5,1771.874235,clay
108.73,7,1774.591588,clay
83.84069,13,1777.108393,diamond_ore
85.04,6,1779.869233,diamond_ore
104.860492,10,1782.485044,diamond_ore
100.318145,12,1785.490911,clay
101.275217,11,1788.233787,clay
85.501528,21,1791.449266,clay
100.45,10,1794.33667,log
80.71,14,1797.067428,log
98.184358,12,1799.855662,log
87.003021,23,1803.247377,clay
90.971291,17,1806.165133,clay
73.389194,39,1810.485074,clay
101.99,11,1813.45431,log
84.07,8,1816.726916,log
103.461097,11,1819.392533,log
79.301219,16,1822.394022,diamond_ore
104.011097,11,1825.083389,diamond_ore
102.23,12,1828.28672,diamond_ore
91.840927,17,1831.439494,diamond_ore
88.442849,23,1834.726732,diamond_ore
87.252331,24,1838.280663,diamond_ore
103.94,11,1841.149214,log
69.820966,30,1845.303342,log
103.24,11,1849.740333,log
100.649327,14,1852.869699,diamond_ore
101.799733,12,1855.559411,diamond_ore
82.731528,23,1859.32134,diamond_ore
79.560562,15,1862.33872,log
75.609549,34,1866.029666,log
98.767655,11,1869.418175,log
98.683442,11,1872.556917,log
76.728145,16,1875.950411,log
84.642809,25,1879.2354,log
103.98,7,1882.051536,clay
91.179307,18,1885.645584,clay
96.626707,13,1888.344913,clay
82.591166,23,1891.720436,diamond_ore
106.96,9,1894.388893,diamond_ore
89.05,8,1898.00472,diamond_ore
97.944518,13,1901.170081,clay
74.190927,37,1905.051989,clay
96.129102,18,1908.514222,clay
81.341569,14,1911.308457,clay
107.22,8,1914.063329,clay
108.76,7,1916.842865,clay
99.03,12,1919.599066,diamond_ore
96.92,18,1922.826213,diamond_ore
96.13,17,1925.680284,diamond_ore
98.14,11,1928.416891,log
105.48,10,1931.085901,log
87.93,22,1934.677047,log
89.28,7,1938.72275,log
99.68,12,1943.542731,log
89.271097,5,1947.293257,log
84.871569,8,1950.156906,diamond_ore
77.284895,29,1953.931346,diamond_ore
92.190612,20,1957.099681,diamond_ore
101.31,14,1960.21426,diamond_ore
96.860492,12,1962.854589,diamond_ore
82.392331,25,1966.227002,diamond_ore
70.183551,37,1970.492218,clay
87.35,5,1972.961969,clay
98.86,9,1975.723605,clay
77.83161,25,1980.096384,diamond_ore
99.790612,15,1983.908565,diamond_ore
101.556106,13,1986.986663,diamond_ore
101.89,11,1989.866855,clay
78.332542,28,1993.279715,clay
70.310562,18,1996.353167,clay
98.4195,12,1999.271227,log
76.838533,41,2003.488019,log
74.18,35,2006.946606,log
105.45,10,2009.817041,clay
103.68,12,2012.855767,clay
97.52,13,2015.683227,clay
108.73,7,2019.77988,log
92.723913,19,2023.183372,log
77.429059,28,2027.162944,log
103.97,11,2029.745192,diamond_ore
87.192331,20,2032.832607,diamond_ore
69.69382,35,2036.619285,diamond_ore
100.0795,11,2040.620879,diamond_ore
74.094185,50,2045.35291,diamond_ore
93.310927,20,2048.41621,diamond_ore
103.099733,12,2051.460238,clay
102.140472,14,2054.477314,clay
100.805217,13,2057.775259,clay
95.56,14,2060.521879,log
84.781539,24,2063.721402,log
79.294382,49,2068.814938,log
83.763442,8,2072.032685,log
99.46,9,2074.811962,log
99.271097,10,2077.558128,log
85.410492,7,2081.639431,log
88.41,19,2084.555274,log
85.43,22,2087.929965,log
102.27,8,2090.449712,diamond_ore
105.48,10,2093.110955,diamond_ore
106.720492,6,2095.595575,diamond_ore
98.59,11,2099.963739,clay
87.0,8,2102.968116,clay
89.28,7,2105.513172,clay
103.94,11,2108.330895,clay
75.394475,31,2112.548975,clay
88.130222,23,2115.743412,clay
103.78,7,2118.607213,log
72.402809,31,2122.22043,log
99.603913,11,2125.447053,log
102.65,10,2129.101202,diamond_ore
90.880601,20,2132.28176,diamond_ore
102.2,13,2135.295222,diamond_ore
78.361444,13,2139.808128,diamond_ore
88.48,7,2142.387451,diamond_ore
105.25,10,2145.541688,diamond_ore
97.947922,16,2148.394906,log
102.01,9,2151.120221,log
86.71,9,2153.975293,log
103.781569,12,2157.176706,diamond_ore
101.57,13,2159.987845,diamond_ore
87.734298,23,2163.122634,diamond_ore
103.7,10,2165.832185,clay
102.47,8,2168.363221,clay
108.73,7,2171.09927,clay
108.73,7,2175.017053,clay
73.922146,41,2178.425441,clay
75.720458,43,2183.299339,clay
63.679194,27,2186.635828,clay
77.903233,36,2190.699455,clay
103.633442,11,2194.8366,clay
97.25,15,2197.896867,log
84.963556,25,2201.228565,log
102.23,12,2204.172054,log
96.07,13,2208.024866,log
88.32,18,2211.169059,log
99.457922,15,2214.227502,log
100.76,9,2217.116347,diamond_ore
76.28852,40,2221.455335,diamond_ore
69.411405,22,2224.679744,diamond_ore
100.331405,15,2228.169665,diamond_ore
91.27,18,2231.784915,diamond_ore
82.541853,23,2235.340855,diamond_ore
87.35,5,2239.333732,log
81.7,10,2241.912922,log
95.122994,13,2244.690735,log
87.35,5,2247.178233,log
94.7395,15,2250.1136,log
101.720039,14,2253.097249,log
99.45,10,2255.578928,clay
103.68,12,2258.753942,clay
72.980936,44,2262.973475,clay
95.47,13,2265.680962,clay
99.037655,14,2268.820982,clay
93.526625,15,2272.581134,clay
103.636718,13,2275.872503,clay
105.29,6,2278.568653,clay
105.69,9,2281.375149,clay
86.921467,24,2285.001236,diamond_ore
97.061097,11,2287.59974,diamond_ore
100.16,9,2290.600568,diamond_ore
94.871405,18,2293.783439,clay
94.917922,14,2297.313427,clay
99.8,10,2300.244421,clay
103.13,7,2304.376064,log
90.79,6,2307.208998,log
106.8,5,2309.883346,log
104.281569,12,2313.110021,diamond_ore
78.012758,33,2316.76637,diamond_ore
90.230476,23,2320.049446,diamond_ore
97.33069,16,2323.023964,diamond_ore
108.47,8,2325.785256,diamond_ore
99.85,10,2328.507229,diamond_ore
101.798145,14,2331.61608,log
82.37409,13,2335.670444,log
104.948579,13,2338.685963,log
81.511877,25,2342.124,log
100.17,13,2346.715561,log
74.962331,31,2350.451989,log
101.78,12,2353.522531,diamond_ore
91.993913,12,2356.69387,diamond_ore
96.75,15,2359.521665,diamond_ore
87.069032,24,2362.943944,clay
75.53387,41,2367.614022,clay
75.584663,43,2372.023693,clay
102.351569,10,2374.772189,clay
107.22,8,2377.818964,clay
90.79,6,2380.239757,clay
97.73,12,2383.054125,diamond_ore
96.309989,13,2387.032392,diamond_ore
78.831947,29,2393.116346,diamond_ore
96.14,11,2395.772536,clay
94.471405,16,2398.789498,clay
99.59,11,2401.653512,clay
93.609346,19,2404.784984,diamond_ore
87.51,9,2407.619064,diamond_ore
84.44,11,2411.91747,diamond_ore
104.02,11,2414.458836,log
65.22,38,2418.745042,log
98.6,10,2421.426387,log
106.57,8,2423.873863,log
90.193667,19,2427.306996,log
94.35,15,2430.261686,log
102.21,12,2434.338593,log
88.161405,22,2437.751792,log
102.531364,12,2440.670363,log
82.062331,23,2444.174655,clay
82.691405,24,2447.707124,clay
97.791405,14,2450.743025,clay
78.752708,26,2454.212024,clay
107.17,8,2457.055275,clay
105.91,9,2459.953557,clay
89.351967,22,2463.576966,diamond_ore
99.8,15,2466.58865,diamond_ore
82.462893,27,2470.071492,diamond_ore
77.862893,35,2474.021979,clay
76.714113,31,2478.179195,clay
74.441124,39,2482.896183,clay
103.18,7,2485.592341,log
105.94,9,2488.391477,log
103.291097,11,2491.008538,log
98.59,14,2495.241808,log
83.311569,9,2497.906023,log
67.861137,19,2501.260859,log
104.401097,7,2505.025667,clay
75.879508,45,2509.65448,clay
84.268145,12,2512.636799,clay
102.47,8,2516.928321,diamond_ore
88.12,18,2520.109335,diamond_ore
100.34,9,2522.458793,diamond_ore
108.76,7,2524.912679,diamond_ore
96.800751,18,2528.068254,diamond_ore
85.592944,24,2531.446437,diamond_ore
103.95,10,2533.94505,log
92.810729,19,2537.419109,log
104.04,11,2540.290039,log
89.22,18,2543.617232,clay
105.49,6,2546.344012,clay
103.94,11,2548.928577,clay
83.062331,26,2552.551844,diamond_ore
98.428127,15,2555.302167,diamond_ore
76.013975,50,2560.382348,diamond_ore
105.29,6,2562.920467,clay
96.270612,14,2566.058793,clay
88.58091,19,2569.508548,clay
90.011967,16,2572.562527,log
105.29,6,2575.497428,log
96.66,14,2578.576777,log
93.140562,18,2581.396295,clay
103.18,7,2584.239238,clay
85.84,6,2586.802552,clay
81.86,14,2590.025083,log
96.750039,16,2592.993029,log
93.95069,19,2597.607016,log
106.96,9,2600.470054,diamond_ore
102.07,8,2603.101729,diamond_ore
108.73,7,2607.409764,diamond_ore
100.27,13,2610.711152,diamond_ore
93.469733,15,2613.45687,diamond_ore
82.16,9,2616.976064,diamond_ore
102.47,8,2619.715072,clay
95.195217,14,2622.512864,clay
89.062331,21,2626.099601,clay
91.532331,21,2630.330483,diamond_ore
75.702944,30,2633.948843,diamond_ore
86.571405,24,2637.212488,diamond_ore
103.78,7,2640.023737,log
77.984663,30,2643.461204,log
78.721539,25,2646.929621,log
96.270039,17,2649.882384,log
85.95,10,2652.482032,log
106.96,9,2655.308426,log
85.010916,24,2658.617361,clay
107.25,8,2661.538886,clay
101.62,8,2664.912686,clay
100.6,10,2667.559322,diamond_ore
89.623021,21,2670.833774,diamond_ore
82.972023,24,2674.365866,diamond_ore
79.286106,12,2678.164366,diamond_ore
73.882331,16,2681.196376,diamond_ore
79.351405,28,2684.954027,diamond_ore
86.801569,10,2687.947103,diamond_ore
83.36,19,2692.404064,diamond_ore
105.45,10,2695.00158,diamond_ore
104.999733,10,2698.408602,log
90.311539,21,2701.651587,log
101.420927,14,2704.949017,log
91.14069,20,2708.174342,log
98.038127,12,2711.313202,log
78.001405,16,2714.538496,log
102.11,9,2717.476155,clay
101.901097,12,2720.461104,clay
73.678127,46,2725.666767,clay
92.822893,16,2728.57306,clay
92.219986,20,2731.737096,clay
71.540955,74,2738.623395,clay
81.22,26,2741.862123,diamond_ore
85.772893,21,2745.13677,diamond_ore
103.94,11,2749.043766,diamond_ore
69.472288,33,2752.899471,log
77.583021,40,2757.119191,log
98.330729,15,2759.857988,log
83.482798,25,2764.114983,clay
90.79,6,2766.929298,clay
103.78,7,2769.671166,clay
102.351569,10,2772.415975,log
73.521405,29,2776.251009,log
74.152356,31,2781.28978,log
98.34,16,2784.185614,diamond_ore
92.470462,20,2787.361217,diamond_ore
99.85,13,2790.142164,diamond_ore
101.719346,15,2793.022834,log
105.03,7,2795.830045,log
102.01,9,2798.622907,log
99.728145,11,2801.241418,clay
103.71,12,2804.28917,clay
73.719238,29,2809.115785,clay
96.42,13,2812.350657,diamond_ore
98.73,12,2815.41709,diamond_ore
97.660905,16,2818.957657,diamond_ore
77.370927,24,2822.754297,clay
99.103913,11,2825.793142,clay
74.222331,47,2830.427026,clay
91.782893,20,2833.709493,clay
94.738145,15,2837.093314,clay
83.269989,22,2840.412731,clay
102.531364,12,2843.567581,diamond_ore
73.310239,35,2847.913448,diamond_ore
94.077655,18,2852.550012,diamond_ore
100.76,9,2855.179839,clay
76.791405,29,2859.350889,clay
102.41,14,2862.673811,clay
92.24,16,2865.7842,clay
105.94,9,2868.362822,clay
84.07,8,2871.032171,clay
87.111617,22,2874.582948,diamond_ore
95.621539,15,2877.596971,diamond_ore
91.200278,17,2881.294606,diamond_ore
103.420492,11,2884.096535,log
95.21,14,2886.774434,log
77.174214,32,2890.513355,log
92.331444,16,2893.613871,log
101.47,8,2896.2341,log
89.28,7,2899.063012,log
94.192331,15,2903.429164,diamond_ore
105.29,6,2906.183415,diamond_ore
105.29,6,2908.808511,diamond_ore
85.91,22,2913.269151,log
75.651405,33,2917.169811,log
92.777655,18,2919.87321,log
81.17382,27,2923.441367,log
94.26,19,2926.414065,log
84.541444,25,2929.504488,log
87.368849,23,2934.163559,clay
103.036625,12,2937.260769,clay
99.841405,14,2941.766197,clay
103.78,7,2944.503403,log
82.760601,14,2948.675913,log
77.651853,40,2952.73785,log
93.920927,19,2955.983373,diamond_ore
103.78,7,2959.8681,diamond_ore
105.48,10,2962.795445,diamond_ore
105.49,6,2965.585433,diamond_ore
83.822331,25,2968.883397,diamond_ore
93.973021,19,2972.175252,diamond_ore
91.192809,20,2975.49256,diamond_ore
96.010601,14,2978.405481,diamond_ore
95.036625,14,2981.823321,diamond_ore
100.87,13,2984.786309,log
99.93,12,2987.752936,log
105.69,9,2991.30559,log
84.689733,11,2994.096069,clay
87.51,9,2996.922334,clay
87.51,9,2999.941551,clay
103.78,7,3002.815162,clay
88.373371,23,3007.797211,clay
75.67387,32,3011.518969,clay
101.101097,12,3014.819013,log
103.52,8,3017.677134,log
105.91,9,3020.285845,log
96.079733,17,3023.098898,clay
90.79,6,3026.450377,clay
90.56,7,3028.970436,clay
103.32,13,3032.103217,diamond_ore
104.28,12,3034.893159,diamond_ore
88.881967,19,3037.902001,diamond_ore
101.62,8,3040.945071,log
79.372331,27,3045.237963,log
95.182974,18,3048.566393,log
77.101649,39,3053.274293,log
96.149733,15,3056.331612,log
90.049733,20,3059.447046,log
84.07,8,3061.929307,diamond_ore
99.83,12,3065.145714,diamond_ore
102.108127,10,3068.31939,diamond_ore
102.47,8,3070.883581,clay
103.600205,10,3074.791526,clay
72.640472,44,3078.956353,clay
95.36,14,3082.071992,clay
91.859397,19,3085.466681,clay
74.35382,29,3089.169147,clay
80.785217,10,3092.498676,diamond_ore
102.49,11,3095.120458,diamond_ore
103.94,11,3097.805333,diamond_ore
103.09,11,3101.021196,diamond_ore
82.659491,27,3105.164186,diamond_ore
89.289964,23,3108.365118,diamond_ore
104.38,10,3111.096958,clay
80.940472,19,3114.851781,clay
86.931405,23,3118.125588,clay
75.634214,34,3121.849261,diamond_ore
86.471617,23,3125.512294,diamond_ore
77.343736,48,3130.273998,diamond_ore
95.547655,18,3133.532312,clay
82.661728,27,3136.976303,clay
81.812838,27,3140.72802,clay
96.52,13,3143.425936,log
76.624663,31,3146.896974,log
84.619519,24,3150.790097,log
87.77,8,3153.334525,diamond_ore
103.33,7,3156.011833,diamond_ore
100.5,10,3158.804899,diamond_ore
102.710472,12,3161.845256,log
105.48,10,3164.54879,log
100.59,11,3167.66041,log
107.42,8,3170.437857,log
89.370562,17,3173.657375,log
73.87,33,3177.322613,log
102.47,8,3179.973984,clay
106.720492,6,3183.762339,clay
100.280492,13,3186.453209,clay
102.531364,12,3190.757425,log
101.36,9,3193.710576,log
110.27,6,3196.583934,log
92.232974,20,3201.363983,clay
86.24,9,3204.025668,clay
103.94,11,3206.927473,clay
91.09,21,3210.215524,diamond_ore
96.729703,18,3213.532361,diamond_ore
100.67,13,3216.53834,diamond_ore
105.94,9,3219.127614,log
96.409951,18,3223.776986,log
99.03,12,3226.80431,log
85.58,7,3229.59575,clay
83.932331,21,3233.329453,clay
99.998145,14,3236.441432,clay
89.361617,22,3239.594142,clay
95.76069,13,3242.519646,clay
74.742064,42,3246.598927,clay
100.730472,13,3249.60175,diamond_ore
94.345256,15,3253.830744,diamond_ore
93.570039,19,3257.745697,diamond_ore
74.73,27,3260.991739,diamond_ore
107.22,8,3263.65685,diamond_ore
104.2,10,3266.245637,diamond_ore
82.069621,26,3269.271551,log
99.128145,16,3272.524214,log
96.07,18,3275.490571,log
94.03,17,3279.366632,log
99.85,10,3282.415499,log
100.98,12,3285.30584,log
95.306796,14,3288.503524,diamond_ore
101.436625,9,3291.419757,diamond_ore
87.339733,18,3294.725856,diamond_ore
102.23,12,3297.992899,log
91.552809,21,3301.529615,log
89.030927,21,3304.971534,log
94.855477,19,3308.912262,log
102.26,12,3313.011058,log
86.97,18,3316.297562,log
90.82,6,3318.960178,diamond_ore
77.462893,32,3322.598457,diamond_ore
86.101489,20,3327.159831,diamond_ore
100.096707,14,3329.991801,clay
102.11,9,3332.891653,clay
86.392696,23,3336.23802,clay
97.58,12,3339.116995,clay
102.531364,12,3342.12187,clay
77.211377,24,3345.48502,clay
77.990835,33,3349.423754,clay
89.23,7,3353.289022,clay
99.9,12,3356.12793,clay
87.472331,22,3359.611772,diamond_ore
98.34,11,3363.059249,diamond_ore
103.78,7,3365.843628,diamond_ore
95.344051,17,3369.340097,log
103.94,11,3372.158314,log
105.375966,11,3375.059673,log
100.54,14,3377.836924,clay
96.356796,14,3380.849563,clay
98.158145,13,3383.886865,clay
107.02,8,3386.885657,diamond_ore
94.479633,19,3390.174706,diamond_ore
98.97,13,3392.87977,diamond_ore
102.44,11,3395.723618,log
98.729733,14,3398.583716,log
93.652035,20,3402.848591,log
85.95,10,3405.694869,clay
105.69,9,3410.107896,clay
90.79,6,3412.782048,clay
99.346796,15,3415.874613,diamond_ore
103.52,8,3418.741118,diamond_ore
87.54,9,3421.984758,diamond_ore
84.741405,24,3425.666713,log
89.332331,21,3428.893211,log
96.176625,15,3431.718908,log
100.866106,14,3434.786065,clay
87.051489,20,3438.273361,clay
95.341097,13,3441.50796,clay
98.353361,12,3445.043134,diamond_ore
94.231405,18,3448.107561,diamond_ore
75.269059,49,3452.608437,diamond_ore
88.48,7,3455.863714,clay
97.930562,16,3458.914432,clay
83.61,9,3461.533828,clay
94.511405,19,3464.907427,diamond_ore
100.16,14,3467.948532,diamond_ore
77.922331,32,3471.776968,diamond_ore
95.71,14,3475.319335,clay
101.59,11,3478.163927,clay
87.35,5,3481.015262,clay
100.28,12,3483.885034,clay
85.392944,21,3488.774765,clay
91.960927,20,3493.398525,clay
98.97,13,3496.320235,diamond_ore
95.621405,16,3499.455606,diamond_ore
78.97,23,3502.817726,diamond_ore
75.061405,30,3507.146769,diamond_ore
101.99,11,3509.843422,diamond_ore
106.31,9,3512.716087,diamond_ore
86.401489,25,3516.292017,log
88.259719,23,3520.811178,log
89.489141,18,3524.011369,log
90.43,17,3527.196287,log
107.42,8,3529.889135,log
105.91,9,3532.731292,log
105.06,9,3535.607223,log
76.401038,42,3540.096305,log
98.79,11,3542.863126,log
102.11,9,3546.349136,log
100.03,15,3549.167582,log
95.916106,14,3551.968897,log
100.098127,11,3555.148253,diamond_ore
98.94,11,3558.164083,diamond_ore
95.67069,17,3561.082939,diamond_ore
92.59,16,3564.522798,log
108.73,7,3567.317714,log
105.66,9,3570.072235,log
94.05,15,3573.393704,clay
98.209733,16,3576.416895,clay
97.141967,16,3579.350427,clay
100.83,12,3582.181267,log
97.5,15,3585.622356,log
93.831097,14,3588.54138,log
81.950362,27,3591.905327,clay
75.661405,32,3596.107724,clay
87.832124,20,3599.48141,clay
107.24,8,3602.299702,diamond_ore
76.251489,33,3605.92571,diamond_ore
74.79509,44,3611.93048,diamond_ore
95.600472,18,3615.275351,diamond_ore
107.0,5,3618.00352,diamond_ore
102.04,11,3622.476036,diamond_ore
100.51,14,3625.58663,clay
89.31,7,3628.023303,clay
102.01,9,3630.658115,clay
106.57,8,3633.737294,clay
103.75,10,3636.537879,clay
90.79,6,3639.771261,clay
75.433258,37,3644.155007,log
103.29,11,3647.1925,log
103.36,7,3649.88251,log
91.53,17,3652.989749,log
79.823686,28,3656.53852,log
74.314214,38,3660.412299,log
73.131617,40,3664.237385,diamond_ore
97.54803,16,3668.60924,diamond_ore
91.181405,20,3671.719163,diamond_ore
92.3,5,3674.242501,clay
84.33,12,3676.959159,clay
91.482331,16,3680.195878,clay
103.94,11,3684.597882,diamond_ore
92.3,5,3687.281327,diamond_ore
64.876264,53,3692.295385,diamond_ore
108.47,8,3694.953856,diamond_ore
88.71,19,3698.124422,diamond_ore
96.732371,17,3702.632331,diamond_ore
75.952879,35,3707.273199,clay
102.11,9,3709.98,clay
102.26,14,3712.960585,clay
99.071097,10,3716.089626,log
100.24,11,3718.96523,log
102.65,10,3721.633546,log
82.911405,22,3724.601672,log
75.712455,34,3728.634695,log
76.843258,36,3732.218305,log
92.26,19,3735.558054,clay
85.659908,25,3739.408531,clay
102.38,12,3742.742424,clay
105.58,10,3745.80711,clay
72.399603,38,3749.946295,clay
96.722933,17,3753.115245,clay
108.96,7,3755.740408,diamond_ore
82.22,13,3758.939233,diamond_ore
104.788079,13,3762.032378,diamond_ore
94.389633,20,3765.254454,log
101.281394,14,3768.268268,log
87.269761,22,3771.74157,log
97.149733,15,3775.710689,diamond_ore
87.51,9,3779.455335,diamond_ore
87.51,9,3782.265092,diamond_ore
91.966621,20,3785.96103,clay
102.38,12,3788.699874,clay
103.98,7,3791.308383,clay
82.762809,25,3794.866221,log
111.725966,6,3797.660488,log
103.97,11,3800.509638,log
82.415217,12,3803.934653,diamond_ore
76.731288,31,3809.295221,diamond_ore
88.131877,23,3813.004309,diamond_ore
98.611405,15,3816.541013,diamond_ore
95.231444,16,3819.728517,diamond_ore
96.092331,18,3823.233982,diamond_ore
106.6,8,3825.967083,log
101.650562,14,3828.943472,log
77.575801,32,3833.063078,log
102.23,12,3835.944425,log
89.28,7,3838.825464,log
100.5,10,3841.671679,log
92.279733,14,3844.825388,diamond_ore
85.58,7,3847.360291,diamond_ore
110.26,6,3850.114723,diamond_ore
103.78,7,3854.533731,diamond_ore
102.010864,13,3857.651237,diamond_ore
91.021489,18,3860.92515,diamond_ore
103.98,7,3863.661101,clay
93.161967,16,3866.394266,clay
99.03,12,3869.206496,clay
105.29,6,3872.03264,log
88.186182,22,3875.453094,log
94.31,19,3878.736063,log
72.152793,31,3882.725905,clay
102.47,8,3885.367554,clay
105.06,9,3888.25036,clay
103.75,10,3891.871923,clay
79.053775,28,3895.493582,clay
88.962639,22,3898.746429,clay
98.326625,15,3901.639813,log
84.09,11,3905.576063,log
97.452331,14,3908.301843,log
105.29,6,3911.105263,diamond_ore
104.18,10,3915.305481,diamond_ore
105.03,7,3918.098837,diamond_ore
104.15,10,3920.991538,diamond_ore
75.640927,27,3924.987394,diamond_ore
100.48,12,3928.897216,diamond_ore
86.74762,23,3933.738364,clay
94.099733,17,3937.196804,clay
101.697655,13,3940.145759,clay
80.56399,27,3943.805278,clay
87.75,8,3946.952649,clay
79.832345,27,3950.938083,clay
100.72,13,3954.084196,diamond_ore
103.507655,12,3958.570004,diamond_ore
68.030927,43,3963.744816,diamond_ore
92.061405,17,3967.675443,log
97.657288,13,3970.877049,log
102.62,13,3974.024967,log
72.620927,29,3977.684713,log
104.15,10,3980.298228,log
102.47,8,3982.937548,log
91.531489,20,3986.373736,clay
82.911405,22,3989.712357,clay
86.770927,19,3992.612908,clay
85.891405,22,3995.855289,log
70.14,16,3999.368629,log
96.066106,17,4002.675452,log
100.53,10,4005.140818,clay
73.374663,41,4009.596558,clay
102.02,13,4012.737029,clay
83.701219,26,4016.416839,log
103.78,7,4019.377546,log
102.87,8,4023.43875,log
96.28,12,4026.456697,diamond_ore
99.810927,15,4031.215602,diamond_ore
77.644663,34,4034.73277,diamond_ore
88.07,18,4037.9573,log
77.800916,25,4041.281094,log
97.79,16,4044.284964,log
106.8,5,4046.903149,diamond_ore
98.87069,15,4049.70318,diamond_ore
102.11,9,4052.319754,diamond_ore
105.03,7,4055.290088,clay
83.298145,9,4058.31728,clay
91.971444,17,4061.493137,clay
74.351967,30,4064.757873,diamond_ore
107.22,8,4067.91584,diamond_ore
105.29,6,4070.755335,diamond_ore
95.861405,17,4073.976956,clay
100.31,9,4077.31575,clay
85.98,10,4080.071347,clay
110.24,6,4083.248223,clay
79.123258,28,4086.815785,clay
104.04,11,4089.638125,clay
98.461097,11,4092.632868,clay
89.112893,22,4095.867622,clay
99.871405,14,4098.756704,clay
95.239775,19,4102.305793,log
96.961569,14,4105.08531,log
90.409549,21,4108.354703,log
82.236718,13,4111.493719,clay
105.48,10,4114.428911,clay
103.98,7,4117.187239,clay
100.049733,15,4120.146682,diamond_ore
102.23,12,4123.355839,diamond_ore
98.73,12,4126.572379,diamond_ore
77.802331,29,4130.197311,diamond_ore
105.66,9,4133.701775,diamond_ore
105.09,9,4137.925337,diamond_ore
103.71,12,4140.867151,log
92.322331,17,4145.236269,log
76.433644,50,4150.60956,log
97.43,17,4154.915788,diamond_ore
84.622331,22,4158.568382,diamond_ore
98.093913,12,4161.477974,diamond_ore
100.139733,13,4164.438979,log
107.22,8,4167.677344,log
100.76,12,4170.624842,log
88.640927,22,4175.348145,clay
75.873736,40,4179.480012,clay
97.89,16,4182.652364,clay
95.06,14,4185.798263,clay
92.950612,16,4188.721247,clay
106.681364,10,4191.3859,clay
88.25069,19,4196.17187,diamond_ore
73.74,26,4199.587464,diamond_ore
105.29,6,4202.053932,diamond_ore
102.250562,14,4205.672106,log
97.839051,15,4209.750922,log
84.421853,23,4212.938005,log
69.862769,46,4217.46153,log
78.430973,27,4222.475456,log
96.271617,18,4225.515108,log
85.6,10,4228.479035,diamond_ore
100.24,11,4231.567184,diamond_ore
100.25,15,4235.192157,diamond_ore
95.183021,15,4238.236302,clay
107.120492,9,4240.832927,clay
106.8,5,4243.719445,clay
65.729054,44,4248.600729,diamond_ore
89.997655,13,4251.716027,diamond_ore
107.3,10,4254.949947,diamond_ore
96.28,12,4257.842585,log
103.78,7,4260.897488,log
103.97,11,4263.578084,log
103.98,7,4266.280327,log
74.249502,71,4272.46967,log
89.551853,22,4275.597264,log
104.738127,12,4278.773535,clay
86.769054,25,4282.131994,clay
98.87069,12,4284.964511,clay
92.235217,20,4288.832011,clay
105.06,9,4291.503409,clay
110.44,6,4294.554354,clay
94.99,19,4297.876962,log
107.93,7,4302.140074,log
105.94,9,4306.068989,log
74.908849,29,4309.775417,clay
80.571219,24,4313.087098,clay
104.04,11,4315.679014,clay
97.1795,16,4318.983093,log
86.978849,24,4322.499041,log
78.703461,28,4326.128467,log
89.54,21,4329.737898,diamond_ore
76.522416,34,4334.525011,diamond_ore
81.850927,26,4338.432739,diamond_ore
76.333736,29,4342.149213,diamond_ore
84.213442,11,4344.76022,diamond_ore
98.611097,11,4348.6642,diamond_ore
77.263987,32,4352.052387,diamond_ore
105.45,10,4354.928067,diamond_ore
107.39,8,4357.503862,diamond_ore
83.33,22,4360.599197,diamond_ore
100.66,14,4363.837051,diamond_ore
83.07,13,4366.976945,diamond_ore
97.820601,13,4371.536472,clay
108.76,7,4374.274154,clay
87.51,9,4377.118445,clay
76.614395,34,4381.112989,log
97.34,16,4384.455953,log
101.05069,14,4387.363941,log
100.36,14,4390.34295,diamond_ore
108.76,7,4392.894086,diamond_ore
103.78,7,4396.829463,diamond_ore
102.01,9,4399.927704,diamond_ore
90.030927,18,4403.377858,diamond_ore
100.21,14,4406.703845,diamond_ore
82.222331,25,4410.219854,log
102.62,13,4413.27028,log
80.65,10,4416.222408,log
78.684841,40,4420.624104,log
96.44,11,4424.703727,log
103.78,7,4427.480704,log
78.883913,23,4431.296547,clay
85.573736,25,4435.783617,clay
99.746106,14,4438.914405,clay
92.15,20,4443.67626,clay
96.840927,17,4446.914415,clay
71.862416,35,4451.02255,clay
100.31,9,4453.661332,log
79.340954,29,4457.393495,log
98.85,15,4460.311186,log
84.78,7,4463.055204,clay
103.13,7,4466.962498,clay
103.78,7,4469.792455,clay
80.942095,26,4473.503508,diamond_ore
101.75,10,4476.537302,diamond_ore
105.941097,11,4479.03972,diamond_ore
102.17,13,4482.124631,diamond_ore
105.0595,11,4485.181668,diamond_ore
93.90232,18,4488.582288,diamond_ore
93.10069,19,4491.961194,clay
86.738145,10,4496.191923,clay
95.533361,14,4499.220126,clay
75.132809,33,4503.138397,clay
104.07,11,4505.965707,clay
102.53,12,4509.0014,clay
70.920927,29,4512.785311,log
105.03,7,4515.456213,log
102.47,11,4518.105689,log
106.57,8,4522.586267,log
95.550562,14,4525.485594,log
70.034185,38,4529.776295,log
103.58,7,4532.403835,diamond_ore
86.8,20,4535.836549,diamond_ore
108.73,7,4538.862672,diamond_ore
77.842804,28,4543.035166,clay
98.73,12,4545.641613,clay
96.804147,14,4549.527821,clay
107.22,8,4552.382562,diamond_ore
102.9,10,4555.078424,diamond_ore
104.0,10,4557.883596,diamond_ore
103.68,12,4562.572774,clay
108.93,7,4565.28836,clay
105.29,6,4567.902797,clay
81.013736,26,4572.80031,log
89.521313,22,4576.911495,log
102.78069,11,4580.043368,log
79.62,23,4583.871395,log
108.73,7,4587.352222,log
100.61,9,4589.998855,log
99.442331,15,4594.24044,clay
101.559733,14,4597.059133,clay
84.453171,26,4600.997487,clay
94.691405,14,4604.152411,log
102.882696,14,4607.305757,log
75.265141,39,4611.516365,log
102.15,13,4614.506653,diamond_ore
81.500927,26,4618.176803,diamond_ore
92.19,16,4621.181192,diamond_ore
78.712331,28,4626.141622,diamond_ore
83.31,9,4628.957928,diamond_ore
93.450562,19,4633.782015,diamond_ore
76.064663,37,4638.810022,log
101.82,8,4641.828515,log
103.7,10,4644.65566,log
107.25,8,4647.573247,log
83.800966,22,4651.398622,log
80.29,16,4654.452981,log
110.27,6,4657.203471,clay
77.879095,59,4662.367188,clay
94.97069,17,4665.791584,clay
95.932893,18,4669.366383,log
97.606145,16,4672.448757,log
91.361405,17,4675.693849,log
81.322371,28,4680.614482,clay
94.342095,18,4683.789697,clay
73.3,40,4688.329036,clay
92.828707,20,4691.88311,diamond_ore
110.27,6,4694.658331,diamond_ore
107.22,8,4698.141807,diamond_ore
107.22,8,4700.859457,diamond_ore
86.893775,24,4704.722413,diamond_ore
94.891405,14,4707.771057,diamond_ore
107.17,8,4710.799198,clay
105.11,9,4713.62732,clay
90.51,7,4716.154816,clay
95.14069,15,4719.445254,diamond_ore
88.172095,20,4722.864345,diamond_ore
99.470253,16,4725.983085,diamond_ore
97.480562,16,4728.787474,clay
69.322095,30,4732.259222,clay
75.985225,42,4736.746112,clay
92.142624,20,4740.226393,clay
85.84,6,4742.851518,clay
106.8,5,4745.916514,clay
76.142893,29,4750.070479,log
105.74,9,4752.848271,log
90.79,6,4755.735136,log
73.591405,34,4759.414171,diamond_ore
105.48,10,4762.102177,diamond_ore
107.14,9,4764.753068,diamond_ore
102.01069,13,4767.688033,clay
90.450927,21,4771.195475,clay
97.430562,16,4774.209139,clay
95.828127,13,4777.260987,diamond_ore
94.312331,18,4780.643932,diamond_ore
83.613736,26,4784.459885,diamond_ore
101.591405,14,4787.433784,diamond_ore
100.03,15,4790.154988,diamond_ore
81.070729,26,4793.80374,diamond_ore
102.02,13,4797.054922,log
95.42,13,4799.832786,log
89.860039,20,4803.079744,log
93.59551,18,4805.864084,log
86.160039,20,4809.412485,log
91.387922,17,4812.784353,log
75.600927,41,4816.768793,log
87.220671,24,4821.221184,log
75.549682,31,4824.946736,log
77.88795,52,4829.683355,clay
95.62,13,4834.903754,clay
91.302331,19,4837.985961,clay
97.54,16,4841.191431,clay
92.690729,19,4844.797015,clay
69.724839,58,4850.704703,clay
102.64,11,4853.492242,diamond_ore
104.04,11,4856.458615,diamond_ore
85.820598,21,4861.240792,diamond_ore
82.971539,25,4865.90531,diamond_ore
98.683442,11,4869.037194,diamond_ore
95.86,14,4872.232256,diamond_ore
100.24,11,4874.932037,log
106.8,5,4877.807532,log
105.91,9,4880.79199,log
99.09,11,4883.743019,clay
108.76,7,4886.69389,clay
106.31,9,4889.710385,clay
88.543021,19,4893.184305,diamond_ore
100.5,10,4897.398427,diamond_ore
72.24,31,4901.150235,diamond_ore
107.571097,10,4903.85039,log
76.152416,34,4907.318371,log
93.35069,14,4911.043555,log
100.6,10,4914.026161,diamond_ore
90.37,18,4917.006251,diamond_ore
84.382331,21,4921.707961,diamond_ore
102.01,9,4924.403083,log
107.22,8,4927.174253,log
101.09,11,4930.201431,log
100.9,13,4933.231691,diamond_ore
98.158145,13,4937.664864,diamond_ore
75.985703,31,4942.16025,diamond_ore
103.78,7,4945.086296,clay
103.98,7,4947.724562,clay
106.8,5,4950.449165,clay
100.34,9,4954.597215,clay
84.09,11,4957.962397,clay
90.182944,22,4961.21209,clay
108.73,7,4964.486003,diamond_ore
103.55,10,4967.444905,diamond_ore
101.62,8,4971.363062,diamond_ore
78.470927,24,4976.430632,log
97.660679,17,4979.613525,log
96.63,15,4982.787702,log
95.230039,18,4986.129056,log
89.026106,21,4989.612288,log
102.827922,13,4992.851271,log
89.241405,22,4996.332273,clay
73.608145,33,5000.313454,clay
99.346796,15,5003.47625,clay
107.42,8,5006.264329,log
105.49,6,5009.200386,log
101.39,11,5012.809081,log
105.94,9,5016.778909,log
86.75,10,5019.690378,log
102.38,12,5022.681248,log
90.68,17,5025.814677,diamond_ore
98.359733,16,5028.882444,diamond_ore
95.77,13,5031.925333,diamond_ore
82.338579,14,5035.672611,diamond_ore
105.71,9,5038.485493,diamond_ore
107.090492,9,5042.381297,diamond_ore
74.700954,30,5046.128402,log
85.242023,24,5049.632772,log
91.093556,22,5053.046557,log
100.96,14,5057.440163,clay
103.98,7,5060.159387,clay
105.94,9,5062.790316,clay
107.22,8,5066.09741,clay
98.79,11,5068.949121,clay
92.181877,21,5072.180426,clay
92.050039,19,5075.515366,clay
76.207018,31,5080.586333,clay
102.11,9,5083.350534,clay
95.71,14,5086.552199,diamond_ore
74.341539,28,5090.159189,diamond_ore
95.06,14,5093.86325,diamond_ore
100.921097,13,5097.624235,clay
87.35,5,5101.435521,clay
103.55,10,5104.612609,clay
87.579616,23,5107.922347,diamond_ore
100.16,14,5110.938232,diamond_ore
86.282331,21,5114.077379,diamond_ore
105.278127,8,5117.029294,clay
103.399733,12,5119.946809,clay
102.665217,12,5122.987265,clay
106.96,9,5125.770336,log
97.911405,12,5129.130643,log
93.673361,15,5132.180124,log
83.44,21,5135.506287,clay
94.276718,14,5138.440256,clay
100.998145,14,5141.66384,clay
98.820472,11,5145.312911,log
99.721097,10,5149.709643,log
101.62,8,5152.481737,log
103.98,7,5155.315995,log
91.06,19,5159.004483,log
97.786106,12,5162.069818,log
105.29,6,5166.422968,diamond_ore
105.45,10,5169.649283,diamond_ore
105.91,9,5172.350166,diamond_ore
105.29,6,5175.502282,diamond_ore
104.02,11,5180.035097,diamond_ore
87.07069,22,5183.561696,diamond_ore
83.404298,26,5187.752309,diamond_ore
97.22,13,5191.22746,diamond_ore
102.11,9,5194.352758,diamond_ore
86.551617,20,5197.931938,log
103.55,10,5200.720759,log
105.010492,7,5203.526896,log
103.214582,9,5206.461127,log
81.256106,13,5209.392183,log
76.533736,39,5213.233471,log
105.29,6,5216.248335,clay
105.91,9,5218.89636,clay
100.74,11,5222.137614,clay
97.02,13,5225.3826,diamond_ore
103.867655,11,5228.780526,diamond_ore
97.760562,16,5231.648544,diamond_ore
87.202893,23,5235.133137,diamond_ore
103.78,7,5238.964437,diamond_ore
99.7,10,5241.851002,diamond_ore
80.951539,27,5245.572314,log
97.472306,13,5248.737833,log
83.318145,22,5252.083999,log
96.341405,14,5255.26976,clay
87.888145,10,5257.936404,clay
79.971405,26,5261.83645,clay
97.064475,17,5264.942436,clay
98.161405,17,5268.385602,clay
102.15,13,5271.320982,clay
102.47,8,5275.492512,diamond_ore
108.73,7,5278.323552,diamond_ore
104.91,9,5281.540888,diamond_ore
85.58,7,5284.194466,diamond_ore
78.919989,27,5287.912956,diamond_ore
76.465801,50,5292.478255,diamond_ore
101.39,11,5295.979661,log
107.17,8,5301.032325,log
107.42,8,5303.790116,log
77.464192,27,5307.632951,clay
80.737225,25,5312.742219,clay
95.353913,16,5316.256557,clay
100.472942,14,5319.300841,clay
103.78,10,5322.165151,clay
97.631097,14,5325.224112,clay
102.41,14,5328.740139,log
74.263021,32,5333.488046,log
101.02,13,5336.452821,log
99.489346,16,5339.678837,clay
79.636614,29,5345.034697,clay
100.733361,14,5349.299404,clay
102.01,9,5352.134651,diamond_ore
91.384193,21,5355.828096,diamond_ore
100.735217,10,5358.959367,diamond_ore
78.051405,16,5362.173285,log
70.79,26,5365.899704,log
98.94,11,5368.89877,log
105.66,9,5371.702321,clay
108.76,7,5374.473121,clay
100.34,9,5378.442193,clay
103.74,11,5381.959664,log
100.261444,15,5385.021409,log
81.471405,26,5388.686279,log
78.25,25,5392.521094,clay
105.58,10,5395.383286,clay
104.118145,12,5398.50475,clay
102.1,8,5401.160833,diamond_ore
99.770679,11,5404.046057,diamond_ore
76.652543,34,5407.994214,diamond_ore
88.119986,23,5411.891318,diamond_ore
89.091038,23,5415.334433,diamond_ore
96.63,12,5419.928002,diamond_ore
99.453361,12,5422.82932,clay
91.49,16,5426.123161,clay
98.267655,11,5430.08188,clay
91.01,17,5432.910506,log
100.82,13,5436.152835,log
104.04,11,5438.9302,log
102.49,11,5441.894011,diamond_ore
107.22,8,5444.83768,diamond_ore
106.57,8,5447.585824,diamond_ore
101.111569,14,5450.689025,log
105.71,9,5453.608827,log
107.22,8,5456.311226,log
97.715217,12,5459.488137,clay
105.69,9,5463.367062,clay
102.47,8,5465.940063,clay
94.660729,14,5469.12655,diamond_ore
90.79,6,5472.163105,diamond_ore
95.0,15,5475.478119,diamond_ore
77.177281,39,5479.723207,clay
98.73,12,5482.778432,clay
86.26,19,5486.014905,clay
102.49,11,5490.088275,log
96.04,16,5493.270083,log
95.940039,17,5496.348794,log
77.313073,47,5500.668071,diamond_ore
83.388145,25,5504.439226,diamond_ore
99.322095,15,5507.663542,diamond_ore
93.170927,19,5511.032439,diamond_ore
102.11,9,5515.369243,diamond_ore
95.142231,18,5518.800794,diamond_ore
105.29,6,5521.789346,clay
90.786244,17,5525.894228,clay
90.124208,21,5530.036026,clay
77.141781,34,5533.988827,log
73.292331,35,5538.274,log
88.111405,22,5542.254011,log
100.678145,11,5545.153232,log
110.44,6,5548.014001,log
102.47,8,5550.688018,log
73.310927,30,5554.420304,clay
77.418085,49,5558.930969,clay
81.129549,27,5562.020636,clay
107.22,8,5566.361192,diamond_ore
107.42,8,5569.256389,diamond_ore
87.51,9,5572.282259,diamond_ore
69.953258,30,5577.833906,clay
106.8,5,5580.897984,clay
89.02,8,5583.846874,clay
101.289539,14,5586.935266,diamond_ore
93.76,14,5590.017747,diamond_ore
105.017655,11,5593.843704,diamond_ore
81.23,22,5598.765534,log
100.51,14,5602.054132,log
102.17,13,5605.149935,log
75.003635,27,5609.991482,log
98.520492,11,5612.546289,log
102.27,8,5615.492387,log
87.681877,23,5618.880263,clay
94.620729,18,5622.286991,clay
85.63,10,5624.988938,clay
98.031489,15,5628.646008,diamond_ore
94.830927,18,5632.048201,diamond_ore
98.57069,12,5634.924831,diamond_ore
86.642017,20,5638.438287,log
89.19,21,5642.257638,log
77.030927,33,5646.196583,log
92.827548,20,5649.720071,clay
75.233021,30,5653.494329,clay
90.623021,21,5656.537056,clay
107.22,8,5659.350743,log
78.81,24,5663.750943,log
101.42,8,5666.297243,log
75.611166,36,5670.43856,diamond_ore
76.784163,39,5675.679366,diamond_ore
105.22,11,5678.600204,diamond_ore
88.819989,22,5682.199177,log
93.500927,16,5685.383289,log
76.090458,31,5689.189977,log
98.694251,15,5692.457767,log
92.426106,18,5695.960027,log
100.87,13,5698.781261,log
73.560362,41,5703.335401,diamond_ore
83.55,23,5707.247187,diamond_ore
107.25,8,5709.978396,diamond_ore
96.89,11,5713.047147,diamond_ore
100.926796,15,5717.071428,diamond_ore
79.842371,29,5721.927302,diamond_ore
89.52069,22,5725.896258,clay
105.66,9,5728.696123,clay
102.47,8,5731.5477,clay
102.84,11,5734.183091,clay
102.65,13,5737.457211,clay
101.278835,10,5740.462581,clay
106.8,5,5743.63017,diamond_ore
98.29,11,5746.835436,diamond_ore
76.330246,30,5750.921042,diamond_ore
106.8,5,5755.042364,clay
105.19,11,5758.004405,clay
79.983583,24,5761.466852,clay
100.31,9,5764.287221,log
101.02,13,5767.403365,log
91.313913,20,5772.178147,log
93.108438,19,5775.64534,diamond_ore
106.8,5,5778.473454,diamond_ore
105.29,6,5782.739151,diamond_ore
57.8,95,5789.768455,diamond_ore
100.993442,10,5792.362203,diamond_ore
83.148145,12,5795.410101,diamond_ore
105.91,9,5798.081442,log
104.401097,7,5800.788773,log
101.62,8,5804.642303,log
108.73,7,5807.555734,log
93.140601,16,5810.693265,log
96.538707,14,5813.430373,log
75.040458,36,5817.665758,clay
107.25,8,5821.956283,clay
102.64,11,5824.871669,clay
107.22,8,5827.799731,clay
88.311569,9,5831.253557,clay
97.760562,16,5834.201656,clay
102.53,12,5837.270874,clay
82.462239,24,5840.940617,clay
91.1,20,5844.132816,clay
103.32,11,5847.949004,log
73.597921,74,5854.874618,log
78.18,12,5857.446235,log
84.621038,25,5861.178904,log
80.012893,27,5866.537587,log
94.318689,18,5869.751564,log
95.15409,17,5873.649785,clay
107.42,8,5876.367238,clay
105.29,6,5879.688509,clay
91.908127,20,5883.4278,diamond_ore
99.095217,14,5888.049353,diamond_ore
83.581405,25,5891.753384,diamond_ore
102.53,12,5894.441425,log
105.94,9,5896.956639,log
102.01,9,5899.775877,log
99.90069,14,5903.716278,clay
78.525753,29,5907.431262,clay
94.832134,15,5910.607529,clay
103.52,8,5913.409602,diamond_ore
103.006106,13,5916.424795,diamond_ore
101.226106,13,5919.639338,diamond_ore
98.012536,16,5923.001467,diamond_ore
102.49,11,5925.713794,diamond_ore
105.74,9,5928.500397,diamond_ore
102.978079,14,5931.574978,log
103.46069,13,5936.510558,log
101.436625,9,5939.464385,log
92.3,5,5942.265696,clay
102.11,9,5945.282538,clay
103.260039,13,5948.402366,clay
92.521219,19,5951.836894,log
106.8,5,5955.41778,log
98.240492,14,5958.739815,log
84.13,7,5961.44622,log
74.190612,27,5965.222522,log
72.699616,36,5969.010874,log
105.06,9,5972.183536,diamond_ore
106.8,5,5974.993558,diamond_ore
102.62,11,5977.671597,diamond_ore
76.99,26,5983.224574,diamond_ore
100.948145,14,5986.271574,diamond_ore
85.321405,21,5990.978843,diamond_ore
93.661219,15,5993.897939,diamond_ore
83.380205,22,5998.345821,diamond_ore
74.19,31,6002.621504,diamond_ore
104.91,9,6005.517549,clay
107.761588,9,6009.412889,clay
105.06,9,6012.379053,clay
107.0,5,6015.098846,clay
84.542371,24,6018.530785,clay
98.750927,16,6021.819993,clay
103.12,8,6024.501873,diamond_ore
89.28,7,6028.491717,diamond_ore
89.02,8,6031.386468,diamond_ore
104.04,11,6034.48592,log
71.352933,69,6041.65697,log
102.17,13,6044.634936,log
107.22,8,6047.462475,diamond_ore
88.29382,20,6052.711703,diamond_ore
102.11,9,6055.926978,diamond_ore
82.421097,25,6059.799831,clay
99.8,10,6063.130684,clay
70.21112,34,6068.312786,clay
102.531364,12,6072.849581,clay
99.09,11,6075.58009,clay
76.785264,40,6081.025062,clay
91.110927,20,6084.207764,diamond_ore
92.04803,16,6087.401827,diamond_ore
100.51,14,6090.266195,diamond_ore
105.55,10,6093.216878,log
107.22,8,6097.803291,log
106.77,8,6100.614767,log
99.09,16,6105.356817,clay
105.91,9,6109.014962,clay
99.68,12,6113.53815,clay
90.110472,17,6118.104529,log
102.41,14,6121.000885,log
102.48,12,6123.971924,log
97.064475,17,6127.348774,diamond_ore
102.47,8,6130.018819,diamond_ore
105.71,9,6132.873959,diamond_ore
74.326166,42,6137.99173,log
104.639733,11,6140.857167,log
76.874009,41,6145.050429,log
79.83,27,6149.085868,log
102.531364,12,6153.269017,log
100.72,13,6156.401192,log
108.73,7,6160.055748,diamond_ore
98.23,15,6163.238436,diamond_ore
75.060562,33,6168.12481,diamond_ore
94.57,18,6171.090906,clay
88.890562,20,6175.266982,clay
82.041219,22,6178.353042,clay
85.841405,24,6181.880391,diamond_ore
93.046796,15,6185.004251,diamond_ore
93.737655,14,6189.569864,diamond_ore
106.8,5,6192.269355,clay
100.6,10,6195.27497,clay
105.778145,11,6198.255838,clay
83.099549,22,6201.881137,log
108.93,7,6206.3207,log
105.06,9,6209.01858,log
100.20069,14,6211.585032,clay
105.71,9,6214.378385,clay
85.521489,23,6217.677684,clay
77.32056,31,6221.522096,diamond_ore
90.68,17,6224.708033,diamond_ore
88.309549,21,6228.358283,diamond_ore
82.431569,22,6232.012553,diamond_ore
103.78,7,6235.429687,diamond_ore
103.97,11,6238.378881,diamond_ore
102.108127,10,6241.570051,log
97.985217,15,6244.785887,log
103.908145,13,6247.808026,log
94.63,15,6251.056891,clay
101.05,13,6254.260643,clay
71.070927,29,6259.795907,clay
77.859989,28,6263.785878,clay
87.35,5,6267.92802,clay
110.24,6,6270.559299,clay
98.73,12,6273.549029,log
105.29,6,6278.18296,log
103.75,10,6281.898162,log
101.76,12,6284.893937,diamond_ore
100.6,10,6289.39692,diamond_ore
97.54,16,6292.564872,diamond_ore
82.456625,25,6296.336198,log
84.09,21,6299.756186,log
93.31,19,6302.884431,log
75.422331,27,6307.838566,clay
95.759616,15,6311.071188,clay
76.194185,27,6314.865303,clay
105.49,6,6317.621054,diamond_ore
107.22,8,6320.519461,diamond_ore
108.76,7,6323.186173,diamond_ore
107.45,8,6325.847109,diamond_ore
98.418145,15,6328.831127,diamond_ore
93.911489,19,6332.030435,diamond_ore
79.443414,29,6336.899172,clay
90.021405,21,6340.459914,clay
85.190659,24,6344.100918,clay
95.29,16,6347.44241,clay
98.331405,15,6350.525726,clay
102.206625,12,6353.675401,clay
98.140562,15,6356.706945,log
77.088399,62,6361.826328,log
96.362331,18,6365.825779,log
100.397655,13,6368.988104,log
106.6,8,6372.051211,log
105.45,10,6375.281955,log
94.26,14,6379.745264,clay
105.29,6,6382.553125,clay
103.49,11,6386.271861,clay
102.82,13,6389.662561,log
81.430729,22,6392.578906,log
92.260927,20,6396.12953,log
66.29,46,6400.757259,diamond_ore
94.912331,18,6404.115441,diamond_ore
95.17,18,6407.01792,diamond_ore
83.342331,25,6410.553403,diamond_ore
91.280612,18,6413.606149,diamond_ore
74.967018,30,6417.758348,diamond_ore
101.26,14,6420.63815,diamond_ore
104.853913,11,6423.761598,diamond_ore
104.28,12,6426.773454,diamond_ore
103.5,10,6429.795135,clay
78.433021,25,6433.321554,clay
73.304953,40,6437.732123,clay
103.68,12,6440.790083,diamond_ore
108.96,7,6443.513579,diamond_ore
108.47,8,6446.40355,diamond_ore
94.761291,18,6450.832042,log
85.228145,24,6455.1023,log
75.441288,37,6459.231303,log
105.94,9,6462.499636,clay
101.61,9,6465.038719,clay
106.62,8,6467.940378,clay
102.351569,10,6471.268708,log
106.8,5,6473.915194,log
107.22,8,6476.806515,log
97.226707,13,6479.825526,clay
94.443913,17,6483.487187,clay
101.316292,15,6486.638561,clay
97.42069,12,6489.752284,log
83.010612,25,6493.404944,log
73.83382,51,6498.336258,log
81.068579,11,6501.817987,clay
98.090601,16,6505.576425,clay
84.881405,23,6508.889463,clay
92.45,15,6511.911506,clay
88.371405,21,6515.385103,clay
100.96,14,6518.626771,clay
100.197655,13,6521.781206,clay
100.34,9,6524.379097,clay
87.35,5,6527.300367,clay
91.162788,20,6531.337258,diamond_ore
99.232331,16,6534.615433,diamond_ore
98.61,14,6538.959903,diamond_ore
101.22,8,6541.8416,log
97.43,17,6545.037832,log
89.821405,21,6548.379451,log
107.4,8,6551.007836,diamond_ore
107.22,8,6553.925513,diamond_ore
105.71,9,6556.674145,diamond_ore
102.52,11,6559.188859,diamond_ore
100.862095,14,6562.110645,diamond_ore
81.87666,25,6565.599204,diamond_ore
94.360927,18,6568.542818,log
95.010472,12,6571.50517,log
97.090927,17,6574.81583,log
87.821617,21,6578.197002,log
90.79,6,6581.981759,log
85.58,7,6584.804543,log
90.702809,21,6587.966652,diamond_ore
75.263736,36,6593.195061,diamond_ore
86.861405,22,6596.53982,diamond_ore
100.275689,14,6600.317658,diamond_ore
105.71,9,6603.209845,diamond_ore
105.29,6,6606.215192,diamond_ore
96.205217,13,6610.022771,log
84.162809,25,6613.475841,log
97.79,16,6616.43177,log
89.622083,19,6620.151201,clay
96.9095,16,6623.412109,clay
89.896838,19,6626.865648,clay
100.11,9,6629.762987,log
99.0,13,6632.677578,log
90.79,6,6635.236178,log
94.190562,15,6639.331213,diamond_ore
85.123428,24,6643.116601,diamond_ore
93.120612,19,6646.020749,diamond_ore
105.29,6,6648.963937,clay
104.35,10,6652.72755,clay
87.77,8,6655.631391,clay
74.551539,27,6659.192898,log
88.020039,19,6662.350947,log
90.581617,17,6665.800684,log
105.66,9,6668.66894,clay
73.924426,39,6673.570713,clay
70.120899,100,6681.289493,clay
97.120601,16,6685.549358,log
98.31,14,6688.730558,log
102.41,14,6691.968034,log
97.52,13,6694.900209,diamond_ore
97.94,11,6698.781916,diamond_ore
103.55,10,6701.830409,diamond_ore
99.15,15,6704.786698,clay
101.306796,14,6707.89241,clay
94.655821,15,6710.923508,clay
96.310729,14,6715.760013,clay
110.24,6,6718.69288,clay
102.72,11,6721.498896,clay
108.93,7,6724.566821,clay
96.19,16,6727.927078,clay
95.099733,17,6731.192779,clay
105.29,6,6735.634058,log
105.29,6,6740.134785,log
99.22,13,6742.723429,log
103.4,10,6747.083836,log
75.419339,31,6750.593689,log
100.049733,15,6753.705983,log
102.47,8,6757.074823,diamond_ore
99.749733,15,6760.233707,diamond_ore
99.15,15,6764.523979,diamond_ore
85.39,21,6768.37328,diamond_ore
105.0295,11,6771.466142,diamond_ore
91.866625,16,6774.70738,diamond_ore
103.98,7,6777.684545,log
102.89,11,6780.777027,log
102.24,11,6783.482867,log
88.26,19,6786.808234,diamond_ore
99.39,14,6789.823714,diamond_ore
92.832331,16,6793.63803,diamond_ore
107.22,8,6796.271258,clay
97.43,12,6799.167559,clay
83.260205,24,6803.045851,clay
95.286796,16,6806.5021,clay
107.42,8,6809.238836,clay
103.94,11,6812.064776,clay
87.78,22,6815.985158,log
90.211405,17,6819.24866,log
75.034113,36,6823.259888,log
107.22,8,6825.791862,clay
79.222331,27,6829.588176,clay
83.19,11,6832.594573,clay
107.42,8,6835.477068,diamond_ore
98.6,10,6838.316272,diamond_ore
82.92,23,6841.77983,diamond_ore
95.759989,13,6844.733992,log
82.28,12,6847.559346,log
77.861617,29,6851.945889,log
102.01,9,6854.938706,diamond_ore
97.3,15,6858.352318,diamond_ore
102.665217,12,6861.368363,diamond_ore
106.848127,11,6865.892588,diamond_ore
89.0,20,6870.165861,diamond_ore
97.911405,12,6873.609056,diamond_ore
100.96,9,6877.686051,log
86.496705,24,6881.20496,log
92.522893,16,6885.791996,log
102.47,8,6889.337202,clay
104.64,6,6892.21982,clay
105.91,9,6895.45071,clay
80.561405,27,6899.158134,diamond_ore
103.78,7,6901.970008,diamond_ore
104.910492,7,6904.740952,diamond_ore
105.06,9,6907.819729,diamond_ore
99.29069,15,6911.113009,diamond_ore
100.217655,14,6914.068657,diamond_ore
94.85,15,6917.116857,log
103.52,8,6920.006364,log
103.78,10,6922.992959,log
98.43,12,6926.331882,clay
100.97,13,6929.226139,clay
75.153258,40,6935.306301,clay
101.335217,10,6937.954273,clay
74.751853,40,6942.004701,clay
90.719989,17,6945.858474,clay
102.01,9,6948.869363,log
101.02,13,6951.910021,log
100.94,13,6954.758825,log
96.89,11,6957.396788,diamond_ore
94.392893,19,6961.462225,diamond_ore
87.272331,22,6965.077152,diamond_ore
72.57102,32,6969.067181,clay
99.997912,16,6972.394453,clay
74.982306,32,6976.329114,clay
110.46,6,6978.968904,log
94.67,13,6982.277858,log
105.26,9,6984.85008,log
104.4,10,6988.694267,log
97.271405,16,6992.04642,log
85.608739,21,6995.376016,log
85.08069,11,6998.364172,clay
105.66,9,7001.457706,clay
105.09,9,7005.886335,clay
103.98,7,7008.613242,clay
75.189989,20,7011.908343,clay
79.632974,30,7015.362824,clay
93.892331,15,7019.179106,log
94.010927,15,7022.332549,log
98.86,14,7025.340222,log
96.83,17,7029.509061,diamond_ore
103.89,11,7032.620511,diamond_ore
102.47,8,7035.849247,diamond_ore
105.86,9,7038.678617,diamond_ore
103.633442,11,7041.853362,diamond_ore
90.902095,17,7046.520942,diamond_ore
102.47,8,7049.295552,clay
107.42,8,7051.972314,clay
102.24,11,7055.663525,clay
89.22,23,7059.006022,diamond_ore
96.92,13,7062.036314,diamond_ore
90.790927,17,7065.137244,diamond_ore
69.513021,32,7068.669482,clay
80.392893,24,7072.196375,clay
95.47,13,7076.322073,clay
102.04,11,7079.434407,log
77.233736,29,7084.229292,log
90.49,21,7087.606155,log
90.680111,18,7090.983142,log
105.49,6,7093.89967,log
105.91,9,7096.814432,log
92.201137,20,7100.384576,diamond_ore
101.370039,14,7103.610823,diamond_ore
102.17,13,7108.328433,diamond_ore
107.22,8,7111.018527,clay
97.655217,13,7114.253964,clay
102.159989,13,7117.320025,clay
105.66,9,7120.101694,diamond_ore
107.22,8,7122.908316,diamond_ore
102.84,11,7127.314891,diamond_ore
104.07,11,7130.099761,log
73.392331,30,7134.10006,log
97.583361,14,7138.081873,log
110.27,6,7140.731878,diamond_ore
105.29,6,7143.486939,diamond_ore
96.29,11,7148.004885,diamond_ore
94.509346,19,7151.299644,clay
69.43,37,7156.059719,clay
105.71,9,7159.997624,clay
90.82,6,7162.597762,clay
67.792944,31,7166.60352,clay
87.542218,24,7169.860828,clay
102.486718,13,7172.890511,clay
80.604663,28,7177.691728,clay
76.540927,42,7182.33341,clay
103.38,10,7185.168294,diamond_ore
95.41,14,7188.244155,diamond_ore
68.65,25,7191.550896,diamond_ore
99.46,9,7195.018406,log
105.91,9,7197.868507,log
104.35,10,7200.739285,log
85.383736,24,7204.333419,diamond_ore
92.680562,16,7207.346518,diamond_ore
98.215132,16,7210.698752,diamond_ore
98.94,11,7213.8688,log
67.840927,32,7217.552527,log
88.613913,20,7221.101027,log
102.260472,12,7224.287824,log
102.176707,13,7227.744933,log
105.09,11,7231.669505,log
103.78,7,7234.43837,clay
93.64,16,7237.915643,clay
102.89,11,7240.768507,clay
102.86,12,7244.81409,log
74.105433,30,7248.590586,log
100.96,9,7251.253813,log
103.78,7,7255.171335,log
74.72905,53,7260.118573,log
75.030511,31,7263.889381,log
100.51,14,7267.157749,log
79.08,27,7270.762889,log
85.391405,24,7274.17258,log
107.22,8,7276.955884,clay
96.98,12,7280.417415,clay
97.58,12,7283.662494,clay
73.489549,48,7288.621446,clay
97.422331,17,7293.523835,clay
99.811405,15,7296.467119,clay
102.27,8,7299.496792,diamond_ore
101.36,12,7303.975916,diamond_ore
103.52,8,7306.898837,diamond_ore
107.22,8,7309.961738,diamond_ore
77.941405,29,7315.118653,diamond_ore
86.491877,22,7318.444573,diamond_ore
95.634251,16,7321.74208,diamond_ore
98.683442,11,7325.677668,diamond_ore
99.1,15,7329.805768,diamond_ore
84.691569,11,7332.82967,clay
88.402331,19,7335.864922,clay
75.271539,25,7339.024072,clay
100.31,9,7343.076179,log
94.182893,20,7346.260936,log
99.62,13,7349.323845,log
100.27,13,7352.664952,diamond_ore
102.23,12,7355.679775,diamond_ore
102.38,12,7359.09976,diamond_ore
98.175256,12,7362.266346,diamond_ore
107.42,8,7365.306083,diamond_ore
105.29,6,7368.213725,diamond_ore
102.64,11,7371.172135,diamond_ore
85.54,21,7374.613915,diamond_ore
92.630601,17,7377.815039,diamond_ore
103.89,11,7380.858201,log
107.22,8,7383.830039,log
100.5,10,7387.968113,log
97.297655,13,7391.238961,clay
100.31,9,7395.070106,clay
99.36,14,7399.616455,clay
107.19,8,7402.367324,clay
93.201405,18,7405.489316,clay
96.880927,18,7408.535943,clay
95.447655,13,7411.492727,log
88.272893,21,7414.829949,log
95.526796,17,7417.903998,log
100.31,9,7421.611493,clay
68.412051,43,7425.842285,clay
105.49,6,7428.503351,clay
67.180927,33,7432.748812,clay
82.13,22,7436.179398,clay
99.33,12,7439.218629,clay
86.892331,20,7443.813727,log
91.988145,20,7447.320332,log
72.322017,47,7452.00107,log
74.12559,52,7458.022085,log
82.097893,27,7462.791155,log
85.6,10,7465.353863,log
103.98,7,7468.145096,clay
103.315946,12,7471.320937,clay
78.932482,33,7475.704174,clay
93.081405,20,7478.950234,diamond_ore
100.76,9,7481.905298,diamond_ore
100.76,9,7484.842791,diamond_ore
103.78,7,7487.739849,diamond_ore
102.17,13,7490.768892,diamond_ore
93.42,18,7493.818892,diamond_ore
83.970927,24,7498.583758,log
103.98,7,7501.332849,log
93.08,17,7504.824279,log
76.401539,32,7508.646932,diamond_ore
98.73,12,7511.745107,diamond_ore
96.313021,17,7515.065674,diamond_ore
105.91,9,7518.076808,log
71.39,26,7521.893934,log
73.77069,32,7525.877996,log
108.73,7,7528.857988,diamond_ore
90.581405,20,7532.372181,diamond_ore
97.73,12,7535.308822,diamond_ore
100.31,9,7538.409307,clay
103.6,10,7541.273261,clay
105.49,6,7544.099803,clay
104.35,10,7546.851742,clay
99.09,11,7549.935204,clay
86.96,19,7553.223035,clay
77.021405,29,7557.372092,diamond_ore
96.27,16,7561.803014,diamond_ore
99.15,15,7564.884809,diamond_ore
103.75,10,7567.461026,log
108.76,7,7570.602904,log
102.64,11,7573.803241,log
75.271853,30,7577.438675,clay
97.95,15,7580.593364,clay
100.66,14,7585.023572,clay
107.22,8,7587.722023,diamond_ore
105.71,9,7590.710916,diamond_ore
105.29,6,7593.564815,diamond_ore
78.83,20,7596.829815,log
74.842218,36,7600.95437,log
88.56,19,7604.48825,log
88.40069,19,7607.992573,diamond_ore
105.29,6,7610.84375,diamond_ore
98.32,13,7613.97229,diamond_ore
100.066707,14,7618.099588,log
105.42,10,7620.850995,log
105.71,9,7623.9501,log
82.56,9,7627.809649,log
89.871967,20,7631.132064,log
105.24,11,7635.252061,log
102.84,11,7638.125165,clay
103.62,8,7640.884179,clay
96.701405,16,7644.032456,clay
108.500492,8,7647.827013,log
98.79,11,7650.822025,log
97.73,12,7654.892785,log
102.43,12,7659.052053,diamond_ore
101.47,13,7662.32037,diamond_ore
91.659059,20,7666.091345,diamond_ore
95.0,15,7669.665458,clay
105.91,9,7673.873022,clay
107.17,8,7676.679197,clay
103.89,11,7679.653159,clay
103.778127,13,7682.874473,clay
100.66,14,7686.046836,clay
107.42,8,7689.085926,diamond_ore
104.53,12,7692.424421,diamond_ore
94.891405,14,7696.968018,diamond_ore
74.664214,38,7702.808243,diamond_ore
83.692331,25,7706.470045,diamond_ore
78.63,14,7709.277615,diamond_ore
81.362893,27,7713.67528,diamond_ore
107.42,8,7716.549913,diamond_ore
100.11,9,7719.62889,diamond_ore
92.461489,19,7723.241049,log
74.664797,41,7727.666041,log
101.981405,13,7730.854015,log
102.86,11,7733.740083,clay
99.140927,15,7736.792283,clay
76.914786,30,7740.656264,clay
101.958145,13,7743.837823,log
95.17,13,7748.117838,log
87.63,22,7752.334109,log
98.251405,16,7755.394902,clay
105.45,10,7758.420512,clay
108.48,7,7761.467553,clay
84.13,7,7764.298053,clay
90.846625,21,7767.905558,clay
85.289633,20,7771.313129,clay
97.43,12,7774.527382,diamond_ore
91.250612,21,7778.186708,diamond_ore
81.262893,27,7782.007509,diamond_ore
103.52,8,7784.951347,log
107.42,8,7787.899159,log
104.0,10,7790.456998,log
94.452893,18,7793.711325,clay
102.47,8,7796.178657,clay
103.98,7,7798.833255,clay
102.38,12,7801.903424,clay
99.781405,15,7805.825784,clay
96.241528,17,7808.928725,clay
90.79,6,7811.618623,log
77.270927,29,7816.612432,log
92.340476,19,7820.326985,log
105.29,6,7823.116511,diamond_ore
92.151137,20,7826.659132,diamond_ore
96.909989,13,7829.756559,diamond_ore
92.960548,20,7832.928797,log
105.86,9,7835.962338,log
103.75,10,7838.865934,log
83.372007,27,7843.491549,diamond_ore
107.22,8,7847.139508,diamond_ore
104.23,10,7849.926543,diamond_ore
96.49,16,7853.02241,log
73.173258,43,7857.507097,log
71.764426,45,7862.040254,log
86.001405,23,7866.167685,diamond_ore
87.38,22,7869.533745,diamond_ore
99.79,11,7872.879668,diamond_ore
105.285256,11,7875.935601,clay
100.24,11,7878.858784,clay
101.81,14,7882.1125,clay
102.486718,13,7885.179431,clay
93.011394,16,7888.475387,clay
94.431405,18,7891.454892,clay
106.8,5,7894.30663,diamond_ore
100.96,14,7897.621693,diamond_ore
102.38,12,7900.624569,diamond_ore
102.11,9,7903.723817,clay
76.362944,34,7907.908532,clay
73.503913,31,7913.215688,clay
102.11,9,7916.149677,clay
104.4,10,7919.388835,clay
100.76,9,7922.246788,clay
83.8,25,7925.869975,log
66.932051,46,7930.53145,log
97.269989,12,7933.544111,log
105.29,6,7936.444514,diamond_ore
89.441038,18,7939.82078,diamond_ore
97.28,12,7944.390556,diamond_ore
78.799989,27,7949.360509,log
93.620927,19,7952.9097,log
83.709059,25,7956.653997,log
83.361405,22,7960.03105,diamond_ore
100.98,12,7963.321839,diamond_ore
102.9,10,7967.255888,diamond_ore
74.41,29,7972.113619,log
100.96,9,7974.894655,log
87.51,9,7978.78976,log
90.221405,21,7982.314733,diamond_ore
100.76,9,7985.234912,diamond_ore
105.29,6,7989.494951,diamond_ore
75.12,36,7993.471938,clay
100.963361,11,7996.448773,clay
101.41069,13,7999.776466,clay
76.112933,33,8003.995756,diamond_ore
100.71069,13,8006.962916,diamond_ore
99.445217,14,8009.917956,diamond_ore
84.893361,23,8014.038687,log
102.38,12,8017.227953,log
73.590562,35,8021.483815,log
91.673361,20,8025.067152,log
102.64,11,8028.097964,log
105.06,9,8031.078928,log
89.662933,18,8035.896163,clay
105.91,9,8038.717738,clay
104.15,10,8041.636646,clay
103.98,7,8044.600825,clay
91.140562,20,8048.224658,clay
96.419059,14,8051.560591,clay
100.56,9,8054.39762,diamond_ore
70.28301,39,8058.874461,diamond_ore
86.352893,23,8062.269464,diamond_ore
89.28,7,8065.258153,log
103.5,10,8068.362883,log
95.670927,14,8071.646019,log
88.92,18,8074.934,log
103.98,7,8077.508637,log
86.0,10,8081.730203,log
107.22,8,8084.624561,log
92.34,16,8088.081959,log
93.68069,16,8091.234671,log
97.58,12,8095.570912,clay
72.491252,34,8099.603162,clay
86.188874,20,8103.116274,clay
95.841097,13,8105.874884,clay
107.22,8,8108.832901,clay
102.93,10,8111.685022,clay
82.481967,24,8116.33705,diamond_ore
100.649989,14,8119.234593,diamond_ore
94.560601,14,8122.426818,diamond_ore
73.772416,49,8127.883491,diamond_ore
85.911489,24,8132.455859,diamond_ore
94.798145,17,8135.301052,diamond_ore
101.62,8,8138.339718,log
81.55,25,8141.988174,log
91.67069,20,8145.141672,log
97.87,13,8148.470104,diamond_ore
79.22,23,8153.256728,diamond_ore
104.4,10,8156.326163,diamond_ore
96.16069,13,8159.229877,clay
84.991405,24,8164.369521,clay
90.21069,21,8168.256093,clay
102.84,11,8172.006882,diamond_ore
90.45,20,8175.465915,diamond_ore
75.470927,29,8179.256305,diamond_ore
100.96,9,8183.357735,log
100.31,9,8186.306024,log
100.98,12,8189.398008,log
104.04,11,8193.752731,diamond_ore
87.531405,20,8197.27279,diamond_ore
87.010562,23,8202.15495,diamond_ore
83.919761,22,8205.849705,log
78.890927,27,8210.066228,log
97.58,17,8214.961825,log
99.46,14,8217.851867,clay
100.391097,13,8220.806481,clay
95.192331,18,8224.070179,clay
102.12,13,8227.065981,clay
100.96,9,8229.86437,clay
108.73,7,8233.181454,clay
106.57,8,8236.18962,clay
83.860729,24,8240.024966,clay
87.051097,22,8243.636286,clay
83.360927,25,8247.287139,diamond_ore
102.27,8,8250.252286,diamond_ore
102.69,11,8253.134707,diamond_ore
102.665217,12,8256.366315,log
99.225217,11,8259.457208,log
97.060562,13,8262.927084,log
108.76,7,8265.709729,clay
96.97069,12,8268.797613,clay
75.957645,32,8272.661525,clay
103.507655,12,8275.76774,diamond_ore
105.26,9,8278.81957,diamond_ore
107.42,8,8281.554352,diamond_ore
100.63,12,8284.306223,diamond_ore
88.471405,21,8287.903721,diamond_ore
90.021405,21,8292.064335,diamond_ore
71.580927,28,8295.790664,diamond_ore
94.671967,15,8300.377036,diamond_ore
97.64,16,8303.747163,diamond_ore
107.42,8,8306.619929,log
105.06,9,8309.47676,log
99.02,13,8312.245334,log
102.89,11,8315.19657,log
99.45,15,8318.506017,log
84.819436,21,8321.996223,log
77.332299,34,8327.056377,clay
84.351617,25,8330.862449,clay
74.004663,48,8336.173994,clay
75.19278,39,8340.715441,clay
100.73,12,8343.557459,clay
100.96,9,8346.443665,clay
92.52,18,8349.805732,log
81.888127,22,8353.547126,log
88.482331,21,8356.899783,log
95.56,14,8359.935389,log
77.22,28,8364.57217,log
91.18,17,8367.370968,log
100.34,9,8370.537362,diamond_ore
92.24,16,8373.524057,diamond_ore
100.6,10,8376.375542,diamond_ore
105.49,6,8379.203084,clay
90.78069,21,8382.550705,clay
97.480562,16,8386.254076,clay
88.572064,19,8389.818754,diamond_ore
93.75,15,8392.827097,diamond_ore
94.750562,19,8396.185651,diamond_ore
102.2,10,8399.357378,clay
71.131967,44,8403.970363,clay
102.87,11,8406.455161,clay
72.451405,36,8411.698052,diamond_ore
103.56,10,8414.514944,diamond_ore
107.17,8,8417.368088,diamond_ore
104.118145,12,8420.649646,log
88.17,18,8423.698858,log
82.880966,24,8427.116238,log
100.76,9,8429.954634,clay
97.04,11,8432.884243,clay
95.73,17,8436.694237,clay
97.458145,13,8439.883565,log
102.47,8,8442.584277,log
106.16,9,8446.398232,log
90.862316,22,8449.766612,diamond_ore
97.786106,12,8453.21277,diamond_ore
105.19,11,8456.290193,diamond_ore
105.91,9,8458.869767,clay
105.91,9,8461.801739,clay
105.06,9,8464.840559,clay
94.881405,18,8467.82811,log
74.04,36,8472.021957,log
99.24,11,8474.911581,log
99.45,10,8478.899877,diamond_ore
87.77,8,8481.883622,diamond_ore
93.62,13,8484.809627,diamond_ore
104.921097,10,8487.820005,log
85.720927,24,8491.349599,log
74.600751,40,8495.918142,log
105.778145,11,8499.256607,log
102.47,8,8502.438982,log
102.47,8,8505.185794,log
78.411405,27,8509.669803,diamond_ore
96.07,13,8514.098672,diamond_ore
81.731405,25,8519.069843,diamond_ore
91.782893,20,8522.333586,clay
74.634747,42,8528.069853,clay
94.891405,14,8530.836739,clay
97.932331,16,8533.90933,clay
97.715217,12,8537.926669,clay
75.080927,31,8541.39466,clay
101.45,10,8544.965296,diamond_ore
99.15,15,8548.264065,diamond_ore
90.083428,21,8552.988005,diamond_ore
100.565256,13,8555.935468,log
97.953913,11,8559.207239,log
98.331405,15,8562.712111,log
85.601097,22,8566.225395,diamond_ore
105.91,9,8569.640395,diamond_ore
93.19,16,8572.870128,diamond_ore
71.010927,60,8578.399603,log
79.909989,23,8582.39238,log
69.763258,34,8585.961951,log
93.943258,19,8590.179015,clay
93.52,18,8594.724628,clay
94.372095,15,8597.882436,clay
102.02,11,8600.791835,clay
103.62,8,8603.905994,clay
106.651364,10,8606.886557,clay
90.36,19,8610.771931,diamond_ore
75.058874,33,8615.618221,diamond_ore
82.620927,19,8618.828515,diamond_ore
101.252331,14,8621.938974,clay
105.06,9,8624.9025,clay
84.13,7,8627.624367,clay
104.04,11,8630.709269,log
91.98,17,8634.146564,log
102.47,8,8636.91055,log
100.66,14,8640.08887,diamond_ore
73.312626,44,8644.823058,diamond_ore
101.14,11,8647.58753,diamond_ore
79.071137,28,8651.306791,diamond_ore
100.96,9,8654.698716,diamond_ore
105.29,6,8657.990008,diamond_ore
76.050927,26,8661.543443,log
92.81,14,8664.568759,log
96.583913,13,8667.84389,log
102.47,8,8670.652488,clay
102.24,11,8673.913613,clay
99.02,13,8678.476459,clay
83.571394,25,8683.360528,log
97.58,12,8686.340539,log
96.07,13,8690.300535,log
104.2,10,8693.060652,diamond_ore
74.930927,33,8698.467118,diamond_ore
88.311405,22,8701.909644,diamond_ore
101.923847,13,8704.835667,clay
99.21,14,8707.685963,clay
76.151489,30,8711.410381,clay
82.782893,25,8715.196729,clay
104.04,11,8718.199597,clay
97.521097,15,8721.646917,clay
101.99,11,8724.720262,log
72.41,29,8728.848032,log
104.4,10,8731.790589,log
84.07,8,8734.744591,log
68.290916,36,8738.662167,log
85.071967,20,8743.536274,log
105.91,9,8746.266659,diamond_ore
101.63,12,8749.214708,diamond_ore
88.321405,21,8755.402129,diamond_ore
101.75,10,8758.411204,diamond_ore
105.91,9,8761.293288,diamond_ore
100.96,9,8764.284898,diamond_ore
107.22,8,8767.081334,diamond_ore
98.28,15,8770.30099,diamond_ore
85.7,20,8773.784179,diamond_ore
105.94,9,8777.981142,log
73.462331,43,8782.337696,log
95.83,17,8785.685323,log
99.079102,16,8788.677171,log
102.47,8,8792.748693,log
102.866225,12,8795.778463,log
73.513282,38,8799.774062,clay
86.042893,24,8803.092635,clay
87.718145,22,8806.982245,clay
75.440927,32,8811.527512,clay
105.91,9,8814.17146,clay
107.22,8,8817.681177,clay
103.78,7,8820.482157,clay
73.985309,61,8825.752005,clay
94.53,17,8828.887167,clay
102.27,8,8831.849389,diamond_ore
94.762331,18,8835.229544,diamond_ore
63.851394,22,8838.90623,diamond_ore
98.94,11,8842.006839,log
93.11,14,8845.542756,log
97.85,15,8848.618449,log
88.40069,19,8852.365703,log
97.95,10,8855.334124,log
103.98,7,8858.074149,log
67.660039,35,8861.975555,diamond_ore
105.91,9,8864.587801,diamond_ore
102.27,8,8867.595022,diamond_ore
108.73,7,8870.552612,diamond_ore
91.01,19,8873.96493,diamond_ore
95.42,13,8877.096157,diamond_ore
79.433371,27,8881.813003,clay
73.36278,37,8886.011217,clay
97.569989,15,8888.790657,clay
102.01,9,8893.287251,log
83.51,24,8896.722382,log
73.618145,27,8900.580079,log
75.171405,26,8904.730465,clay
80.822331,27,8910.0615,clay
96.161405,17,8913.398901,clay
93.091405,19,8917.854242,clay
107.42,8,8920.425141,clay
100.34,9,8922.954199,clay
105.94,9,8927.035915,clay
90.79,6,8929.942039,clay
99.45,10,8933.210707,clay
84.792913,22,8937.094306,diamond_ore
108.93,7,8939.887855,diamond_ore
102.47,8,8943.063268,diamond_ore
97.8,15,8945.882086,log
98.856707,15,8950.572078,log
98.33,15,8953.638147,log
97.136718,16,8956.681153,log
102.69,11,8959.694059,log
102.47,8,8962.461982,log
105.122942,11,8966.353117,diamond_ore
97.786106,12,8970.659061,diamond_ore
96.01,14,8974.844621,diamond_ore
108.93,7,8977.395118,clay
105.418145,12,8980.608413,clay
90.572331,17,8983.664432,clay
103.68,12,8986.740071,clay
74.700927,31,8991.846375,clay
97.98,15,8995.006107,clay
98.55,10,8998.04222,diamond_ore
103.69,11,9000.956429,diamond_ore
71.353258,30,9004.880436,diamond_ore
102.47,8,9007.686847,log
97.82,16,9010.767589,log
78.311691,28,9014.351203,log
98.8,10,9017.275342,clay
88.011405,22,9020.743372,clay
85.811137,24,9023.96373,clay
85.1,20,9027.462014,clay
107.42,8,9030.288842,clay
102.47,8,9033.054612,clay
101.78,12,9037.197959,clay
94.901405,18,9040.474257,clay
75.412095,31,9044.310238,clay
87.329102,18,9047.663221,log
88.700927,21,9051.976992,log
101.05,13,9056.303494,log
90.703361,17,9059.428994,log
90.090562,20,9063.086251,log
91.39,16,9066.785271,log
103.698145,12,9069.732711,log
102.79,11,9072.624868,log
103.75,10,9076.430921,log
99.841405,14,9079.263146,diamond_ore
100.96,9,9082.005231,diamond_ore
104.4,10,9084.678036,diamond_ore
70.06,44,9089.17905,diamond_ore
74.012893,37,9093.293693,diamond_ore
77.41069,28,9097.218539,diamond_ore
77.78,27,9102.32859,diamond_ore
100.6,10,9105.517457,diamond_ore
86.725779,23,9109.246479,diamond_ore
92.311967,19,9112.513448,log
73.961881,45,9117.23526,log
94.05,15,9120.312269,log
98.550612,16,9123.640308,log
95.92,13,9127.749199,log
97.73,12,9130.741177,log
102.84,11,9134.742169,diamond_ore
97.73,15,9137.506106,diamond_ore
106.09,11,9140.321316,diamond_ore
100.31,9,9143.192316,clay
74.33,27,9147.106072,clay
94.301097,17,9150.373271,clay
77.401842,26,9153.844115,clay
102.69,11,9157.129144,clay
105.49,6,9159.774526,clay
79.879307,28,9163.418633,diamond_ore
99.82069,12,9166.632527,diamond_ore
98.73,12,9169.555757,diamond_ore
105.29,6,9173.4727,log
100.96,9,9176.3242,log
104.4,10,9179.142418,log
95.991097,13,9182.267394,clay
84.541097,23,9185.940697,clay
99.0,15,9188.976654,clay
104.4,10,9193.34551,diamond_ore
99.57,13,9196.570485,diamond_ore
106.57,8,9199.308389,diamond_ore
100.56,9,9202.336763,diamond_ore
93.22,13,9206.254304,diamond_ore
105.49,6,9209.064672,diamond_ore
101.155217,13,9212.08746,log
102.24,11,9216.120538,log
105.71,9,9218.868389,log
86.768145,10,9221.818726,clay
73.750507,39,9226.100368,clay
93.832809,18,9229.521888,clay
97.786106,12,9232.300865,diamond_ore
89.732017,21,9235.698504,diamond_ore
99.51,14,9238.649457,diamond_ore
94.370601,18,9242.015701,diamond_ore
100.226625,13,9244.831859,diamond_ore
88.221405,21,9248.349818,diamond_ore
97.06,14,9251.729761,clay
98.271405,16,9254.993788,clay
77.222312,40,9259.283797,clay
74.820916,33,9263.119372,clay
97.94,11,9265.903386,clay
107.72,8,9268.927263,clay
99.500562,14,9272.831159,log
99.645217,14,9276.780953,log
97.563913,15,9280.121003,log
97.04069,15,9283.806363,log
101.116559,10,9286.563832,log
93.501405,18,9290.098135,log
100.31,9,9292.798852,clay
98.917655,11,9295.95068,clay
91.0,20,9300.134691,clay
107.22,8,9302.90823,log
75.132316,33,9306.871806,log
94.41,14,9310.024162,log
83.359733,21,9313.239933,log
102.09,11,9316.291051,log
96.41,14,9319.244013,log
100.73,12,9322.352909,log
90.79,16,9325.446547,log
81.402229,26,9329.310848,log
99.03,12,9332.305634,diamond_ore
100.56,9,9335.084717,diamond_ore
102.27,8,9337.981928,diamond_ore
103.97,11,9342.173408,diamond_ore
79.907548,27,9346.00072,diamond_ore
93.326106,18,9349.819046,diamond_ore
99.28,12,9352.789531,clay
104.04,11,9355.731246,clay
92.51,14,9358.874383,clay
98.4,10,9361.742986,diamond_ore
71.780927,28,9365.815581,diamond_ore
97.89,11,9369.75715,diamond_ore
104.58,12,9372.766381,clay
102.64,11,9375.837633,clay
108.93,7,9378.78849,clay
98.55,10,9381.629953,log
103.78,7,9384.600907,log
100.7,12,9387.304725,log
102.265256,13,9390.24107,clay
87.47,18,9394.818157,clay
97.22,13,9398.550353,clay
97.58,12,9402.6965,log
73.06,34,9408.645382,log
94.589733,18,9412.008808,log
99.82,13,9414.972127,diamond_ore
100.66,14,9418.80474,diamond_ore
94.729059,18,9422.208315,diamond_ore
88.77,18,9426.203986,clay
102.24,11,9428.750409,clay
97.95,10,9431.708807,clay
107.42,8,9434.725739,clay
87.581561,24,9438.695413,clay
92.09,16,9441.556048,clay
101.26,14,9444.494893,diamond_ore
85.074426,24,9448.368564,diamond_ore
74.370927,34,9451.97788,diamond_ore
104.58,12,9454.92082,diamond_ore
80.28,22,9458.144429,diamond_ore
106.77,8,9461.132721,diamond_ore
75.019733,10,9463.895326,log
92.47,18,9467.337328,log
102.23,12,9470.460383,log
96.34,16,9474.677822,log
74.891405,34,9479.278851,log
94.545217,14,9482.243737,log
101.26,14,9486.722085,diamond_ore
98.91,14,9490.857413,diamond_ore
99.45,15,9495.05003,diamond_ore
93.69,16,9498.047175,log
87.009989,18,9501.935071,log
93.7,15,9506.003379,log
103.12,8,9508.784327,diamond_ore
99.7,10,9511.912035,diamond_ore
75.275112,55,9518.408711,diamond_ore
100.487655,14,9521.53019,diamond_ore
103.55,10,9524.475808,diamond_ore
102.79,11,9527.656571,diamond_ore
99.36,14,9530.767793,clay
77.131427,32,9534.82085,clay
86.102331,24,9539.274899,clay
97.715217,12,9542.312873,clay
99.590562,15,9546.63824,clay
91.15069,19,9550.059241,clay
97.66,14,9554.592323,log
98.11,14,9558.469954,log
105.29,6,9561.071866,log
81.970927,24,9566.009308,clay
102.47,8,9570.081658,clay
105.91,9,9573.556265,clay
93.751219,16,9576.798421,diamond_ore
104.58,12,9579.479615,diamond_ore
83.45,23,9583.565386,diamond_ore
97.930562,16,9586.76135,log
106.42,8,9589.721193,log
69.34,41,9594.464964,log
95.737655,17,9597.525892,diamond_ore
75.213736,31,9601.575412,diamond_ore
72.23,32,9605.768395,diamond_ore
92.598145,19,9609.230891,diamond_ore
105.29,6,9612.17848,diamond_ore
102.24,11,9615.613346,diamond_ore
103.343913,12,9620.191194,clay
98.35,15,9623.19625,clay
97.906106,15,9626.288456,clay
90.95,20,9629.705203,clay
91.689102,17,9632.772225,clay
76.392006,29,9636.674303,clay
70.39,31,9640.352153,log
91.131219,18,9643.430994,log
96.42,13,9646.312618,log
75.335112,44,9650.713006,clay
104.35,10,9653.869837,clay
89.28,7,9656.742646,clay
102.41,14,9660.319337,log
97.43,12,9664.133403,log
103.636718,13,9667.156784,log
92.4,15,9670.797262,log
100.84,13,9673.763464,log
96.34,16,9677.741606,log
76.601853,37,9681.94715,log
88.311569,9,9685.88218,log
97.67,16,9688.897099,log
99.426225,11,9692.433089,diamond_ore
99.17,13,9695.338049,diamond_ore
102.47,8,9699.21025,diamond_ore
105.09,9,9702.063073,diamond_ore
86.961405,22,9705.505367,diamond_ore
81.98,12,9708.335193,diamond_ore
72.830927,28,9711.906617,log
100.31,9,9714.610609,log
99.25,10,9718.001443,log
95.53,12,9721.108181,diamond_ore
95.92,13,9724.504521,diamond_ore
71.352809,46,9730.478238,diamond_ore
75.485353,39,9734.908286,clay
98.79,16,9739.168527,clay
73.002331,34,9744.091539,clay
79.75069,26,9748.246155,clay
76.750601,25,9751.899541,clay
103.007627,14,9755.223096,clay
82.417691,26,9759.123406,clay
100.96,9,9763.288565,clay
107.45,8,9766.105239,clay
82.65,25,9769.545516,diamond_ore
83.463736,26,9773.154337,diamond_ore
87.22,23,9776.65956,diamond_ore
97.878145,16,9779.934303,log
73.0,30,9783.919682,log
99.91,14,9787.187443,log
84.26387,25,9790.6529,clay
90.01,19,9795.352568,clay
99.09,11,9798.005634,clay
99.0,15,9801.307071,clay
94.899986,17,9804.935212,clay
102.56,12,9807.678584,clay
73.571489,43,9812.537097,log
71.381405,30,9816.390743,log
80.411405,22,9819.787484,log
102.89,11,9822.573037,clay
94.07,13,9825.939204,clay
102.27,8,9828.890431,clay
90.22,18,9832.217093,log
99.25,10,9836.764091,log
107.42,8,9839.446597,log
93.140562,15,9842.617716,diamond_ore
73.771405,41,9848.413573,diamond_ore
95.53,12,9851.199489,diamond_ore
95.17,13,9854.646569,diamond_ore
100.96,9,9857.449405,diamond_ore
102.84,11,9861.745581,diamond_ore
101.321452,9,9864.69875,diamond_ore
83.121405,26,9868.19581,diamond_ore
96.549733,17,9871.341745,diamond_ore
102.46069,13,9874.28845,clay
99.15,15,9877.501478,clay
75.132331,31,9881.542526,clay
95.17,13,9884.921926,clay
104.4,10,9887.849139,clay
103.98,7,9890.726467,clay
92.836625,19,9894.3005,log
67.47,38,9898.474641,log
99.290562,15,9901.736087,log
97.535256,16,9904.773748,log
101.82,8,9907.3685,log
105.06,9,9910.305638,log
100.98,12,9913.364017,log
95.940927,17,9916.960361,log
73.783021,35,9920.514139,log
104.43,10,9923.107969,clay
95.089129,16,9927.266804,clay
98.0,15,9930.327813,clay
100.66,14,9933.506446,diamond_ore
100.76,9,9936.443535,diamond_ore
107.72,8,9939.532629,diamond_ore
102.07,8,9942.291879,diamond_ore
101.560601,14,9945.441182,diamond_ore
87.08,22,9948.868702,diamond_ore
80.571097,10,9952.328459,log
81.663736,26,9957.258463,log
95.311405,17,9960.573792,log
99.62,13,9963.400466,diamond_ore
102.92,11,9966.09734,diamond_ore
103.98,7,9968.769748,diamond_ore
73.74,36,9972.917369,clay
102.47,8,9975.722183,clay
100.11,9,9978.774661,clay
74.533736,34,9983.085951,diamond_ore
80.95,25,9988.31348,diamond_ore
84.041405,24,9992.006009,diamond_ore
103.78,7,9994.872505,log
101.310562,13,9998.21519,log
76.471617,28,10001.979823,log
85.50164,20,10005.479519,diamond_ore
71.422331,32,10010.078822,diamond_ore
94.350562,14,10014.439728,diamond_ore
75.45232,31,10019.5128,log
105.05,10,10022.130885,log
107.42,8,10025.024967,log
91.029733,19,10028.212595,clay
101.155217,13,10031.508529,clay
89.196707,21,10034.747184,clay
92.141405,19,10037.798706,clay
93.619733,15,10041.100258,clay
93.464686,19,10044.56679,clay
108.76,7,10047.455304,diamond_ore
104.4,10,10050.263826,diamond_ore
106.96,9,10052.999351,diamond_ore
82.85,23,10056.206007,log
107.22,8,10058.809874,log
99.25,10,10062.130503,log
97.597655,13,10065.177392,clay
86.561302,24,10068.92639,clay
98.8,15,10072.071986,clay
99.62,13,10075.251581,diamond_ore
102.41,14,10078.865583,diamond_ore
78.051405,28,10082.22659,diamond_ore
107.45,8,10084.827929,log
92.926625,15,10088.290246,log
98.590472,14,10091.590921,log
95.23,17,10094.638592,diamond_ore
73.921405,26,10098.34362,diamond_ore
75.257191,29,10102.336944,diamond_ore
67.77,48,10106.924584,clay
102.47,8,10109.669028,clay
104.35,10,10112.616055,clay
94.97,18,10115.911871,log
94.34,16,10118.978273,log
101.033913,13,10122.471917,log
87.68,22,10127.147112,clay
95.01,14,10130.457504,clay
83.052331,24,10135.04162,clay
107.42,8,10137.725885,log
104.4,10,10140.655028,log
104.35,10,10143.589494,log
97.43,12,10146.549685,diamond_ore
83.450927,21,10150.022952,diamond_ore
70.449059,31,10155.390916,diamond_ore
102.79,11,10159.931048,log
96.34,16,10163.273916,log
94.986106,17,10166.504597,log
75.550927,31,10170.164745,diamond_ore
102.360492,12,10173.311752,diamond_ore
104.4,10,10176.336564,diamond_ore
72.51373,47,10180.740883,clay
106.59,8,10183.671356,clay
101.18,12,10186.963139,clay
98.1,15,10190.122391,diamond_ore
75.360562,33,10194.813369,diamond_ore
102.38,12,10198.006962,diamond_ore
102.47,8,10200.711149,clay
72.861405,42,10204.996226,clay
72.091539,28,10208.912039,clay
99.250472,13,10212.066168,clay
86.651405,23,10215.467538,clay
99.91069,13,10218.961212,clay
93.07,18,10222.166161,log
92.7,18,10225.39782,log
95.990612,17,10228.508269,log
100.51,14,10231.787825,log
102.84,11,10235.457975,log
100.76,9,10238.383855,log
83.532095,24,10242.885908,diamond_ore
95.300767,19,10246.334986,diamond_ore
76.233342,39,10252.253956,diamond_ore
78.920278,28,10256.172872,diamond_ore
100.56,9,10258.730677,diamond_ore
103.52,8,10261.682117,diamond_ore
98.0,15,10264.692025,clay
72.41,29,10269.555181,clay
94.46,19,10272.824652,clay
103.78,7,10275.904555,log
103.02,13,10278.65217,log
98.056106,15,10281.773994,log
89.811394,21,10285.842212,clay
99.4,15,10289.120446,clay
99.645217,14,10292.379881,clay
105.29,6,10295.232483,diamond_ore
95.670927,14,10298.259124,diamond_ore
89.64,21,10301.771362,diamond_ore
92.370612,19,10306.452173,clay
105.91,9,10309.326919,clay
101.18,12,10312.247245,clay
85.84,21,10315.72684,log
75.156586,32,10320.585697,log
100.72,13,10323.70914,log
88.341354,22,10327.315132,log
104.4,10,10330.742011,log
86.311097,21,10334.100043,log
89.640927,17,10337.606647,diamond_ore
78.770927,29,10341.475316,diamond_ore
97.003913,16,10346.150331,diamond_ore
89.208874,18,10349.490249,clay
94.560729,14,10352.522279,clay
83.350323,23,10355.952699,clay
102.27,8,10358.864633,diamond_ore
95.41,14,10362.055148,diamond_ore
77.514875,34,10366.348211,diamond_ore
99.24,11,10369.167143,log
89.01,19,10374.779263,log
96.98,12,10377.758559,log
90.85,20,10381.068866,log
92.6,15,10384.035241,log
76.79,11,10386.778892,log
73.46232,37,10391.067248,clay
103.98,7,10394.039665,clay
102.47,8,10397.399856,clay
76.262676,31,10401.341825,diamond_ore
98.99,11,10404.283743,diamond_ore
107.42,8,10407.149441,diamond_ore
95.35,15,10410.081573,clay
100.09,13,10413.008437,clay
92.891394,18,10417.618443,clay
95.17,13,10421.153,diamond_ore
99.3,15,10424.461097,diamond_ore
106.061097,11,10427.252607,diamond_ore
105.91,9,10430.260612,clay
92.6,15,10434.719388,clay
97.39069,15,10437.804224,clay
95.696625,16,10440.821997,clay
99.25,10,10444.070372,clay
100.63,12,10446.992112,clay
85.24,21,10451.678466,log
96.37,13,10454.741458,log
75.420612,34,10458.648314,log
99.45,10,10462.063449,diamond_ore
105.71,9,10464.792705,diamond_ore
102.47,8,10467.545324,diamond_ore
90.331489,17,10471.446333,log
104.4,10,10474.551191,log
107.42,8,10477.431306,log
73.346722,38,10481.660796,clay
99.03,12,10484.812892,clay
72.323736,45,10489.611531,clay
103.98,7,10492.38044,diamond_ore
100.6,10,10495.321445,diamond_ore
101.81,14,10498.395172,diamond_ore
101.18,12,10501.253745,log
73.472893,54,10506.257295,log
70.749989,29,10510.491427,log
100.366707,14,10513.475457,diamond_ore
97.680472,15,10516.814278,diamond_ore
91.732974,20,10520.575996,diamond_ore
81.51,26,10524.182602,log
104.118145,12,10527.185359,log
91.0,20,10530.844273,log
99.03,12,10533.957877,log
102.84,11,10537.299444,log
101.89,11,10540.156223,log
100.6,10,10543.062564,clay
86.651405,23,10546.625701,clay
74.47424,62,10552.087704,clay
96.821405,16,10555.508537,log
88.191528,22,10558.944117,log
93.050562,19,10562.746585,log
104.35,10,10565.816517,diamond_ore
105.91,9,10568.873294,diamond_ore
99.62,13,10572.263982,diamond_ore
98.917655,11,10575.282743,clay
108.48,7,10579.21125,clay
99.62,13,10583.281524,clay
84.321405,24,10588.169762,diamond_ore
74.760601,34,10592.086208,diamond_ore
88.85,20,10595.579097,diamond_ore
86.86,19,10598.877686,clay
75.735256,41,10602.909423,clay
87.72,18,10606.398569,clay
98.85,15,10609.571055,diamond_ore
104.2,10,10612.703222,diamond_ore
100.96,9,10615.59674,diamond_ore
100.43,12,10618.787208,clay
86.05,20,10621.968567,clay
89.58,17,10625.150814,clay
96.44,16,10628.927551,clay
100.31,9,10631.797101,clay
102.84,11,10634.69396,clay
90.651219,21,10638.036915,diamond_ore
96.8,15,10642.249604,diamond_ore
104.04,11,10645.659554,diamond_ore
68.280562,41,10650.171633,diamond_ore
95.635217,15,10653.505455,diamond_ore
103.02,13,10656.287125,diamond_ore
95.4,15,10659.163945,log
103.4,10,10662.192522,log
99.62,13,10665.196039,log
107.42,8,10668.092134,log
98.32,13,10670.977903,log
80.391097,13,10674.23437,log
92.889989,15,10677.146144,log
72.412809,45,10681.409273,log
100.735217,10,10684.477772,log
101.18,12,10687.449463,clay
80.430927,23,10690.788748,clay
97.715217,12,10694.010726,clay
75.470927,34,10697.950802,log
101.02,13,10700.933935,log
72.361394,41,10705.295855,log
102.38,12,10708.284153,log
91.32,18,10711.241555,log
100.326458,14,10714.240904,log
92.440927,17,10717.52255,diamond_ore
75.521444,37,10722.104818,diamond_ore
101.201444,14,10725.290421,diamond_ore
89.551405,18,10729.655582,diamond_ore
103.94,11,10732.694849,diamond_ore
102.01,9,10735.557227,diamond_ore
103.55,10,10738.50552,diamond_ore
84.62803,23,10741.977539,diamond_ore
75.080927,43,10747.863381,diamond_ore
100.48,12,10750.761336,clay
80.642331,25,10754.954932,clay
73.730916,40,10759.11016,clay
101.39,11,10762.181161,log
100.87,13,10765.420643,log
98.1,15,10768.619322,log
94.332893,15,10772.544927,clay
105.71,9,10775.462763,clay
107.42,8,10778.466088,clay
100.08,12,10781.391773,clay
91.0,15,10785.854056,clay
97.219733,15,10788.78469,clay
89.451489,20,10793.121722,clay
97.94,11,10796.068136,clay
98.8,10,10798.916111,clay
72.69,36,10802.453345,log
98.12,13,10805.576986,log
102.01,9,10808.556441,log
105.06,9,10811.484024,log
81.720562,22,10814.946678,log
87.98069,21,10818.900746,log
105.91,9,10821.738706,clay
95.34,16,10824.973233,clay
80.47,26,10829.632163,clay
74.331444,46,10834.367679,diamond_ore
103.78,7,10837.113687,diamond_ore
100.76,9,10841.422058,diamond_ore
103.98,7,10844.223376,diamond_ore
70.593913,72,10850.524372,diamond_ore
102.48,12,10853.442868,diamond_ore
75.24,26,10857.156714,log
71.991405,34,10861.375551,log
100.83,12,10864.426022,log
65.62,83,10870.939432,diamond_ore
79.87,13,10873.707154,diamond_ore
86.02,23,10877.204122,diamond_ore
85.81484,21,10880.920027,clay
79.661781,29,10884.625277,clay
75.81,29,10888.632372,clay
94.695217,14,10891.888194,clay
105.285256,11,10895.108085,clay
74.912331,43,10899.502135,clay
99.341097,13,10903.129258,diamond_ore
104.15,10,10906.131296,diamond_ore
100.96,9,10908.99222,diamond_ore
86.29,21,10912.251993,log
88.401444,19,10916.581136,log
80.981405,25,10919.897188,log
106.21,9,10922.974235,diamond_ore
100.72,13,10925.991025,diamond_ore
98.73,12,10929.201041,diamond_ore
75.08,32,10932.833743,clay
95.17,13,10935.741033,clay
94.04069,15,10939.063315,clay
96.750679,13,10942.070602,log
102.84,11,10946.123117,log
102.47,8,10949.050394,log
87.762331,23,10952.709942,diamond_ore
48.720562,44,10957.003402,diamond_ore
93.892331,15,10960.370719,diamond_ore
81.56,9,10963.239099,log
86.171405,21,10966.677032,log
97.7,15,10970.050586,log
101.28,12,10973.048114,clay
105.29,6,10975.884411,clay
101.18,12,10978.834323,clay
100.53,12,10981.654224,clay
106.21,9,10984.753227,clay
105.91,9,10987.702993,clay
105.91,9,10990.708615,clay
93.751405,18,10993.946605,clay
103.775256,12,10996.990244,clay
105.91,9,10999.896244,log
95.551405,18,11004.443194,log
96.330562,16,11007.556949,log
96.646106,16,11010.751471,clay
100.705256,14,11014.18657,clay
70.67387,34,11018.212024,clay
103.78,7,11021.134387,diamond_ore
99.595217,14,11024.426025,diamond_ore
94.580927,18,11027.608643,diamond_ore
84.800562,24,11031.219238,log
96.821405,16,11034.667587,log
90.09,21,11038.087291,log
73.712893,37,11042.407774,log
102.47,8,11046.14904,log
105.29,6,11048.92374,log
95.54,16,11052.414076,diamond_ore
82.82,8,11055.441449,diamond_ore
102.69,11,11058.528407,diamond_ore
89.28,7,11061.194634,diamond_ore
89.033371,22,11065.287273,diamond_ore
95.17,13,11068.173712,diamond_ore
78.640927,27,11071.973419,diamond_ore
105.86,9,11074.884331,diamond_ore
91.891489,16,11078.01533,diamond_ore
90.701444,19,11081.468313,log
103.52,8,11084.382848,log
105.74,9,11087.612516,log
79.84,14,11090.68089,diamond_ore
92.890562,15,11095.369277,diamond_ore
93.752331,19,11098.899248,diamond_ore
96.44,16,11102.217276,diamond_ore
83.912023,25,11105.800409,diamond_ore
93.490679,19,11109.154724,diamond_ore
104.2,10,11112.150156,log
87.37,18,11115.785146,log
88.480601,22,11120.272532,log
107.22,8,11124.681355,clay
107.16,9,11127.431358,clay
99.25,10,11131.023195,clay
99.25,10,11134.027246,clay
92.24,16,11137.205696,clay
92.451405,18,11141.49958,clay
95.98,17,11145.225323,clay
102.53,12,11148.137835,clay
93.81,14,11151.035211,clay
105.66,9,11153.79909,log
95.8,15,11157.00292,log
98.09,16,11161.756976,log
108.47,8,11165.616596,diamond_ore
98.59,11,11168.525286,diamond_ore
99.46,14,11171.36268,diamond_ore
74.861405,32,11175.322699,log
86.882893,20,11178.807228,log
98.37,13,11182.025364,log
97.54,11,11184.866476,diamond_ore
79.131569,27,11188.662392,diamond_ore
97.04,11,11191.692615,diamond_ore
99.62,13,11194.65061,log
99.0,15,11198.009439,log
97.35,15,11201.766935,log
100.31,9,11204.445705,clay
78.44,26,11208.197706,clay
107.22,8,11211.059894,clay
89.940927,22,11214.523408,diamond_ore
104.2,10,11217.644413,diamond_ore
105.71,9,11220.458189,diamond_ore
91.092331,20,11224.862372,log
105.91,9,11227.807609,log
100.96,9,11230.641728,log
82.014288,27,11234.363956,clay
99.96,14,11237.530441,clay
105.25,10,11241.739426,clay
75.822944,33,11246.253863,clay
73.346143,35,11250.275398,clay
87.724985,23,11254.076349,clay
103.78,7,11257.028346,log
96.34,16,11260.425531,log
102.501097,12,11263.479529,log
99.25,10,11266.551961,clay
104.2,10,11269.467078,clay
84.75,10,11272.452088,clay
100.76,9,11275.496635,clay
75.369071,38,11280.506693,clay
99.15,15,11284.047179,clay
82.56,9,11286.873758,log
88.311405,22,11290.456932,log
97.530472,15,11293.765907,log
102.24,11,11296.551167,diamond_ore
90.131405,20,11299.896248,diamond_ore
86.871489,23,11303.520535,diamond_ore
77.971405,28,11307.976262,log
99.45,10,11312.083777,log
107.44,8,11314.510372,log
96.146718,17,11317.618987,clay
96.520562,17,11322.690233,clay
97.46,14,11325.663126,clay
103.98,7,11329.326651,diamond_ore
97.59,16,11332.54064,diamond_ore
102.17,13,11335.635927,diamond_ore
94.400562,14,11338.593779,diamond_ore
101.13,12,11341.586703,diamond_ore
102.84,11,11344.634956,diamond_ore
77.111489,29,11350.381227,clay
83.471967,25,11353.944173,clay
96.150562,14,11358.299747,clay
94.675256,17,11361.462175,clay
102.84,11,11364.430603,clay
103.98,7,11367.237652,clay
98.985609,16,11370.596539,diamond_ore
97.176625,15,11374.582936,diamond_ore
98.55,10,11377.43941,diamond_ore
86.160562,23,11381.049471,log
98.03,12,11384.181575,log
92.499989,19,11387.756618,log
99.25,10,11390.926085,diamond_ore
106.8,5,11393.660759,diamond_ore
5.82,100,11402.812275,
96.680729,17,11405.966354,log
86.680927,23,11409.559365,log
78.98,17,11412.525041,log
100.96,9,11415.348218,clay
93.66,19,11418.765638,clay
87.552331,19,11423.815675,clay
99.25,10,11426.502932,log
99.25,10,11429.507387,log
105.91,9,11432.382158,log
98.44,11,11435.912644,diamond_ore
97.351097,12,11439.050945,diamond_ore
75.168145,32,11443.33222,diamond_ore
85.751405,23,11447.157401,clay
74.342893,34,11451.110339,clay
95.59,16,11454.098447,clay
101.67,8,11456.874756,log
75.442809,32,11461.061727,log
98.923913,14,11464.223037,log
81.582331,26,11467.812257,diamond_ore
94.770562,17,11470.826387,diamond_ore
100.360612,15,11474.002156,diamond_ore
99.62,13,11477.013298,log
95.36,14,11481.425737,log
82.381617,22,11484.609837,log
97.715217,12,11488.766178,clay
79.111405,12,11491.914148,clay
100.36,14,11495.239171,clay
102.77,8,11498.134221,diamond_ore
84.75,10,11501.109843,diamond_ore
103.98,7,11503.730994,diamond_ore
104.4,10,11507.818069,diamond_ore
77.342582,31,11512.800201,diamond_ore
98.43,12,11515.784349,diamond_ore
95.98,15,11518.897181,log
96.34,11,11521.439166,log
107.42,8,11524.234123,log
92.105256,19,11527.541285,clay
108.93,7,11530.268862,clay
102.19,11,11533.617554,clay
92.154863,20,11537.096851,diamond_ore
100.96,9,11539.736125,diamond_ore
99.45,10,11543.114314,diamond_ore
78.875703,32,11546.83284,clay
105.91,9,11549.824361,clay
102.24,11,11552.783218,clay
75.040927,32,11556.906963,diamond_ore
99.590562,15,11560.866643,diamond_ore
84.21,24,11564.295969,diamond_ore
104.15,10,11567.470339,clay
97.73,12,11570.614892,clay
75.100927,26,11574.421892,clay
84.442331,25,11578.168155,diamond_ore
102.307655,12,11581.468097,diamond_ore
90.878145,16,11584.671316,diamond_ore
86.93,22,11588.772049,clay
99.061097,11,11591.800196,clay
100.05069,14,11595.055088,clay
66.2,30,11598.606364,log
108.76,7,11601.454064,log
68.7,80,11607.740577,log
103.98,7,11610.595356,log
100.72,13,11613.697943,log
67.99069,30,11617.555789,log
77.84,26,11622.770562,log
93.040562,15,11625.791263,log
97.715217,12,11629.113628,log
99.02,13,11632.193219,clay
103.4595,13,11635.366947,clay
92.941219,17,11638.904966,clay
79.2,15,11642.061054,log
103.78,7,11644.952666,log
104.15,10,11648.092934,log
103.98,7,11650.726939,log
98.767655,11,11654.819794,log
87.401967,22,11658.287019,log
78.29,11,11661.248637,diamond_ore
100.57,13,11664.569483,diamond_ore
91.26,16,11669.499339,diamond_ore
100.800562,14,11672.783788,diamond_ore
93.78,17,11676.526218,diamond_ore
94.536106,17,11679.982387,diamond_ore
105.91,9,11683.00847,log
73.508874,33,11687.058352,log
72.581219,43,11691.693367,log
103.98,7,11694.67304,clay
80.931444,26,11698.319678,clay
90.182944,22,11701.835353,clay
76.452331,29,11705.497211,clay
100.31,9,11708.411234,clay
96.25,15,11711.527283,clay
71.795539,68,11717.209202,diamond_ore
103.78,7,11720.23183,diamond_ore
105.74,9,11723.190092,diamond_ore
104.0,10,11726.281125,diamond_ore
110.23,7,11729.452686,diamond_ore
107.42,8,11732.462703,diamond_ore
76.544663,34,11736.154936,clay
100.31,9,11739.030716,clay
105.06,9,11741.949132,clay
89.6,20,11745.534956,log
100.271097,10,11748.759218,log
70.05,30,11753.774792,log
99.595217,14,11756.616538,log
97.74,11,11759.642769,log
104.4,10,11762.733162,log
93.979989,19,11765.94366,clay
100.589733,13,11769.026759,clay
95.77,13,11773.088679,clay
96.49,16,11777.83606,diamond_ore
103.968145,12,11781.01599,diamond_ore
101.05,13,11784.005601,diamond_ore
105.91,9,11786.936408,log
97.85,15,11791.190423,log
85.76,14,11794.309772,log
76.502543,31,11798.399578,clay
100.976718,14,11801.364604,clay
73.561405,32,11805.18076,clay
100.96,9,11808.216625,diamond_ore
103.99,11,11811.286087,diamond_ore
102.56,12,11814.054934,diamond_ore
99.25,10,11818.382669,clay
67.010927,40,11822.217758,clay
83.803258,25,11826.30578,clay
95.92,13,11829.486515,clay
75.199059,31,11833.499944,clay
77.220927,29,11837.352521,clay
102.89,11,11840.226443,diamond_ore
73.912331,28,11844.159304,diamond_ore
87.741405,19,11847.345241,diamond_ore
96.190039,17,11851.359484,log
98.730492,10,11857.181997,log
98.6,10,11860.106217,log
99.25,10,11864.027411,log
74.871405,31,11868.223931,log
91.520039,19,11871.728089,log
95.951405,16,11874.923495,diamond_ore
104.15,10,11877.860402,diamond_ore
100.96,9,11880.95562,diamond_ore
95.98,15,11884.160355,clay
100.87,13,11887.503627,clay
100.96,9,11890.499016,clay
94.2,15,11893.678671,diamond_ore
80.013913,25,11897.108414,diamond_ore
85.252331,22,11901.551662,diamond_ore
102.47,8,11904.484034,log
92.140927,17,11907.70692,log
74.992331,30,11911.634605,log
103.98,7,11914.253587,diamond_ore
92.691219,17,11918.551403,diamond_ore
97.09,16,11921.735977,diamond_ore
99.36,14,11924.984493,log
100.96,9,11927.713128,log
79.8,10,11930.747834,log
91.885217,15,11934.034216,clay
102.27,8,11936.88424,clay
104.15,10,11939.896717,clay
100.678145,11,11943.082572,log
90.750546,20,11946.434804,log
84.581405,23,11950.108147,log
98.29,11,11953.272452,log
72.011405,37,11957.453969,log
72.371405,31,11962.474854,log
101.62,8,11965.946288,clay
96.180562,16,11969.331535,clay
94.56,14,11972.41235,clay
67.85,40,11978.184501,clay
69.970612,34,11982.343607,clay
94.761405,17,11985.742119,clay
99.25,10,11988.601717,diamond_ore
85.282933,21,11992.027501,diamond_ore
98.79,16,11995.457312,diamond_ore
82.580562,26,11999.142488,diamond_ore
104.23,10,12002.056306,diamond_ore
102.24,11,12005.258182,diamond_ore
86.353021,23,12008.927754,clay
99.62,13,12011.914243,clay
104.4,10,12014.75681,clay
104.35,10,12017.643531,clay
73.920966,30,12021.385954,clay
94.931097,17,12026.613944,clay
70.701489,40,12030.879946,diamond_ore
104.04,11,12034.043695,diamond_ore
88.24,21,12037.743527,diamond_ore
96.41,16,12041.112288,diamond_ore
104.35,10,12043.958921,diamond_ore
104.23,10,12046.837331,diamond_ore
103.98,7,12049.778671,diamond_ore
87.501967,22,12053.292757,diamond_ore
87.852095,22,12056.809519,diamond_ore
94.165217,17,12060.165025,log
97.831405,15,12064.365228,log
74.688707,34,12068.275677,log
100.76,9,12071.420227,clay
88.23,22,12074.83144,clay
74.532331,36,12079.06762,clay
101.11,14,12082.398872,log
102.72,11,12085.471045,log
100.96,9,12088.311367,log
103.78,7,12091.43194,log
92.960562,18,12094.514997,log
89.479989,21,12098.867175,log
75.031853,34,12102.742303,clay
99.25,10,12105.848639,clay
99.25,10,12108.834753,clay
71.912331,33,12112.760263,diamond_ore
88.821137,18,12117.108934,diamond_ore
74.913258,39,12120.956945,diamond_ore
96.34,16,12124.226684,diamond_ore
95.597655,13,12127.53437,diamond_ore
78.362331,28,12131.776154,diamond_ore
95.98,17,12134.835628,log
99.45,10,12137.866626,log
84.07,8,12140.881438,log
100.16,9,12143.782682,log
97.22,13,12146.950122,log
91.0,15,12151.35278,log
100.5,10,12155.416336,clay
3.62,100,12163.637172,
94.69,16,12167.013767,clay
83.370927,24,12170.256921,diamond_ore
7.22,100,12178.356034,
102.64,11,12181.166304,diamond_ore
100.648145,14,12184.503889,clay
76.804185,36,12188.462437,clay
88.682017,21,12192.137498,clay
100.450039,11,12195.339638,log
81.452809,26,12199.046994,log
96.08,17,12202.297364,log
99.62,13,12205.355714,diamond_ore
105.91,9,12208.274264,diamond_ore
100.96,9,12211.302798,diamond_ore
83.031405,25,12215.033834,log
97.661097,11,12219.005124,log
93.040562,15,12222.226931,log
94.83,17,12225.417206,diamond_ore
99.51,14,12228.339345,diamond_ore
94.52,18,12232.723018,diamond_ore
85.000927,24,12236.572726,log
83.53,22,12240.021292,log
73.63,32,12245.071275,log
62.542542,34,12249.221882,log
107.4,8,12252.007145,log
101.33,12,12255.19121,log
99.46,14,12258.402856,clay
89.925421,21,12262.003249,clay
97.34,16,12265.1573,clay
94.44,16,12268.491784,clay
102.89,11,12271.614967,clay
76.93,27,12275.485748,clay
99.67,13,12278.376278,clay
102.48,12,12281.203202,clay
77.642978,26,12284.743052,clay
90.601967,20,12288.054771,diamond_ore
95.98,17,12291.400115,diamond_ore
92.75,18,12295.38406,diamond_ore
100.96,9,12299.430567,log
73.521405,31,12302.882502,log
96.04,16,12306.104066,log
81.532331,26,12309.877391,diamond_ore
102.47,8,12312.835275,diamond_ore
99.45,10,12315.566372,diamond_ore
98.03,12,12320.691318,log
81.350927,21,12323.923928,log
74.46,29,12327.741186,log
105.29,6,12330.424679,diamond_ore
84.09,11,12334.9081,diamond_ore
79.962331,28,12339.750136,diamond_ore
78.061399,28,12344.443199,log
102.84,11,12347.38208,log
100.98,12,12350.476034,log
67.5,80,12356.727983,clay
103.98,7,12360.434501,clay
71.07,33,12364.697018,clay
104.2,10,12367.506604,clay
74.642331,30,12371.4568,clay
96.430601,17,12374.703452,clay
97.87,13,12378.666486,clay
89.600601,20,12381.907959,clay
71.242331,38,12386.962734,clay
100.3,15,12390.334332,diamond_ore
88.268145,22,12393.868278,diamond_ore
69.002331,24,12397.594435,diamond_ore
89.971405,21,12401.944618,diamond_ore
104.2,10,12404.948132,diamond_ore
100.96,9,12408.029904,diamond_ore
76.691489,36,12411.879773,clay
83.041405,24,12415.983428,clay
98.0,15,12419.356025,clay
86.010472,22,12423.906974,log
102.01,9,12426.925355,log
105.26,9,12430.719176,log
97.66,14,12433.644792,log
74.201967,27,12438.549162,log
98.290562,15,12441.879373,log
98.271405,16,12445.116462,diamond_ore
100.6,10,12449.002353,diamond_ore
97.58,12,12452.088939,diamond_ore
102.47,8,12454.899325,log
95.000562,17,12458.090739,log
90.261967,21,12463.170405,log
73.833021,35,12467.146558,clay
77.80262,36,12471.698483,clay
80.71,14,12474.897227,clay
85.381405,20,12478.501413,diamond_ore
74.660927,35,12482.548652,diamond_ore
100.72,13,12485.614759,diamond_ore
102.89,11,12488.444405,clay
99.25,10,12491.643315,clay
105.86,9,12494.628249,clay
103.55,10,12497.771111,clay
99.45,15,12500.75039,clay
94.93,17,12503.783245,clay
100.96,9,12506.539057,diamond_ore
92.22,18,12509.774372,diamond_ore
81.590927,27,12513.787245,diamond_ore
105.66,9,12516.567233,log
99.67,13,12520.014295,log
104.4,10,12522.879026,log
98.91,14,12526.048778,clay
72.481853,34,12531.062731,clay
96.999733,12,12533.879196,clay
97.047655,16,12537.871153,clay
102.09,11,12540.533233,clay
102.49,11,12544.43237,clay
73.391405,39,12548.679466,log
83.92,23,12552.897986,log
76.833622,30,12556.696428,log
71.672809,34,12562.271471,diamond_ore
99.15,15,12565.384391,diamond_ore
85.83,22,12568.940503,diamond_ore
88.991467,22,12573.431417,diamond_ore
100.56,9,12576.228273,diamond_ore
100.5,10,12579.24568,diamond_ore
87.64,21,12582.682201,log
91.00069,19,12585.931326,log
91.312893,17,12590.818327,log
70.010039,30,12594.91951,log
99.62,13,12597.951859,log
99.67,13,12602.085637,log
78.049532,29,12605.849076,clay
104.5195,10,12608.95753,clay
74.963021,27,12613.059645,clay
69.42,33,12617.449997,log
96.626707,13,12620.696776,log
88.461967,21,12624.734496,log
75.52,13,12627.870693,log
88.471405,21,12632.454287,log
95.220601,18,12635.601861,log
97.74,11,12639.84867,diamond_ore
67.231853,44,12644.561551,diamond_ore
84.231967,24,12649.712475,diamond_ore
56.405844,26,12653.476697,clay
99.45,10,12657.080568,clay
100.96,9,12660.94765,clay
82.294426,27,12665.149528,diamond_ore
102.47,8,12669.158457,diamond_ore
98.6,10,12671.980118,diamond_ore
100.73,12,12675.130786,diamond_ore
99.0,15,12678.235922,diamond_ore
89.600927,21,12681.385953,diamond_ore
100.96,9,12684.549553,clay
91.91,19,12688.020424,clay
89.156106,20,12691.22912,clay
80.089059,27,12695.157709,clay
86.378145,11,12698.298122,clay
101.26,14,12701.337096,clay
97.74,11,12704.169962,diamond_ore
100.16,9,12707.069837,diamond_ore
102.59,11,12710.178204,diamond_ore
100.87,13,12713.427895,log
76.85,15,12716.804524,log
83.718911,23,12721.395259,log
66.859989,38,12725.790561,log
95.9,15,12729.585514,log
98.0,15,12732.86467,log
75.552331,29,12736.631634,diamond_ore
97.95,15,12739.752688,diamond_ore
93.32,18,12742.996023,diamond_ore
83.7,20,12747.290312,clay
104.04,11,12750.465501,clay
96.771169,17,12753.679847,clay
96.251444,14,12756.743073,clay
107.45,8,12759.669618,clay
102.47,8,12762.419054,clay
96.210562,16,12767.248341,log
94.72,13,12770.0458,log
101.21,12,12774.271799,log
89.82,21,12777.539053,diamond_ore
74.090562,30,12781.423656,diamond_ore
102.17,13,12784.633967,diamond_ore
105.29,6,12787.493909,clay
94.762331,18,12791.836916,clay
96.01,14,12794.730585,clay
100.52,13,12797.724099,diamond_ore
96.496718,17,12800.807868,diamond_ore
88.23,17,12804.0879,diamond_ore
101.18,12,12808.583921,log
100.76,9,12811.697821,log
105.91,9,12814.680395,log
84.75,10,12818.002871,log
95.011405,17,12821.458431,log
97.715217,12,12824.673847,log
105.71,9,12827.545944,diamond_ore
75.181405,25,12832.384745,diamond_ore
104.4,10,12835.958629,diamond_ore
104.35,10,12839.790965,diamond_ore
97.49,14,12842.819944,diamond_ore
89.641405,19,12846.275101,diamond_ore
105.66,9,12850.588157,clay
104.4,10,12854.004559,clay
105.94,9,12856.791569,clay
104.2,10,12860.124018,clay
94.39,16,12863.149099,clay
97.52,13,12866.32296,clay
101.18,12,12870.040513,log
73.848145,34,12873.965668,log
94.83,17,12877.263819,log
99.62,13,12880.45578,clay
77.27,13,12883.243054,clay
69.470612,54,12888.319744,clay
75.38232,30,12892.242045,clay
97.94,11,12895.200116,clay
92.45,15,12899.240226,clay
100.11,9,12902.17861,clay
75.422455,35,12906.363195,clay
100.87,13,12909.507215,clay
96.07,13,12912.598316,diamond_ore
45.819071,63,12918.273207,diamond_ore
72.642331,45,12922.677086,diamond_ore
79.672331,27,12926.352961,log
95.670927,14,12929.350005,log
72.301405,33,12933.866923,log
95.47,13,12937.023206,log
88.8,20,12940.7588,log
73.49,31,12944.72436,log
100.5,10,12948.60819,diamond_ore
82.842331,25,12952.320001,diamond_ore
74.832331,36,12956.584814,diamond_ore
83.34,21,12961.025497,diamond_ore
102.72,11,12963.858082,diamond_ore
101.18,12,12967.281266,diamond_ore
100.84,11,12970.250248,log
96.75,15,12973.208718,log
97.74,11,12977.479258,log
102.89,11,12981.828087,log
95.08,17,12985.053174,log
79.928145,26,12988.95875,log
85.051405,23,12992.245924,clay
81.421617,23,12995.713482,clay
96.07,13,12999.754173,clay
106.09,11,13002.577071,clay
107.42,8,13005.440844,clay
101.33,12,13008.525129,clay
81.830039,13,13011.642027,diamond_ore
88.271405,21,13015.330129,diamond_ore
74.873258,33,13020.926013,diamond_ore
74.212809,30,13024.621982,diamond_ore
100.96,9,13029.048797,diamond_ore
81.31,9,13032.091412,diamond_ore
89.01,19,13035.676231,log
103.98,7,13038.602359,log
102.69,11,13042.09154,log
102.47,8,13045.924955,log
104.553913,11,13050.151261,log
96.579989,16,13053.463763,log
84.951489,25,13058.300712,diamond_ore
79.181489,27,13062.35657,diamond_ore
97.52,13,13065.667074,diamond_ore
85.84,6,13068.853105,clay
94.312331,18,13073.762503,clay
74.002809,31,13077.81485,clay
103.52,8,13080.82937,diamond_ore
98.0,15,13083.992544,diamond_ore
91.681097,19,13088.140252,diamond_ore
94.10069,14,13091.355195,clay
102.47,8,13094.307976,clay
99.67,13,13097.30881,clay
103.98,7,13101.02868,clay
100.64,14,13104.103904,clay
75.751405,33,13108.377609,clay
98.11,14,13111.667344,diamond_ore
80.327493,26,13116.561759,diamond_ore
96.821405,16,13120.993531,diamond_ore
85.23,22,13124.319166,log
91.110927,20,13127.805389,log
81.731405,25,13131.708422,log
67.330927,78,13137.66096,log
82.78069,21,13141.305199,log
99.31,14,13144.83488,log
88.82,21,13147.854209,diamond_ore
107.42,8,13150.566492,diamond_ore
94.49,16,13154.8627,diamond_ore
97.94,16,13158.235917,clay
76.942006,29,13162.294095,clay
85.492893,24,13166.164608,clay
99.62,13,13170.603953,log
103.78,7,13173.315041,log
102.87,11,13177.201396,log
89.341405,19,13180.919746,clay
105.29,6,13184.683782,clay
99.02,13,13187.769597,clay
77.131405,28,13193.653523,log
91.381405,20,13197.065768,log
96.64,16,13201.374115,log
76.042809,32,13205.371257,diamond_ore
90.138956,21,13209.622431,diamond_ore
86.550562,24,13214.301493,diamond_ore
96.401405,13,13217.495587,clay
75.094702,50,13222.602593,clay
90.211967,21,13227.044897,clay
84.7,20,13231.991325,log
104.4,10,13234.844636,log
99.67,13,13238.578121,log
97.04,11,13243.180074,diamond_ore
80.17,13,13246.024927,diamond_ore
104.23,10,13248.897372,diamond_ore
92.23069,16,13253.724563,clay
89.168145,22,13259.267631,clay
95.470601,18,13262.633985,clay
100.96,9,13266.285925,log
47.560927,30,13271.241415,log
66.720472,31,13275.257679,log
99.67,13,13278.571054,diamond_ore
84.431405,23,13281.867349,diamond_ore
91.0,15,13286.788311,diamond_ore
103.78,7,13289.628606,clay
96.38,17,13293.03285,clay
80.802331,24,13296.90553,clay
97.96,14,13300.032781,log
89.79,16,13304.206644,log
99.67,13,13307.478485,log
96.570562,17,13310.637312,diamond_ore
93.950927,16,13315.370464,diamond_ore
75.852331,29,13318.991622,diamond_ore
87.576095,22,13322.517061,clay
105.71,9,13325.352835,clay
81.11,9,13329.320879,clay
91.39,16,13334.223531,log
96.64,16,13338.232913,log
86.202017,24,13343.003802,log
97.58,12,13346.069242,clay
96.49,16,13349.679004,clay
76.821405,31,13353.162117,clay
100.96,9,13356.171926,diamond_ore
96.910601,14,13360.308632,diamond_ore
100.51,12,13363.319074,diamond_ore
89.786106,17,13367.838751,log
94.630039,18,13371.65154,log
78.591405,24,13376.184861,log
74.642331,30,13380.191781,diamond_ore
108.73,7,13384.129524,diamond_ore
102.43,12,13387.180998,diamond_ore
72.56382,48,13392.748868,clay
78.390927,27,13396.094953,clay
94.700562,14,13399.265806,clay
74.451853,37,13404.557884,clay
91.37,18,13408.614954,clay
97.890612,17,13412.054911,clay
101.67,8,13414.939179,diamond_ore
76.362532,34,13420.056546,diamond_ore
91.360039,20,13423.508619,diamond_ore
82.262893,22,13427.209798,clay
97.74,11,13431.971312,clay
97.74,11,13436.336712,clay
72.55,30,13441.255939,diamond_ore
103.75,10,13444.099802,diamond_ore
94.72,13,13447.066687,diamond_ore
97.04,11,13451.065608,log
82.06069,13,13454.074477,log
75.462331,33,13459.319709,log
100.96,9,13462.01154,diamond_ore
76.114185,40,13466.802703,diamond_ore
75.410927,30,13471.954343,diamond_ore
98.91,14,13475.418064,log
90.630927,18,13479.495975,log
96.090927,17,13482.633922,log
71.400039,36,13486.851908,log
107.17,8,13490.596476,log
101.38,12,13493.643002,log
99.22,13,13497.75624,log
102.72,11,13500.489448,log
103.98,7,13503.378966,log
71.901405,38,13508.160832,diamond_ore
79.012331,28,13512.027095,diamond_ore
73.790562,30,13516.641747,diamond_ore
79.36,24,13519.954367,diamond_ore
98.37,13,13523.129502,diamond_ore
98.859986,16,13526.733957,diamond_ore
100.427655,10,13530.662656,diamond_ore
102.09,11,13533.410967,diamond_ore
105.74,9,13536.377862,diamond_ore
102.41,14,13539.673341,clay
105.71,9,13543.629878,clay
90.79,6,13547.441862,clay
99.36,14,13550.819114,log
103.207655,12,13554.364997,log
99.51,14,13557.440396,log
101.36,12,13561.377951,clay
87.091219,22,13565.126108,clay
99.1,15,13569.558245,clay
93.680562,16,13572.850421,clay
93.280476,20,13577.055834,clay
96.422331,17,13580.466965,clay
93.74,16,13583.712035,log
68.930916,32,13589.150333,log
102.53,12,13592.241011,log
76.810927,30,13596.031899,log
100.08,12,13599.022853,log
105.71,9,13602.190689,log
100.96,9,13605.426912,log
101.100562,14,13611.567343,log
88.310562,18,13614.826064,log
100.96,9,13617.800797,clay
89.182331,21,13621.35243,clay
86.82,23,13625.107074,clay
91.0,15,13629.737966,log
93.17,18,13634.167173,log
94.746292,19,13637.525734,log
101.38,12,13641.512029,diamond_ore
80.65,10,13645.730384,diamond_ore
88.163021,22,13649.208714,diamond_ore
95.965217,17,13652.667159,diamond_ore
89.785217,20,13656.083367,diamond_ore
96.49,16,13660.124763,diamond_ore
98.91,14,13663.407165,clay
75.983258,47,13668.03923,clay
80.961967,26,13672.849116,clay
91.7,18,13676.353271,diamond_ore
98.24,11,13679.589525,diamond_ore
99.67,13,13683.614496,diamond_ore
83.73,12,13688.961315,clay
102.47,8,13692.160058,clay
102.69,11,13696.407676,clay
99.51,14,13699.69909,diamond_ore
98.331405,15,13703.952591,diamond_ore
94.346106,16,13708.065751,diamond_ore
102.47,8,13711.142309,log
75.482331,41,13716.687727,log
89.398145,19,13719.825453,log
94.93,17,13722.79249,clay
97.715217,12,13727.206302,clay
87.551967,22,13731.932293,clay
99.25,10,13735.288142,log
95.08,17,13738.533007,log
82.131405,25,13743.242027,log
92.060039,20,13746.705275,diamond_ore
94.686106,17,13750.332494,diamond_ore
98.511405,12,13753.368085,diamond_ore
91.52,18,13756.478064,clay
102.72,11,13760.49526,clay
100.76,9,13763.648198,clay
101.84,11,13766.757446,clay
102.570039,14,13771.136122,clay
80.12,13,13774.163869,clay
99.67,13,13777.24672,diamond_ore
97.66,14,13780.534073,diamond_ore
99.25,10,13783.772529,diamond_ore
101.17,13,13787.166959,log
104.4,10,13791.063035,log
99.25,10,13794.891193,log
101.697655,13,13798.091581,clay
84.12,11,13801.02477,clay
76.132893,30,13805.305379,clay
102.89,11,13808.238676,log
103.6,10,13812.243295,log
97.74,11,13816.66296,log
104.4,10,13820.697185,log
91.0,15,13824.849422,log
78.28,27,13829.53831,log
103.78,7,13833.440955,clay
99.03,12,13836.615298,clay
87.442809,22,13840.297878,clay
105.29,6,13844.255459,diamond_ore
82.98,12,13847.412571,diamond_ore
102.89,11,13850.41625,diamond_ore
83.24,11,13854.704504,diamond_ore
78.853736,27,13858.569036,diamond_ore
80.320039,14,13861.796284,diamond_ore
91.7,15,13864.67827,diamond_ore
97.58,12,13868.875477,diamond_ore
69.411405,47,13874.42421,diamond_ore
99.67,13,13877.680254,clay
97.74,11,13882.237439,clay
102.24,11,13885.268459,clay
85.521967,20,13888.928965,log
93.32,18,13892.031534,log
73.482331,34,13896.842741,log
96.13,17,13901.080596,log
108.73,7,13905.079495,log
103.7,10,13908.18111,log
100.96,9,13911.264449,log
76.242708,32,13915.369133,log
70.762809,50,13921.099457,log
79.111405,25,13924.792953,clay
101.24,11,13929.003217,clay
100.73,12,13932.150374,clay
98.91,14,13937.983738,diamond_ore
97.74,11,13941.946759,diamond_ore
107.25,8,13944.832674,diamond_ore
77.190601,29,13949.634441,clay
88.49,21,13953.055354,clay
76.152051,39,13957.890834,clay
92.51,14,13961.967202,clay
84.97,23,13965.608503,clay
95.47,13,13970.039803,clay
105.91,9,13972.825852,diamond_ore
80.59,11,13977.034449,diamond_ore
98.97,13,13980.087874,diamond_ore
96.510562,16,13985.357798,log
94.970612,14,13988.837881,log
92.51,14,13992.22541,log
96.270562,17,13995.548029,diamond_ore
99.21,14,13998.342003,diamond_ore
88.372331,22,14002.891072,diamond_ore
102.22,11,14006.00703,log
94.06,14,14009.11838,log
96.205217,13,14012.615937,log
104.35,10,14015.51878,diamond_ore
83.410927,25,14019.016729,diamond_ore
80.362893,27,14022.827022,diamond_ore
99.45,10,14025.705936,log
108.93,7,14028.536869,log
96.23,12,14031.847106,log
94.31069,18,14036.611498,diamond_ore
92.01,19,14041.88187,diamond_ore
70.762331,53,14046.991589,diamond_ore
105.71,9,14050.066252,clay
93.192331,15,14053.114743,clay
92.896244,19,14056.480642,clay
100.76,9,14060.648928,log
72.4,15,14065.051685,log
101.893913,12,14069.027578,log
74.202331,34,14073.026903,diamond_ore
99.62,13,14077.072666,diamond_ore
101.38,12,14081.025824,diamond_ore
97.822331,17,14084.362919,clay
91.161539,21,14087.634157,clay
95.23,17,14091.832509,clay
95.500472,18,14095.156862,clay
100.96,9,14098.116734,clay
99.45,10,14102.07578,clay
98.87069,12,14106.047125,log
98.13,14,14109.100767,log
96.23,12,14113.228616,log
72.961405,32,14117.330941,clay
104.218145,12,14120.719278,clay
70.230562,31,14124.413456,clay
98.840562,15,14127.68979,diamond_ore
104.35,10,14131.701361,diamond_ore
99.67,13,14135.754227,diamond_ore
98.0,15,14138.783712,clay
103.98,7,14142.643333,clay
99.82,13,14146.439992,clay
99.46,14,14149.782738,diamond_ore
103.68,12,14154.296645,diamond_ore
67.452416,41,14161.184612,diamond_ore
83.24,11,14165.266788,log
85.228145,11,14169.359126,log
74.95232,38,14175.080141,log
81.31,9,14177.883582,diamond_ore
91.37,18,14182.070117,diamond_ore
91.460039,20,14186.469859,diamond_ore
99.02,13,14191.564135,clay
73.260562,38,14196.792079,clay
70.403258,55,14202.035818,clay
96.401405,13,14205.301181,log
72.628956,54,14209.950885,log
91.931097,19,14213.672987,log
94.93,17,14217.369202,log
104.15,10,14221.35093,log
96.03,12,14224.487463,log
99.98,12,14227.405042,clay
81.282331,26,14232.335277,clay
87.872624,22,14235.92223,clay
95.311405,17,14240.344673,diamond_ore
89.861405,17,14244.117409,diamond_ore
94.93,17,14248.163056,diamond_ore
104.15,10,14252.268909,log
97.85,15,14256.596926,log
98.331405,15,14259.947713,log
97.74,11,14264.343766,clay
74.882893,35,14270.149637,clay
74.08,17,14274.293013,clay
106.253847,10,14278.367486,log
94.93,17,14282.132106,log
78.509071,29,14286.103276,log
74.01,14,14290.260927,clay
105.41,9,14293.471832,clay
101.33,12,14297.539129,clay
87.402331,19,14302.404995,diamond_ore
86.741405,19,14306.831951,diamond_ore
72.792933,35,14311.083345,diamond_ore
91.81,19,14314.38158,diamond_ore
97.74,11,14318.822274,diamond_ore
102.84,11,14321.560364,diamond_ore
96.290039,12,14325.803688,clay
87.831405,20,14331.208335,clay
71.688581,55,14336.988424,clay
73.831405,30,14341.814052,clay
78.29,11,14345.928409,clay
104.4,10,14348.755787,clay
81.262893,27,14352.430102,diamond_ore
100.98,12,14356.462295,diamond_ore
100.96,9,14360.952622,diamond_ore
105.49,6,14363.724267,diamond_ore
92.500507,19,14368.478199,diamond_ore
85.83,22,14371.850076,diamond_ore
94.640562,15,14376.150644,clay
73.510927,35,14380.631397,clay
96.270562,17,14383.987183,clay
94.811405,17,14389.794066,log
95.571489,18,14393.035455,log
94.56,14,14396.22648,log
94.18,17,14400.263238,log
98.156106,15,14404.820131,log
90.786106,17,14408.676149,log
100.66,14,14412.942075,log
79.8,10,14416.817377,log
99.67,13,14421.336255,log
97.72,13,14424.488902,diamond_ore
94.44,16,14430.506781,diamond_ore
95.416707,14,14433.722982,diamond_ore
99.45,10,14436.645141,clay
71.794634,66,14442.777015,clay
76.172331,40,14447.161273,clay
75.590207,32,14451.625546,diamond_ore
76.754327,39,14456.968125,diamond_ore
80.092416,27,14460.962486,diamond_ore
83.191405,24,14464.793738,diamond_ore
100.96,9,14468.739325,diamond_ore
100.98,12,14471.798091,diamond_ore
99.3,10,14475.537806,diamond_ore
96.457655,17,14479.490416,diamond_ore
103.010601,14,14483.733162,diamond_ore
105.5795,11,14489.244175,log
86.970562,22,14493.81597,log
100.678145,11,14497.077822,log
99.67,13,14501.287549,clay
79.54,11,14504.272611,clay
102.72,11,14507.229743,clay
101.33,12,14510.413297,clay
93.791967,18,14514.390348,clay
90.77,18,14518.288684,clay
101.027655,15,14522.395602,log
102.24,11,14525.507632,log
99.82,13,14529.108494,log
87.09,6,14532.104955,log
96.276106,13,14535.589946,log
90.090562,20,14539.006312,log
95.311405,17,14543.84549,log
73.521405,31,14548.660929,log
70.97,28,14552.389179,log
101.11,14,14555.614417,log
80.722331,27,14559.227278,log
89.991489,21,14562.497808,log
102.47,8,14565.693255,clay
99.75,15,14568.832709,clay
91.0,15,14573.630955,clay
97.95,15,14576.716157,diamond_ore
94.702331,19,14582.401865,diamond_ore
79.951405,23,14588.66723,diamond_ore
100.72,13,14591.882487,diamond_ore
104.4,10,14595.000105,diamond_ore
102.89,11,14597.940417,diamond_ore
96.302331,14,14601.352335,log
102.89,11,14604.915785,log
108.73,7,14607.801021,log
78.012371,29,14613.046538,clay
105.88,9,14616.287839,clay
105.29,6,14620.442589,clay
101.460562,13,14623.810961,diamond_ore
96.38,17,14626.942188,diamond_ore
91.472893,21,14630.912616,diamond_ore
96.276106,13,14634.243639,clay
99.945217,14,14638.489486,clay
73.642331,35,14642.848681,clay
98.331405,15,14645.870758,log
102.89,11,14648.844092,log
104.2,10,14653.031511,log
77.641489,26,14656.856273,clay
100.48,12,14659.850771,clay
95.71,14,14662.912867,clay
98.11,14,14667.992848,diamond_ore
96.058145,18,14671.587471,diamond_ore
95.950562,17,14674.848795,diamond_ore
83.52,23,14678.255034,clay
105.71,9,14681.18748,clay
99.82,13,14684.065263,clay
97.34,16,14688.247152,diamond_ore
98.85,15,14691.547635,diamond_ore
68.960927,40,14695.657937,diamond_ore
104.4,10,14699.725569,clay
78.110562,28,14706.02911,clay
86.200562,19,14710.446547,clay
99.42,13,14713.607103,log
97.086106,17,14717.025508,log
96.250927,16,14720.421754,log
73.301405,38,14725.32941,log
96.63,12,14728.234796,log
86.051405,18,14732.852911,log
104.4,10,14736.012896,diamond_ore
96.23,12,14739.168478,diamond_ore
97.74,11,14743.068784,diamond_ore
107.25,8,14746.012145,diamond_ore
98.15069,14,14749.340329,diamond_ore
94.471405,16,14752.61885,diamond_ore
99.471097,10,14755.87386,diamond_ore
94.621405,16,14759.01692,diamond_ore
101.26,14,14762.692842,diamond_ore
107.22,8,14766.856858,log
97.74,11,14769.928266,log
107.22,8,14773.308933,log
73.621853,40,14777.709146,clay
104.2,10,14781.941294,clay
102.24,11,14784.98369,clay
76.323736,30,14790.341594,diamond_ore
85.84,6,14793.365206,diamond_ore
100.76,9,14797.586762,diamond_ore
96.37,16,14801.951925,log
80.04,26,14805.728358,log
102.11,9,14809.865083,log
105.91,9,14814.028144,clay
79.762893,27,14817.785605,clay
84.501405,23,14821.134683,clay
102.89,11,14825.082975,log
101.505946,13,14829.365961,log
86.339549,23,14832.977815,log
94.87,18,14836.352862,clay
71.837144,54,14841.902025,clay
79.512893,27,14846.568229,clay
101.10069,14,14850.129404,clay
93.28,18,14853.441455,clay
90.511405,17,14857.571412,clay
101.38,12,14861.620322,diamond_ore
93.41,14,14864.877734,diamond_ore
104.2,10,14868.964595,diamond_ore
76.922331,37,14874.3509,clay
100.76,9,14877.33293,clay
101.13,12,14881.538701,clay
104.7,10,14887.379266,clay
99.09,11,14890.115202,clay
80.771405,26,14894.047124,clay
103.98,7,14897.846373,log
91.37,18,14901.935907,log
96.44,11,14906.200226,log
93.2,15,14910.251041,log
101.99,11,14913.233532,log
91.37,18,14917.612144,log
93.760562,18,14922.123248,log
107.45,8,14925.755923,log
103.55,10,14930.011178,log
89.811394,21,14934.257036,diamond_ore
96.13,17,14939.400202,diamond_ore
99.290562,15,14943.763697,diamond_ore
96.07,18,14947.931381,diamond_ore
94.35,15,14951.350153,diamond_ore
87.561405,22,14956.073278,diamond_ore
104.9,10,14961.68961,log
92.4,15,14965.217702,log
92.817397,18,14968.989353,log
103.861781,14,14973.11658,clay
69.36,39,14977.778387,clay
104.3,10,14982.767086,clay
100.07,13,14986.114293,log
107.17,8,14990.400856,log
108.73,7,14995.039391,log
99.21,15,14998.514338,clay
101.240039,12,15003.268159,clay
68.94,36,15009.803206,clay
100.07,13,15014.342109,clay
102.43,12,15019.49509,clay
97.859733,16,15023.094245,clay
111.75,5,15026.557276,diamond_ore
103.7,10,15030.499893,diamond_ore
108.73,7,15033.816951,diamond_ore
80.87,23,15037.974104,diamond_ore
74.953283,33,15042.450289,diamond_ore
75.540573,30,15047.105206,diamond_ore
72.822331,32,15052.481032,diamond_ore
72.389599,38,15058.456554,diamond_ore
97.8,15,15063.359466,diamond_ore
91.961781,19,15067.304402,log
63.89069,20,15071.208359,log
102.478145,11,15075.536247,log
103.078145,11,15080.108823,diamond_ore
100.37,13,15083.955996,diamond_ore
102.230729,12,15087.854862,diamond_ore
88.450927,21,15091.560188,diamond_ore
97.97,14,15096.297437,diamond_ore
97.911569,15,15101.217326,diamond_ore
94.69,16,15106.749577,log
90.051405,19,15111.651552,log
102.358835,12,15115.241355,log
105.87409,11,15119.112573,diamond_ore
104.1,10,15123.688488,diamond_ore
102.95,10,15128.508784,diamond_ore
94.280239,18,15132.650399,clay
104.1,10,15136.141496,clay
70.36,44,15142.638402,clay
110.44,6,15146.881183,clay
102.48,12,15151.47518,clay
92.951489,15,15156.415087,clay
101.666106,14,15159.926299,clay
102.84,11,15164.534168,clay
97.930679,15,15169.491843,clay
95.182496,18,15174.320104,log
99.54069,10,15178.91734,log
96.95,15,15183.099666,log
98.17,13,15187.109545,log
96.77,13,15191.781533,log
102.64,11,15195.266654,log
86.83,22,15200.217075,clay
103.55,10,15205.374046,clay
104.06,10,15210.045291,clay
102.929346,14,15214.928455,diamond_ore
108.93,7,15220.022448,diamond_ore
105.66,9,15224.533937,diamond_ore
70.53,52,15231.107969,diamond_ore
97.036796,16,15234.920924,diamond_ore
101.33,12,15241.016849,diamond_ore
82.6,25,15246.328717,log
101.33,12,15251.543308,log
83.840612,22,15257.354624,log
91.402624,19,15262.082098,log
96.992796,17,15265.738532,log
103.078145,11,15270.059208,log
107.126559,9,15274.532197,clay
88.612809,20,15279.633677,clay
105.347655,10,15283.069806,clay
97.61,14,15287.394367,log
104.97,9,15290.262553,log
108.7,7,15294.420526,log
88.177237,21,15299.67251,clay
84.84,21,15303.621557,clay
87.99,21,15308.662302,clay
76.661953,28,15313.408523,diamond_ore
101.766668,13,15316.987762,diamond_ore
81.892905,27,15322.598632,diamond_ore
73.575587,49,15328.248616,diamond_ore
108.57,8,15332.53292,diamond_ore
67.294214,45,15339.164141,diamond_ore
73.51,29,15344.710523,clay
90.509958,22,15349.916621,clay
108.111364,9,15354.663636,clay
55.34,76,15361.316061,log
94.95,15,15366.441278,log
111.95,5,15369.787965,log
101.578127,14,15374.57558,diamond_ore
107.160492,8,15377.771442,diamond_ore
104.1,10,15382.471735,diamond_ore
71.170562,32,15387.262014,log
85.43,22,15391.824036,log
99.059102,15,15396.929665,log
65.69,31,15402.506876,log
90.050927,16,15407.141801,log
98.108127,15,15412.090908,log
110.24,6,15415.575879,diamond_ore
99.720039,14,15420.352368,diamond_ore
87.400927,21,15424.254109,diamond_ore
69.434185,64,15432.024386,clay
105.29,6,15435.523311,clay
107.37,8,15440.024805,clay
104.3,10,15444.142623,clay
91.822212,19,15448.792693,clay
100.92,13,15453.293088,clay
100.3,12,15457.716566,diamond_ore
107.37,8,15461.119625,diamond_ore
77.29,26,15465.308734,diamond_ore
90.82,18,15469.5385,diamond_ore
108.798145,9,15474.308994,diamond_ore
76.832416,29,15478.689274,diamond_ore
70.68,32,15484.646574,clay
91.28,18,15489.266902,clay
99.22,13,15492.816965,clay
85.141842,22,15496.995151,log
106.190472,9,15502.073385,log
99.588835,14,15506.070215,log
111.75,5,15509.494757,clay
76.15,26,15514.028956,clay
108.69,7,15517.838318,clay
102.257655,12,15522.799159,log
99.61,9,15526.757031,log
95.171405,16,15531.693144,log
92.318127,19,15538.112053,log
101.3,11,15542.582293,log
107.37,8,15545.791098,log
101.07,13,15550.161003,clay
93.471405,17,15554.905175,clay
101.34,11,15559.506292,clay
98.863913,10,15563.788113,diamond_ore
78.502809,26,15567.985206,diamond_ore
101.496106,12,15571.034231,diamond_ore
88.744475,21,15574.789328,log
98.24,13,15579.804281,log
107.19,8,15583.06729,log
108.93,7,15586.474672,log
102.91,10,15589.411925,log
101.358835,13,15593.028881,log
105.51,9,15596.190857,diamond_ore
97.183442,16,15600.169879,diamond_ore
104.356668,11,15604.509196,diamond_ore
108.88,7,15608.855564,clay
88.140239,22,15613.965121,clay
85.355441,23,15618.063773,clay
69.722331,37,15623.805377,diamond_ore
90.351405,18,15628.005313,diamond_ore
99.452331,14,15632.689092,diamond_ore
99.4,10,15636.72599,clay
71.400464,34,15642.522631,clay
99.201405,14,15648.311608,clay
102.2095,13,15653.864916,clay
108.69,7,15658.173081,clay
107.13,8,15661.456703,clay
103.515217,12,15665.343229,diamond_ore
108.47,8,15669.811772,diamond_ore
104.82,9,15673.869904,diamond_ore
103.09,11,15677.588092,log
101.378145,11,15682.108094,log
109.801069,9,15686.588165,log
75.90382,29,15690.94575,log
94.531405,16,15695.761973,log
99.52,13,15700.857832,log
102.370492,11,15705.211394,clay
100.309703,15,15710.250222,clay
95.521405,16,15714.909556,clay
97.89,11,15719.70281,clay
105.66,9,15724.489663,clay
103.55,10,15727.596741,clay
97.89,11,15732.193149,log
102.54,11,15736.522371,log
89.3,7,15740.7424,log
89.21,20,15745.297942,diamond_ore
96.41,14,15750.143842,diamond_ore
107.37,8,15753.438447,diamond_ore
105.46,9,15756.589442,diamond_ore
102.781569,12,15760.259087,diamond_ore
100.82069,12,15764.466773,diamond_ore
98.87,13,15768.88159,clay
95.425946,16,15774.05014,clay
93.33,17,15778.86258,clay
105.61,9,15782.226957,log
85.89,22,15786.830258,log
82.699346,25,15791.294101,log
65.16,60,15797.82335,diamond_ore
89.360927,20,15802.596245,diamond_ore
106.148145,9,15807.396608,diamond_ore
101.039141,14,15812.081706,diamond_ore
75.807472,34,15818.204729,diamond_ore
109.031097,9,15822.614666,diamond_ore
74.88,27,15827.987133,diamond_ore
104.093442,10,15832.432559,diamond_ore
74.056068,42,15838.734473,diamond_ore
102.49,11,15842.758524,clay
106.797655,10,15847.044661,clay
91.2,20,15851.191467,clay
104.083442,11,15855.426767,clay
105.29,6,15860.62344,clay
103.33,7,15863.812405,clay
98.128835,15,15868.556423,log
95.239054,18,15873.569543,log
103.366796,13,15879.429108,log
104.3,10,15883.771634,clay
87.75,20,15887.49913,clay
97.78,12,15892.72947,clay
96.44,11,15897.122545,diamond_ore
104.3,10,15900.737288,diamond_ore
103.7,10,15906.317248,diamond_ore
71.517511,32,15911.879784,log
108.73,7,15916.417313,log
111.75,5,15919.684345,log
109.18,7,15924.100305,log
88.536668,21,15929.971367,log
101.098835,13,15934.098005,log
97.206928,18,5.126057,diamond_ore
80.853186,28,9.698188,diamond_ore
107.236625,9,14.223392,diamond_ore
88.217091,22,17.785646,diamond_ore
89.967535,22,21.106183,diamond_ore
106.530472,10,24.415131,diamond_ore
104.870253,13,27.758089,clay
68.98,47,32.823112,clay
94.682331,17,36.433774,clay
98.236125,14,39.498928,log
107.01,9,42.42617,log
73.650427,35,47.04725,log
111.396458,7,49.911088,diamond_ore
66.692421,36,55.613698,diamond_ore
111.75,5,58.357452,diamond_ore
102.860067,11,63.037078,log
102.830472,11,65.80365,log
104.180205,12,69.088783,log
103.491097,10,72.706317,clay
81.036624,28,76.418096,clay
105.831069,11,79.696247,clay
70.151363,62,85.925296,clay
105.686806,13,89.885276,clay
106.740472,9,92.716248,clay
106.737655,9,95.697951,log
104.080492,10,98.551067,log
106.67,8,103.028954,log
107.44,7,105.72925,log
111.330492,6,109.559164,log
69.65,35,115.501081,log
86.721097,20,120.047302,log
101.354795,15,122.974838,log
92.133913,18,126.581483,log
103.693528,13,130.170221,clay
105.689973,10,133.957774,clay
88.276356,24,137.81634,clay
94.375966,16,142.744227,log
73.55102,39,147.448228,log
79.380532,29,151.846061,log
102.328005,13,155.11648,diamond_ore
104.190581,12,157.860177,diamond_ore
107.823913,9,160.977627,diamond_ore
107.48,7,163.728237,clay
102.123442,12,167.761622,clay
104.887844,12,170.805375,clay
109.33,7,173.58029,diamond_ore
98.366734,13,176.544117,diamond_ore
74.627463,29,180.40524,diamond_ore
109.948145,9,183.634241,clay
113.045966,5,186.057774,clay
104.52,10,188.709169,clay
108.113647,9,191.496461,diamond_ore
113.040492,5,194.071294,diamond_ore
108.04,7,196.691423,diamond_ore
108.000492,8,199.478568,diamond_ore
107.93,7,202.693249,diamond_ore
100.965966,12,205.925355,diamond_ore
81.864585,27,210.492126,log
75.196492,32,214.307261,log
92.570562,19,217.48229,log
106.283913,10,220.308502,clay
114.476458,5,222.688184,clay
64.76,79,230.544182,clay
77.253941,28,235.553165,log
83.115874,25,239.548539,log
105.351569,10,242.562232,log
77.54,26,246.384167,clay
98.082979,18,250.082005,clay
106.553442,9,254.426271,clay
102.333711,16,257.893382,diamond_ore
107.109705,10,261.670352,diamond_ore
107.630067,9,264.393315,diamond_ore
78.016244,29,269.149313,clay
97.042351,18,273.968288,clay
108.118127,9,277.394271,clay
87.492933,20,281.030251,log
101.921097,11,283.687222,log
111.56,5,286.08344,log
83.662575,25,290.349723,diamond_ore
105.914281,10,293.352184,diamond_ore
76.888129,31,297.741142,diamond_ore
89.19355,21,301.974893,diamond_ore
106.283913,9,304.641629,diamond_ore
105.663913,11,308.021906,diamond_ore
96.349705,14,310.887086,diamond_ore
104.96,9,313.627083,diamond_ore
68.56,34,317.877132,diamond_ore
107.013913,10,320.774546,log
107.68,7,323.49498,log
112.61,5,325.911174,log
106.263913,10,328.77585,clay
108.08,7,331.378732,clay
87.3,20,335.584164,clay
99.630689,14,338.551969,diamond_ore
100.441097,14,341.639652,diamond_ore
78.524277,29,345.442168,diamond_ore
107.611219,10,348.309325,log
70.976625,40,354.537441,log
91.431486,21,359.590948,log
101.698956,14,362.474402,clay
92.869519,19,367.305437,clay
101.924475,13,371.545923,clay
96.018127,16,374.912988,log
106.332942,10,378.976381,log
107.720205,9,381.737641,log
68.26,49,387.157698,clay
98.644233,12,390.044672,clay
78.438211,29,394.198657,clay
107.737655,9,397.078001,diamond_ore
90.53,17,400.243623,diamond_ore
107.48,7,402.766941,diamond_ore
107.625189,10,405.409791,clay
103.538846,14,408.604582,clay
105.421097,10,411.684472,clay
81.47,23,416.506479,diamond_ore
91.58803,19,419.606226,diamond_ore
106.636625,9,422.681792,diamond_ore
62.73,52,428.447034,log
90.769397,21,432.008545,log
106.981097,9,434.743558,log
103.961569,11,438.491834,diamond_ore
107.823913,9,441.261396,diamond_ore
105.92762,12,444.123348,diamond_ore
77.95,26,448.221554,clay
67.67,69,453.927537,clay
111.396458,7,456.480638,clay
74.461394,31,460.859681,log
72.937108,34,465.291686,log
99.404198,16,469.074594,log
100.793061,13,473.302156,log
111.5,6,475.609901,log
71.08,28,479.241385,log
91.419346,21,482.601181,clay
87.542146,23,486.043143,clay
75.237312,39,490.812153,clay
113.040492,5,493.310438,log
83.126625,20,498.372989,log
102.299079,15,501.418739,log
97.044902,17,506.108057,log
111.75,5,509.018043,log
105.97,8,511.669218,log
76.032963,32,516.014805,diamond_ore
104.580472,10,520.389985,diamond_ore
107.291069,10,523.539968,diamond_ore
106.54,6,526.158048,clay
69.540205,16,529.396315,clay
94.791071,19,532.613092,clay
103.271097,10,535.561294,log
96.128385,20,540.142074,log
95.842536,17,543.764628,log
100.79434,14,548.291946,diamond_ore
88.846244,22,551.508001,diamond_ore
99.089532,15,554.302807,diamond_ore
86.469616,24,558.057614,diamond_ore
-0.5,100,565.989085,diamond_ore
104.560492,7,568.705215,diamond_ore
106.983913,9,571.558258,clay
92.758906,20,575.192137,clay
108.020067,10,578.138687,clay
101.151069,15,581.25475,clay
68.05,50,585.946524,clay
111.75,5,588.817721,clay
102.203913,13,592.399302,log
98.73,12,595.473827,log
72.78,27,599.061084,log
98.161424,16,602.529624,diamond_ore
76.15,26,606.124406,diamond_ore
74.54,27,609.549728,diamond_ore
105.861842,10,613.240944,clay
72.08,37,618.234667,clay
110.24,6,620.986452,clay
102.163913,11,623.869447,log
91.490632,21,627.571719,log
89.531221,21,630.990158,log
113.030492,5,634.178429,diamond_ore
101.471569,13,637.536846,diamond_ore
105.533913,10,640.176881,diamond_ore
3.35,100,648.428797,clay
93.899399,19,651.842921,clay
99.374317,17,654.909742,clay
107.650067,9,658.670434,log
96.092035,18,662.2181,log
74.692828,30,666.519341,log
112.980492,5,669.51318,clay
108.846125,9,672.158982,clay
74.448775,43,677.166043,clay
106.030472,10,680.121761,diamond_ore
89.452818,23,684.728912,diamond_ore
94.034514,18,688.341859,diamond_ore
108.05,7,691.120616,log
85.070407,26,695.107152,log
94.846436,17,698.178046,log
106.279051,10,701.604019,diamond_ore
109.948145,9,704.548997,diamond_ore
78.166982,43,709.408144,diamond_ore
78.083443,33,714.414129,diamond_ore
102.316706,13,717.439124,diamond_ore
93.356806,19,722.007937,diamond_ore
96.887097,12,724.938189,clay
111.75,5,728.401894,clay
76.909864,32,732.541234,clay
5.6,100,740.193179,clay
93.611841,20,745.442075,clay
96.924475,13,748.2751,clay
102.18,12,751.126208,log
99.377655,10,753.743042,log
97.457493,15,757.393855,log
81.631877,24,760.771733,log
111.75,5,763.470737,log
91.69,16,767.96507,log
106.737655,9,771.030453,clay
83.630361,24,774.607239,clay
109.367627,9,777.37168,clay
102.300581,13,781.12271,diamond_ore
108.08,7,785.013358,diamond_ore
108.05,5,788.445338,diamond_ore
100.296806,15,791.602694,clay
4.3,100,799.906034,clay
109.960492,7,802.4975,clay
111.75,5,805.489134,clay
77.918541,38,812.381558,clay
108.141097,9,815.204216,clay
100.141281,15,818.812172,log
106.063913,10,822.013907,log
106.41,9,825.362427,log
110.44,6,828.228493,clay
99.765402,16,831.685393,clay
105.858127,12,834.715289,clay
109.79,7,838.418318,log
103.901219,11,841.321298,log
97.864585,18,844.18709,log
103.031569,12,847.50826,log
105.73,8,851.122929,log
66.27,39,855.280867,log
86.144317,25,859.083703,diamond_ore
100.005452,12,862.415182,diamond_ore
108.013647,10,865.106155,diamond_ore
81.276806,27,870.382969,diamond_ore
106.000472,9,873.158941,diamond_ore
87.118211,23,877.05421,diamond_ore
98.327828,17,880.511892,diamond_ore
104.51,9,883.228561,diamond_ore
84.73,22,886.903056,diamond_ore
96.816806,18,891.546865,log
93.95812,19,894.831007,log
107.760472,8,897.420755,log
104.213913,11,900.496506,diamond_ore
107.411569,9,903.389956,diamond_ore
108.404358,10,906.225108,diamond_ore
97.150201,18,909.57701,clay
72.951869,32,913.778043,clay
90.197843,23,917.581939,clay
103.669908,14,920.63112,clay
102.068092,14,924.418289,clay
77.07185,30,928.750369,clay
102.483913,13,931.958124,diamond_ore
87.009631,25,935.902293,diamond_ore
102.261069,13,938.613406,diamond_ore
111.16,5,941.162171,clay
98.541097,13,944.324857,clay
113.01,5,946.744701,clay
88.781966,22,950.922693,log
104.787655,10,953.556153,log
102.366625,12,956.189609,log
99.737655,15,960.778226,log
105.57,8,963.796922,log
111.16,5,966.357878,log
103.248079,12,969.278774,diamond_ore
106.240492,9,972.042232,diamond_ore
100.66,11,975.069257,diamond_ore
106.000581,11,978.336468,clay
103.670472,11,981.430301,clay
106.200472,9,984.19477,clay
107.487627,11,987.100032,clay
97.740173,18,990.291511,clay
92.971677,20,993.88313,clay
107.146234,12,996.755678,clay
99.07,13,999.870839,clay
113.230492,5,1003.408082,clay
95.894475,17,1006.588991,log
93.85,15,1009.925672,log
109.960492,7,1013.458687,log
99.299532,15,1016.575344,diamond_ore
103.33,9,1019.239348,diamond_ore
108.08,7,1022.198334,diamond_ore
104.77,9,1024.972253,diamond_ore
109.680067,9,1027.888142,diamond_ore
75.572757,35,1033.592272,diamond_ore
107.630067,9,1036.363976,diamond_ore
94.058689,19,1039.668272,diamond_ore
73.192155,49,1044.849917,diamond_ore
103.680492,10,1049.695511,log
90.870719,20,1052.958116,log
108.208145,9,1055.853253,log
73.346077,59,1062.779161,log
90.951399,19,1066.491849,log
102.736873,13,1071.151829,log
106.527655,10,1073.856267,diamond_ore
105.88,8,1078.286059,diamond_ore
107.341588,6,1080.945203,diamond_ore
93.630511,18,1084.159613,log
106.636625,9,1086.970762,log
101.850067,12,1090.248095,log
113.01,5,1092.766805,clay
101.762829,15,1096.010566,clay
102.320472,11,1099.046355,clay
101.849054,14,1103.74133,log
99.483913,13,1106.76233,log
103.748065,11,1109.615414,log
108.118127,9,1112.793728,clay
107.73409,9,1117.126603,clay
101.71,11,1120.104818,clay
90.461097,18,1123.0599,clay
106.578127,10,1125.999317,clay
89.469726,23,1129.725839,clay
101.146578,14,1132.662383,diamond_ore
90.475244,23,1136.378448,diamond_ore
102.67588,13,1140.191785,diamond_ore
73.898127,38,1144.273511,diamond_ore
105.902279,12,1147.329541,diamond_ore
100.154475,15,1150.60506,diamond_ore
105.683913,10,1153.294871,log
103.4,10,1156.308056,log
111.77,5,1158.853354,log
91.27333,21,1162.605406,clay
112.61,5,1164.933892,clay
111.75,5,1167.742911,clay
103.153413,11,1170.54343,log
94.947187,17,1173.65404,log
94.26648,19,1177.04632,log
103.17409,11,1179.688745,clay
102.449519,13,1182.503478,clay
86.914298,17,1185.881437,clay
79.520046,27,1189.707901,log
103.45,10,1192.55438,log
109.091097,8,1195.348871,log
97.714475,15,1198.211874,diamond_ore
100.450361,15,1201.503525,diamond_ore
98.646244,16,1204.745532,diamond_ore
80.651728,28,1208.594229,log
102.650348,13,1211.815776,log
100.383913,13,1214.866321,log
109.64,6,1217.504287,diamond_ore
93.54161,20,1220.976445,diamond_ore
89.203547,24,1225.898632,diamond_ore
98.763442,13,1229.131725,diamond_ore
108.410492,8,1231.935022,diamond_ore
113.01,5,1234.54588,diamond_ore
76.799374,43,1239.695794,clay
108.786873,11,1242.726674,clay
104.997422,12,1245.605911,clay
108.389705,10,1248.757623,clay
103.870081,13,1252.146125,clay
102.694281,12,1255.457932,clay
78.334122,32,1259.797243,diamond_ore
101.591291,15,1262.665182,diamond_ore
105.599129,10,1265.69367,diamond_ore
103.4,10,1269.6118,clay
90.441097,18,1272.985091,clay
104.043932,12,1277.27371,clay
107.336641,11,1280.167959,log
96.404661,16,1283.54331,log
107.823913,9,1287.110943,log
105.691069,11,1289.739354,diamond_ore
107.48,7,1292.616915,diamond_ore
101.985433,12,1296.720331,diamond_ore
95.716625,16,1299.566197,log
102.25,11,1302.294151,log
95.884028,13,1305.533471,log
81.357659,28,1309.748185,log
106.54,6,1312.149819,log
112.61,5,1314.437804,log
97.691221,13,1317.81077,diamond_ore
105.808127,10,1320.817722,diamond_ore
109.638127,8,1323.340052,diamond_ore
98.77262,16,1326.547951,clay
96.789327,17,1329.857772,clay
73.958591,48,1335.910848,clay
106.729973,10,1338.994523,log
103.4,10,1341.954442,log
111.15,5,1344.347075,log
100.578127,13,1347.554049,clay
108.08,7,1350.443849,clay
96.79,13,1354.588976,clay
90.62157,20,1358.184954,log
74.761766,32,1362.618148,log
93.241947,21,1366.724765,log
103.050472,8,1369.677974,log
109.818127,9,1372.317623,log
94.044686,18,1376.165444,log
106.74164,11,1379.232924,clay
107.828127,9,1382.182432,clay
109.047627,10,1385.149123,clay
111.16,5,1387.428423,diamond_ore
110.880492,6,1390.533893,diamond_ore
100.04,11,1393.795654,diamond_ore
108.68,7,1396.725029,diamond_ore
103.744233,12,1400.545363,diamond_ore
93.092058,20,1404.166306,diamond_ore
108.751097,7,1406.768905,clay
103.393366,14,1409.691285,clay
79.196861,49,1414.73011,clay
96.187307,17,1419.278435,diamond_ore
96.37079,19,1422.552806,diamond_ore
86.261728,20,1426.250287,diamond_ore
83.678211,25,1429.905441,clay
113.01,5,1432.298181,clay
90.131097,19,1436.678639,clay
104.89,11,1439.961144,log
110.44,6,1442.735857,log
113.01,5,1445.074172,log
91.643647,20,1448.366709,diamond_ore
87.760472,8,1451.006593,diamond_ore
92.821781,18,1454.523398,diamond_ore
111.6,5,1456.902329,clay
98.222239,18,1460.259033,clay
92.512035,19,1463.761852,clay
86.801863,23,1467.866044,clay
105.808127,10,1470.721109,clay
102.474952,14,1473.915761,clay
91.525392,21,1477.410939,log
95.960994,17,1480.829975,log
109.221069,9,1483.950805,log
72.603889,58,1489.294026,log
106.558127,10,1492.557887,log
102.357627,14,1496.101346,log
92.939386,16,1499.669392,diamond_ore
106.48,8,1502.880113,diamond_ore
111.16,5,1505.300769,diamond_ore
107.161097,6,1507.890347,diamond_ore
89.974009,23,1512.431406,diamond_ore
99.709616,16,1515.47468,diamond_ore
79.800456,26,1520.332706,diamond_ore
103.726154,13,1523.535814,diamond_ore
74.716838,32,1527.935253,diamond_ore
105.349567,11,1530.997806,clay
104.40409,7,1533.683682,clay
106.8,5,1536.497436,clay
105.830472,10,1540.128381,diamond_ore
107.358312,9,1543.215319,diamond_ore
104.640472,10,1546.013914,diamond_ore
106.799705,10,1548.953027,log
74.269936,46,1554.716779,log
102.667314,13,1557.99068,log
92.0952,21,1561.568563,log
94.09,16,1565.910232,log
66.891966,82,1573.356033,log
86.528689,24,1577.616811,clay
98.131781,12,1580.691377,clay
104.891569,11,1583.753162,clay
111.75,5,1586.884106,log
104.012239,14,1590.298396,log
108.323175,9,1593.193281,log
100.265467,16,1597.052187,diamond_ore
107.800492,8,1600.010428,diamond_ore
93.521097,16,1603.424251,diamond_ore
75.70821,42,1608.181892,clay
97.045244,16,1611.784595,clay
103.863913,11,1614.622288,clay
95.098127,16,1618.418378,log
107.93,7,1621.194334,log
108.08,7,1624.433328,log
103.6,10,1627.947659,log
100.521364,13,1632.167428,log
82.665661,28,1636.226687,log
100.729346,14,1639.795729,log
92.730738,20,1643.413057,log
88.02202,24,1646.991207,log
113.01,5,1649.690473,clay
109.93,7,1652.345514,clay
108.04,7,1655.311377,clay
110.001588,7,1658.324662,clay
105.943647,11,1660.930278,clay
101.520472,12,1664.15042,clay
106.719973,10,1667.278968,clay
102.699519,13,1670.907461,clay
104.857637,14,1673.937517,clay
111.75,5,1676.518105,diamond_ore
107.3,7,1680.601951,diamond_ore
113.01,5,1684.441706,diamond_ore
99.68,12,1687.846184,diamond_ore
101.643293,13,1690.895937,diamond_ore
103.701569,11,1694.004067,diamond_ore
75.955675,36,1699.027387,diamond_ore
74.355106,51,1703.914732,diamond_ore
102.866873,13,1707.413267,diamond_ore
95.995039,18,1710.779954,diamond_ore
106.201569,10,1713.937792,diamond_ore
104.838874,12,1717.080103,diamond_ore
92.447506,20,1721.609221,clay
105.71,9,1725.574615,clay
111.75,5,1728.495601,clay
89.996961,22,1733.193041,log
106.141069,11,1735.919683,log
90.799245,20,1740.666412,log
113.040492,5,1744.514158,diamond_ore
105.231986,12,1747.518306,diamond_ore
103.000067,12,1750.709945,diamond_ore
91.671633,18,1754.525167,clay
109.818127,9,1757.133339,clay
103.813913,10,1760.758267,clay
99.158127,15,1764.112548,log
92.101986,19,1767.790438,log
104.080472,10,1770.758591,log
100.98355,14,1774.064216,diamond_ore
96.97,13,1777.379217,diamond_ore
112.975966,6,1781.278091,diamond_ore
89.318127,9,1784.212279,clay
77.555038,35,1788.38847,clay
105.440078,8,1791.245269,clay
104.69,6,1793.896781,log
92.921097,5,1796.754689,log
3.398461,100,1804.641312,log
92.756451,18,1808.127656,clay
106.240472,9,1811.474888,clay
94.680464,18,1815.330761,clay
109.98,7,1818.098655,log
80.381097,24,1821.87309,log
109.64,6,1824.671865,log
108.323175,9,1827.430434,clay
111.16,5,1830.086281,clay
111.49,6,1832.703369,clay
109.948145,9,1835.611793,log
103.097655,13,1838.527436,log
103.157655,12,1841.690384,log
90.112985,18,1844.868013,log
98.884063,16,1849.360052,log
105.173913,10,1851.981657,log
107.73,7,1854.528689,diamond_ore
101.236906,13,1857.826354,diamond_ore
103.890472,10,1860.788841,diamond_ore
98.760067,11,1863.831033,diamond_ore
99.46,14,1867.134946,diamond_ore
100.726641,12,1870.449847,diamond_ore
108.698092,11,1873.850279,clay
95.192893,19,1876.925889,clay
108.567922,9,1879.711738,clay
97.72,13,1883.649209,diamond_ore
109.93,7,1886.265295,diamond_ore
105.62,9,1888.794996,diamond_ore
109.299973,8,1891.681726,log
90.656014,21,1895.476016,log
107.340472,9,1898.402122,log
108.64,7,1901.47968,clay
102.282788,14,1904.636581,clay
77.505527,38,1909.431371,clay
109.920492,7,1912.325767,log
112.61,5,1914.685562,log
109.64,6,1917.696308,log
99.673501,13,1920.982765,clay
100.522536,12,1924.024556,clay
109.968145,9,1926.878944,clay
108.08,7,1929.671018,diamond_ore
110.136724,9,1933.538073,diamond_ore
103.797627,12,1936.568422,diamond_ore
111.56,5,1939.094204,log
97.067086,18,1943.144372,log
88.261569,15,1946.304879,log
111.520492,6,1949.22143,diamond_ore
75.937055,36,1954.015722,diamond_ore
93.850445,19,1957.807261,diamond_ore
106.981097,9,1961.066431,diamond_ore
110.21,6,1964.035426,diamond_ore
108.08,7,1966.597121,diamond_ore
107.797422,10,1971.002791,clay
111.75,5,1974.004118,clay
107.93,7,1977.250873,clay
105.738092,12,1980.459552,log
106.381097,9,1983.351473,log
111.75,5,1986.159786,log
107.918127,9,1989.400845,diamond_ore
83.683613,26,1993.598735,diamond_ore
78.240435,49,1998.996366,diamond_ore
95.695722,19,2002.621139,clay
109.077627,9,2005.509125,clay
74.18018,35,2009.834839,clay
104.752058,13,2012.854952,clay
111.75,5,2016.884734,clay
108.08,7,2020.887029,clay
108.300472,8,2024.020289,log
89.211569,9,2027.212128,log
80.164748,26,2031.210319,log
102.786806,13,2034.297042,diamond_ore
105.93,8,2037.278451,diamond_ore
109.960492,7,2040.7023,diamond_ore
105.82,8,2043.689065,diamond_ore
97.172877,17,2047.228903,diamond_ore
78.653012,31,2051.348876,diamond_ore
76.293733,31,2055.512959,log
102.916625,11,2059.269726,log
95.893576,18,2062.986542,log
107.785421,10,2066.179641,clay
103.427989,12,2069.238726,clay
107.583913,9,2071.791558,clay
105.29,6,2074.933319,log
109.8,6,2077.488087,log
97.82,13,2080.658142,log
100.456244,15,2083.744041,diamond_ore
103.562536,14,2088.696485,diamond_ore
92.267784,20,2092.361183,diamond_ore
97.145614,18,2096.365285,clay
108.08,7,2099.455249,clay
107.48,7,2102.172353,clay
107.236625,9,2105.128048,diamond_ore
79.242842,28,2109.754587,diamond_ore
99.532893,15,2112.994643,diamond_ore
108.567922,9,2116.318885,log
98.873913,14,2119.318994,log
104.023847,8,2123.510924,log
104.360492,7,2126.39215,diamond_ore
113.0,5,2129.023391,diamond_ore
108.08,7,2131.802544,diamond_ore
85.09731,24,2135.36823,log
99.245415,15,2139.333922,log
109.680067,9,2142.176051,log
105.385966,10,2145.441789,clay
100.030472,10,2148.226771,clay
86.47505,23,2151.909229,clay
93.925039,20,2155.376857,clay
105.729619,10,2158.244949,clay
83.379581,27,2162.408291,clay
104.153061,12,2165.648272,clay
111.378127,8,2168.970232,clay
99.190458,16,2172.389236,clay
108.083914,9,2175.1701,clay
104.6695,12,2178.361486,clay
98.15803,15,2182.09293,clay
95.61,15,2185.062913,log
109.258312,9,2189.319157,log
105.099058,13,2192.67636,log
100.863061,13,2196.063658,log
111.49,6,2198.927232,log
108.751097,7,2202.280415,log
102.368874,13,2205.020791,diamond_ore
77.023082,29,2209.022398,diamond_ore
73.607287,49,2213.514983,diamond_ore
102.8,10,2216.33534,log
75.713258,35,2220.746023,log
76.931762,35,2225.129194,log
108.08,7,2227.915197,diamond_ore
100.336014,15,2232.537021,diamond_ore
106.190472,9,2236.89591,diamond_ore
111.77,5,2239.599059,clay
111.75,5,2242.76563,clay
111.56,5,2245.390568,clay
102.454069,12,2248.716455,diamond_ore
105.641097,9,2251.727257,diamond_ore
109.33,7,2255.650424,diamond_ore
80.2315,28,2259.441854,clay
106.083913,9,2262.715194,clay
107.518079,10,2265.848042,clay
103.035606,13,2269.543264,clay
109.46,6,2272.376072,clay
111.75,5,2275.086066,clay
101.130835,15,2278.519177,log
108.64,7,2281.50251,log
109.64,6,2284.144334,log
105.848551,11,2286.710619,diamond_ore
102.657938,13,2289.851149,diamond_ore
85.274171,25,2293.778584,diamond_ore
99.05803,15,2296.899314,log
75.571733,30,2301.834294,log
108.343175,9,2304.313536,log
98.380029,16,2307.466263,log
95.213215,20,2311.365926,log
98.1673,16,2315.58305,log
102.8,10,2319.260145,diamond_ore
89.050975,22,2322.989424,diamond_ore
98.418484,13,2326.153404,diamond_ore
109.023913,9,2329.789423,clay
103.888127,12,2332.647413,clay
77.21113,55,2338.690139,clay
111.378127,8,2342.007289,diamond_ore
98.17,13,2346.349197,diamond_ore
102.93,7,2349.433211,diamond_ore
107.223061,10,2352.519242,clay
111.75,5,2355.552668,clay
107.350492,8,2358.546035,clay
102.655844,12,2361.755999,log
80.468434,27,2367.148254,log
107.391691,10,2370.361381,log
110.21,6,2373.176633,diamond_ore
104.211364,11,2376.23898,diamond_ore
94.494233,19,2379.987518,diamond_ore
78.115221,36,2384.264156,log
105.373391,13,2387.396582,log
100.638092,12,2390.496544,log
110.24,6,2393.23685,clay
87.720362,23,2397.092051,clay
86.068231,25,2400.747455,clay
101.039032,15,2404.197438,diamond_ore
76.896565,32,2408.383031,diamond_ore
104.767844,13,2411.225246,diamond_ore
106.578127,10,2414.200992,clay
102.871097,11,2417.08003,clay
109.068127,9,2420.247768,clay
108.08,7,2423.245888,diamond_ore
104.69,6,2426.070851,diamond_ore
108.53,7,2428.784825,diamond_ore
108.986625,9,2431.946831,log
108.751097,7,2434.449638,log
101.84,11,2437.545712,log
106.099703,12,2440.899051,diamond_ore
113.01,5,2443.38369,diamond_ore
101.29,11,2446.677816,diamond_ore
105.738092,12,2450.098093,clay
101.547655,14,2452.696712,clay
107.176908,10,2455.918674,clay
101.740548,14,2459.61644,clay
102.473906,13,2463.667916,clay
100.996647,15,2467.052128,clay
109.648145,9,2470.019672,diamond_ore
105.890472,10,2472.777395,diamond_ore
95.665013,18,2477.499578,diamond_ore
111.75,5,2480.482353,clay
95.097656,15,2483.410983,clay
105.74,6,2485.954139,clay
92.721242,21,2489.72151,log
102.995011,12,2493.52401,log
103.118128,12,2497.008544,log
105.12,10,2501.24786,log
109.765966,7,2504.108978,log
103.96,9,2507.044825,log
106.391097,9,2509.731705,diamond_ore
76.669009,31,2514.41201,diamond_ore
93.29613,21,2517.814356,diamond_ore
107.27,8,2520.813554,log
112.266206,8,2523.889978,log
86.814688,24,2527.341396,log
108.73,7,2530.347819,clay
108.09,7,2532.956704,clay
111.75,5,2535.796184,clay
111.49,6,2538.655241,clay
109.007627,10,2541.845228,clay
103.533647,13,2544.928209,clay
104.973098,13,2547.998591,clay
75.43624,44,2553.949616,clay
100.75335,16,2557.153322,clay
109.61,6,2560.106755,log
107.360205,10,2563.248064,log
105.197655,10,2566.000948,log
76.130441,33,2570.769716,log
108.378127,9,2573.698103,log
103.062203,13,2576.695174,log
112.980492,5,2579.88922,diamond_ore
111.525966,6,2582.972117,diamond_ore
113.01,5,2585.515806,diamond_ore
106.790472,9,2589.158563,log
87.66,19,2592.813191,log
110.75,6,2596.897472,log
89.095722,23,2600.767331,diamond_ore
91.879249,19,2605.453639,diamond_ore
74.677872,33,2610.150041,diamond_ore
93.407655,19,2613.548709,diamond_ore
104.811569,11,2616.33097,diamond_ore
90.317643,21,2620.036016,diamond_ore
98.389041,16,2623.265134,log
112.61,5,2625.582467,log
109.18,7,2628.287223,log
109.46,6,2631.007544,log
107.843913,9,2634.799304,log
100.53,12,2638.299924,log
106.878784,11,2641.42015,diamond_ore
108.118127,9,2644.596947,diamond_ore
103.033343,13,2647.752396,diamond_ore
107.191097,8,2650.872549,clay
105.292942,11,2655.434651,clay
71.505692,44,2660.301799,clay
93.19516,21,2663.956975,diamond_ore
87.973434,24,2668.22485,diamond_ore
105.593442,10,2671.545716,diamond_ore
99.34318,16,2674.880381,diamond_ore
92.85,16,2678.199759,diamond_ore
93.65,16,2681.326152,diamond_ore
106.47,9,2684.122546,log
73.48468,53,2690.274732,log
102.453343,14,2693.726924,log
98.392933,17,2697.176177,clay
97.851877,17,2701.511355,clay
104.501569,11,2704.245343,clay
106.54478,12,2707.423188,clay
108.751097,7,2711.581802,clay
105.631588,7,2713.952814,clay
107.33,7,2716.649732,clay
86.855517,24,2720.181211,clay
84.335204,23,2723.805021,clay
106.520492,6,2726.743927,diamond_ore
96.269129,18,2730.221859,diamond_ore
86.676194,22,2733.274187,diamond_ore
96.281097,15,2737.571995,clay
108.68,7,2740.44673,clay
105.651097,9,2742.925203,clay
110.110492,7,2746.214353,clay
107.307627,10,2749.699009,clay
97.657655,12,2752.597866,clay
110.44,6,2755.591693,log
110.2,6,2758.089407,log
89.19,17,2761.6817,log
108.53,7,2764.617028,log
106.973913,9,2767.664091,log
105.663413,11,2770.91638,log
106.240472,9,2775.567165,log
105.35,10,2779.481361,log
99.49,11,2782.493029,log
104.531097,10,2785.556072,diamond_ore
93.687847,19,2790.361651,diamond_ore
104.348406,13,2793.803274,diamond_ore
109.218127,9,2796.582126,diamond_ore
101.25,11,2799.945776,diamond_ore
107.48,7,2802.69626,diamond_ore
109.72,8,2805.633989,log
83.402706,25,2809.557804,log
100.425946,13,2812.331774,log
101.24,11,2815.804256,diamond_ore
109.33,7,2818.780295,diamond_ore
104.17,9,2821.561236,diamond_ore
100.280538,13,2824.831925,log
95.057203,17,2828.211247,log
93.496025,18,2831.604987,log
100.588835,14,2835.106511,log
91.69,16,2838.383166,log
98.23,12,2841.595577,log
81.187312,29,2845.686101,clay
107.200581,11,2848.693636,clay
107.498145,10,2851.787218,clay
109.971569,9,2854.565134,clay
103.151097,7,2858.46249,clay
107.341588,6,2861.329562,clay
94.951405,18,2865.079219,diamond_ore
77.354941,40,2869.935699,diamond_ore
74.304957,39,2875.069988,diamond_ore
84.903913,21,2878.604155,diamond_ore
105.599129,10,2881.781489,diamond_ore
93.216066,19,2885.116127,diamond_ore
110.74,6,2889.203351,clay
106.350472,10,2892.258923,clay
95.911313,18,2897.550269,clay
93.590039,18,2901.042393,log
77.651864,48,2905.779151,log
103.061986,14,2908.805241,log
106.67,8,2911.502703,diamond_ore
104.687655,11,2914.348034,diamond_ore
111.378127,8,2917.568196,diamond_ore
97.772871,16,2920.513177,log
108.68,7,2923.821458,log
106.16,9,2926.779337,log
110.19,6,2929.678315,log
76.414156,35,2934.13601,log
106.740472,9,2937.047863,log
96.06,14,2940.167983,clay
106.240472,9,2943.396323,clay
107.48409,10,2946.655237,clay
85.67,20,2949.771098,diamond_ore
107.29,8,2952.649174,diamond_ore
108.08,7,2956.136748,diamond_ore
77.143258,31,2960.295004,clay
99.874113,12,2964.685138,clay
103.629519,13,2967.956842,clay
105.395217,11,2971.130579,diamond_ore
73.143551,36,2975.745891,diamond_ore
89.352058,18,2979.050366,diamond_ore
98.0307,17,2982.37783,clay
109.59,6,2985.326591,clay
106.381097,9,2988.646332,clay
108.447627,10,2992.004027,diamond_ore
103.155402,13,2995.444612,diamond_ore
105.958127,10,2998.679686,diamond_ore
104.116806,14,3001.707467,diamond_ore
111.56,5,3005.083961,diamond_ore
96.57,14,3008.310024,diamond_ore
98.936884,15,3012.807009,log
105.111097,11,3016.646905,log
108.401502,10,3019.933703,log
107.48,7,3022.571692,clay
107.191097,8,3025.560503,clay
93.81,4,3028.460546,clay
71.880064,47,3033.542606,diamond_ore
106.981097,9,3036.877586,diamond_ore
102.226625,12,3039.980341,diamond_ore
105.631588,7,3042.793527,clay
98.19644,13,3045.728207,clay
99.70498,15,3050.231827,clay
108.57,8,3053.352837,clay
94.138362,20,3058.115367,clay
92.324373,17,3061.821645,clay
107.843913,9,3065.253392,log
110.581588,7,3068.265508,log
99.628874,13,3072.961961,log
105.73,9,3075.750206,log
103.649141,12,3079.113984,log
65.481333,41,3083.629484,log
84.675945,24,3087.523275,log
106.187627,11,3092.115381,log
88.263913,20,3095.94691,log
93.883463,19,3099.110647,diamond_ore
108.7,7,3101.819058,diamond_ore
111.16,5,3104.185198,diamond_ore
105.205402,13,3107.433219,clay
104.326908,12,3110.494767,clay
106.201569,10,3113.503998,clay
96.457089,19,3118.27856,clay
83.454025,26,3122.480793,clay
108.303442,9,3125.566977,clay
81.332439,27,3129.790803,diamond_ore
77.104503,31,3135.340127,diamond_ore
74.032795,52,3140.912236,diamond_ore
102.8,10,3144.111003,log
80.167841,26,3148.153408,log
94.741702,19,3152.138155,log
105.833913,9,3155.003931,clay
112.61,5,3157.311953,clay
99.441097,13,3160.148767,clay
80.185884,29,3164.444919,diamond_ore
107.187627,11,3167.796085,diamond_ore
88.044477,23,3171.637824,diamond_ore
91.131569,13,3174.828805,log
111.061097,6,3177.852975,log
92.73,17,3181.351303,log
93.111097,16,3184.903642,log
96.720341,12,3188.302203,log
88.285722,24,3192.041011,log
104.606014,13,3195.67426,clay
106.876168,11,3199.039759,clay
108.323175,9,3202.141551,clay
106.750472,9,3204.914023,clay
103.663089,9,3208.885703,clay
97.250458,17,3211.971009,clay
102.786668,13,3216.221259,log
106.131097,9,3219.973782,log
107.782994,8,3222.710497,log
104.080472,11,3225.532458,diamond_ore
84.381863,26,3230.02156,diamond_ore
89.610363,24,3234.588562,diamond_ore
111.378127,8,3237.747044,log
101.487141,15,3240.776967,log
75.715586,41,3245.79005,log
101.85,11,3248.798965,clay
108.08,7,3251.581531,clay
109.44,6,3254.698972,clay
94.923913,15,3257.800995,diamond_ore
99.491514,13,3260.918778,diamond_ore
106.030472,10,3264.058575,diamond_ore
101.035571,12,3268.046734,diamond_ore
107.45,7,3270.939329,diamond_ore
109.351097,7,3273.842657,diamond_ore
103.450738,14,3276.933695,clay
95.195722,19,3280.5417,clay
99.031069,16,3284.024819,clay
111.09,6,3286.767811,log
99.751097,12,3289.886667,log
98.040472,15,3293.510991,log
107.360205,10,3296.760995,clay
81.637655,28,3300.778657,clay
96.111038,17,3304.00391,clay
102.880835,15,3307.789916,log
112.980492,5,3310.940738,log
108.08,7,3313.638614,log
79.573439,28,3317.749061,diamond_ore
108.03,7,3320.86329,diamond_ore
112.61,5,3324.767617,diamond_ore
109.948145,9,3328.106148,log
82.639616,27,3333.927953,log
108.300472,8,3337.174096,log
105.336625,9,3340.285125,diamond_ore
103.33,12,3343.299717,diamond_ore
87.900659,18,3346.717789,diamond_ore
104.716559,10,3349.765281,clay
108.360492,8,3352.856706,clay
99.651097,12,3356.201198,clay
101.320067,10,3359.217108,diamond_ore
80.875414,28,3364.653824,diamond_ore
92.815682,20,3368.184739,diamond_ore
112.61,5,3370.687906,clay
108.93,7,3373.731206,clay
109.64,6,3376.435975,clay
103.500251,14,3379.683363,diamond_ore
93.530492,5,3382.354624,diamond_ore
102.97,9,3385.074207,diamond_ore
111.75,5,3388.654521,diamond_ore
103.74409,13,3391.851268,diamond_ore
106.661569,10,3394.612076,diamond_ore
102.511097,11,3397.900626,clay
102.843834,13,3400.881611,clay
103.999491,12,3404.128632,clay
106.54,6,3406.924413,log
109.568127,9,3410.069107,log
78.786042,30,3414.657537,log
101.776559,11,3417.706991,log
104.380472,10,3420.941671,log
104.261569,11,3424.211292,log
95.998211,18,3427.871264,log
107.27,8,3430.772652,log
109.151097,7,3434.601237,log
109.043913,9,3437.098443,clay
106.493442,10,3440.285261,clay
110.147655,8,3443.566053,clay
105.49,6,3446.51959,diamond_ore
99.832543,16,3449.315272,diamond_ore
103.181097,11,3452.053305,diamond_ore
107.9,7,3454.978979,log
104.434563,12,3458.271247,log
108.610472,8,3460.981341,log
111.75,5,3463.911239,diamond_ore
102.995011,12,3467.276208,diamond_ore
85.12886,25,3471.96452,diamond_ore
109.45,6,3474.61101,log
88.943962,23,3478.40014,log
86.240472,9,3481.55522,log
103.840472,10,3484.793149,log
104.97,9,3487.649154,log
111.16,5,3489.998351,log
104.17161,13,3493.042139,diamond_ore
111.77,5,3495.900987,diamond_ore
106.16,9,3498.723388,diamond_ore
109.711569,9,3501.650064,clay
88.781097,9,3504.671139,clay
108.323175,9,3508.620029,clay
109.46,6,3511.478812,diamond_ore
104.638846,13,3515.01119,diamond_ore
73.919458,53,3520.69443,diamond_ore
111.49,6,3523.505168,clay
113.01,5,3526.183233,clay
111.75,5,3529.354958,clay
110.801588,7,3532.268839,clay
99.30038,15,3535.730385,clay
105.821364,10,3538.862639,clay
103.21409,11,3541.883862,log
103.330472,10,3545.176632,log
105.598198,11,3549.370823,log
102.66,10,3552.286368,clay
111.398127,8,3555.217019,clay
83.951391,25,3558.717605,clay
71.485244,58,3564.342751,diamond_ore
106.614317,13,3568.817702,diamond_ore
100.70762,12,3571.799995,diamond_ore
94.988814,18,3576.72365,diamond_ore
103.707922,12,3579.697427,diamond_ore
107.82409,10,3582.822675,diamond_ore
94.253061,17,3586.314783,diamond_ore
108.13,7,3589.223815,diamond_ore
111.56,5,3591.592125,diamond_ore
97.201097,17,3594.84003,log
94.712433,18,3598.693247,log
103.29,12,3601.85102,log
107.148646,10,3605.050133,clay
102.693139,12,3608.446395,clay
89.863442,8,3611.64554,clay
106.160205,10,3614.670133,clay
105.311097,6,3617.529826,clay
107.93,7,3620.431442,clay
78.447127,36,3625.147955,log
109.46,6,3627.977398,log
100.84,11,3631.536375,log
98.79091,13,3634.860272,clay
94.828592,18,3638.661035,clay
75.553469,39,3643.168432,clay
104.49,6,3645.952369,log
101.406908,13,3649.230237,log
94.960339,18,3652.651141,log
98.767627,13,3656.06141,log
94.299235,20,3659.615693,log
106.863442,9,3662.326596,log
107.27,8,3665.353562,diamond_ore
108.894063,10,3668.455321,diamond_ore
75.835161,49,3674.497898,diamond_ore
100.073149,15,3677.319225,diamond_ore
106.6,5,3680.131289,diamond_ore
108.555966,8,3684.323544,diamond_ore
109.961569,9,3687.436267,clay
102.988956,13,3690.59047,clay
103.049519,13,3693.862902,clay
107.248145,10,3697.046005,clay
102.29,11,3700.504013,clay
110.24,6,3703.411196,clay
97.593913,14,3706.731046,log
106.58,8,3709.464866,log
108.05,5,3712.275944,log
76.227613,44,3719.550738,diamond_ore
102.094281,12,3722.680892,diamond_ore
96.596053,18,3726.209922,diamond_ore
104.408127,11,3729.292378,diamond_ore
95.763186,19,3733.242193,diamond_ore
79.085049,33,3738.3309,diamond_ore
105.781097,9,3742.525831,clay
102.786806,13,3745.826305,clay
79.639712,30,3750.069111,clay
109.64,6,3753.610169,log
79.852126,28,3758.822186,log
103.878578,13,3762.014682,log
111.75,5,3764.768837,clay
108.323175,9,3767.864037,clay
103.080458,14,3771.196147,clay
111.56,5,3773.917796,diamond_ore
102.021781,14,3777.248132,diamond_ore
87.779472,24,3782.69504,diamond_ore
109.838127,9,3785.833646,diamond_ore
111.75,5,3790.496691,diamond_ore
109.321097,7,3793.491431,diamond_ore
107.463913,10,3796.485684,log
104.760989,13,3800.013526,log
106.303185,9,3803.103458,log
100.480039,14,3806.568932,log
98.944706,14,3811.067269,log
107.201097,8,3813.900519,log
106.740472,9,3816.934381,clay
113.040492,5,3819.682342,clay
98.111097,13,3822.828191,clay
107.921569,10,3825.899654,diamond_ore
106.52,8,3828.855635,diamond_ore
110.21,6,3831.514882,diamond_ore
87.760472,8,3834.443841,log
76.605599,45,3839.637599,log
79.312006,27,3844.084019,log
104.621069,12,3847.869804,clay
106.449129,10,3850.883199,clay
107.949129,10,3854.142031,clay
85.399642,26,3858.106604,clay
96.992496,17,3861.892598,clay
100.284317,16,3865.276515,clay
107.828127,9,3868.116688,clay
109.64,6,3871.240833,clay
111.75,5,3874.042114,clay
100.470472,13,3876.964444,log
111.16,5,3879.590657,log
108.08,7,3882.240577,log
97.063061,16,3885.784607,diamond_ore
108.011069,10,3888.319216,diamond_ore
106.750472,9,3891.186768,diamond_ore
104.641569,11,3894.517515,diamond_ore
103.729203,14,3897.998949,diamond_ore
108.190472,9,3901.233867,diamond_ore
107.67,8,3903.897353,log
107.027655,10,3907.901148,log
99.158127,15,3911.101631,log
87.872571,23,3914.987774,diamond_ore
105.57,8,3917.749381,diamond_ore
109.93,7,3920.55482,diamond_ore
101.080601,13,3923.529816,log
102.13,7,3927.549142,log
105.231097,9,3931.091827,log
108.221569,9,3933.902055,clay
103.049519,13,3937.880294,clay
105.004563,12,3941.091025,clay
104.130067,9,3944.036885,clay
90.582531,21,3947.41868,clay
106.740472,9,3950.509176,clay
105.74,6,3953.24096,diamond_ore
100.059959,13,3956.622272,diamond_ore
100.989733,13,3959.556046,diamond_ore
107.06,9,3962.786812,log
101.916625,11,3965.907466,log
106.163913,10,3969.103233,log
100.04,11,3972.024236,diamond_ore
106.877627,12,3976.635902,diamond_ore
78.031633,35,3981.082285,diamond_ore
109.53,7,3983.789965,log
86.351034,22,3987.384609,log
106.16,9,3990.353439,log
108.751097,7,3993.226511,clay
109.79,6,3996.172155,clay
106.164907,10,3999.431196,clay
108.08,7,4002.153933,clay
107.197627,11,4005.062207,clay
99.050923,16,4008.53614,clay
104.726559,9,4011.353049,log
106.67,8,4014.274084,log
110.21,6,4017.131173,log
108.751097,9,4020.172728,clay
111.49,6,4023.119319,clay
109.501097,7,4026.168054,clay
108.21,9,4029.195194,diamond_ore
94.955911,18,4032.761092,diamond_ore
75.37658,38,4037.595183,diamond_ore
99.317187,16,4040.440726,diamond_ore
94.673845,19,4044.270966,diamond_ore
106.303185,9,4047.248622,diamond_ore
103.000244,13,4051.707845,log
103.217288,13,4054.731915,log
90.972356,21,4059.133045,log
89.201137,22,4062.881755,log
106.935217,10,4065.831019,log
105.068145,12,4068.649933,log
105.190472,10,4071.685062,diamond_ore
113.340492,5,4074.59954,diamond_ore
109.61,6,4077.794073,diamond_ore
75.951443,37,4083.027384,clay
106.717922,11,4086.398367,clay
102.480205,12,4089.789183,clay
107.403647,10,4094.384121,log
82.241155,28,4098.685159,log
96.042356,17,4102.006949,log
106.761097,6,4104.929101,diamond_ore
107.251569,10,4108.121841,diamond_ore
99.581781,12,4111.48684,diamond_ore
94.946066,19,4115.1239,diamond_ore
105.861842,10,4118.976723,diamond_ore
91.465209,20,4122.604716,diamond_ore
90.01,19,4126.068212,log
94.335995,17,4130.108845,log
113.01,5,4132.680066,log
87.62,19,4136.008646,log
106.201569,10,4139.323933,log
88.461475,23,4143.469165,log
113.180492,5,4146.467628,clay
102.130205,14,4149.567209,clay
106.853442,9,4153.199015,clay
92.238354,20,4157.064355,clay
103.873293,12,4160.213775,clay
102.609346,11,4163.886002,clay
106.54,6,4166.773633,diamond_ore
95.374293,15,4170.032061,diamond_ore
111.75,5,4172.90646,diamond_ore
108.221569,9,4175.690123,clay
111.77,5,4178.55269,clay
109.64,6,4181.902036,clay
102.673913,11,4184.996101,diamond_ore
102.144475,13,4188.19427,diamond_ore
91.765402,20,4191.784263,diamond_ore
89.095722,23,4195.836542,diamond_ore
108.08,7,4198.590321,diamond_ore
108.68,7,4201.874254,diamond_ore
104.963913,10,4205.200929,clay
87.5007,25,4209.314889,clay
96.583845,18,4212.789755,clay
93.321677,20,4216.363903,clay
111.77,5,4219.816691,clay
103.18,7,4222.550741,clay
110.350472,8,4225.747805,log
109.739733,8,4228.932202,log
95.135675,18,4233.091482,log
108.378127,9,4236.072411,clay
107.001097,9,4238.734055,clay
99.505839,12,4241.860195,clay
88.782331,21,4245.363056,diamond_ore
101.524585,15,4248.967039,diamond_ore
106.636625,9,4252.705455,diamond_ore
107.828127,9,4256.884987,log
91.609456,21,4261.784955,log
107.710472,8,4264.771743,log
99.933913,13,4268.12746,log
111.75,5,4272.019816,log
69.773301,33,4276.267112,log
105.881842,10,4279.650828,clay
94.130936,19,4282.902074,clay
92.183941,20,4286.75805,clay
110.24,6,4289.357412,log
99.544563,11,4292.578142,log
91.984686,19,4296.450687,log
106.268127,10,4299.702449,clay
93.5,5,4303.523858,clay
109.44,6,4306.86212,clay
85.582037,25,4311.054235,diamond_ore
111.77,5,4314.015153,diamond_ore
111.75,5,4317.341375,diamond_ore
92.659286,20,4320.877437,log
104.926559,9,4323.806594,log
107.280472,10,4327.490601,log
109.051097,9,4330.167887,diamond_ore
93.683371,19,4333.549577,diamond_ore
108.430767,11,4337.719303,diamond_ore
87.953635,22,4341.617656,diamond_ore
96.788752,18,4345.143296,diamond_ore
100.150952,14,4350.039481,diamond_ore
112.61,5,4353.181335,clay
94.262829,19,4357.536915,clay
75.63543,39,4362.224387,clay
89.018217,20,4366.399613,log
112.61,5,4368.95838,log
86.65,20,4374.000384,log
105.076625,10,4377.037509,clay
105.100039,11,4380.766339,clay
87.173626,25,4385.057364,clay
97.58,12,4388.048179,diamond_ore
100.262083,15,4390.890755,diamond_ore
101.928127,14,4393.986293,diamond_ore
106.346311,11,4397.661386,log
75.69762,29,4402.178324,log
103.842871,12,4406.263259,log
98.811097,13,4409.383695,clay
107.48,7,4412.127699,clay
110.04,6,4415.108454,clay
74.651719,34,4419.653385,log
101.024949,14,4422.775861,log
93.134961,20,4428.400489,log
109.18,7,4432.119162,diamond_ore
108.611569,9,4435.209013,diamond_ore
101.230205,12,4438.530758,diamond_ore
106.932942,10,4441.629262,clay
98.339169,12,4445.093231,clay
87.069892,25,4450.209533,clay
111.75,5,4453.057756,log
108.09,7,4456.015065,log
111.56,5,4458.928268,log
78.208127,30,4462.738897,diamond_ore
108.891097,8,4466.655854,diamond_ore
111.09,6,4469.480831,diamond_ore
94.603428,18,4473.204804,clay
97.665682,18,4477.205793,clay
104.681097,10,4479.968312,clay
99.204539,13,4483.40049,diamond_ore
107.48,7,4486.094764,diamond_ore
110.201097,7,4488.976728,diamond_ore
75.333339,58,4495.640664,clay
101.816014,15,4498.948658,clay
98.62594,17,4502.382426,clay
111.77,5,4506.669506,diamond_ore
105.772536,12,4509.979542,diamond_ore
101.264949,15,4512.885853,diamond_ore
87.379616,23,4518.130256,diamond_ore
104.0,10,4520.905478,diamond_ore
96.731473,18,4524.747665,diamond_ore
106.2,5,4527.592508,clay
108.1,7,4530.683344,clay
105.47409,10,4533.874965,clay
74.998262,34,4540.178916,log
101.510472,12,4543.509763,log
103.413913,11,4546.848953,log
93.093605,20,4550.333019,log
104.96,9,4553.118087,log
105.13,9,4556.032981,log
102.82,10,4559.975919,log
75.40998,29,4564.536804,log
78.564068,33,4568.818758,log
97.330083,16,4572.625103,log
107.0,5,4575.491433,log
108.560492,8,4578.518164,log
99.12484,15,4581.838435,diamond_ore
100.032893,15,4585.44275,diamond_ore
102.380472,11,4588.464393,diamond_ore
97.273293,17,4591.774765,clay
86.741193,23,4595.866165,clay
97.040424,18,4599.449608,clay
68.592399,29,4603.514084,clay
75.765966,31,4608.021102,clay
92.589411,19,4611.449458,clay
111.75,5,4614.287235,log
92.061489,19,4617.94463,log
107.26,10,4621.03539,log
107.726625,10,4624.223974,diamond_ore
106.493442,10,4627.287953,diamond_ore
92.913755,20,4631.246135,diamond_ore
99.602316,15,4634.791935,log
104.623913,10,4637.435991,log
106.16,9,4640.639341,log
76.08262,36,4645.437638,clay
111.75,5,4648.69193,clay
85.927256,25,4652.829982,clay
104.684563,12,4657.624018,diamond_ore
107.191097,8,4660.804153,diamond_ore
102.65,10,4663.968557,diamond_ore
80.113439,29,4668.141708,log
92.675318,19,4671.787822,log
95.466634,14,4675.640878,log
93.022586,20,4680.083016,clay
108.800472,9,4683.153063,clay
79.594208,26,4687.128991,clay
108.323175,9,4691.514329,clay
108.09,7,4693.985888,clay
108.05,7,4696.762016,clay
74.929532,32,4702.480122,diamond_ore
76.158874,28,4706.746908,diamond_ore
83.603089,26,4710.869029,diamond_ore
104.581097,10,4713.567153,log
109.72,8,4716.673371,log
101.48,12,4719.858473,log
108.138127,9,4722.987388,diamond_ore
107.93,7,4725.929777,diamond_ore
110.24,6,4728.974045,diamond_ore
104.353913,13,4732.720673,clay
109.211069,9,4735.857496,clay
85.33793,24,4740.512113,clay
107.9,7,4744.585353,diamond_ore
85.482356,23,4749.39013,diamond_ore
97.34,17,4752.651324,diamond_ore
104.980492,10,4755.900017,log
94.41,15,4759.066072,log
107.27,8,4762.315008,log
105.54,11,4765.485188,diamond_ore
103.4,10,4768.836971,diamond_ore
106.251097,8,4771.735858,diamond_ore
113.180492,5,4775.084933,diamond_ore
95.532172,19,4778.851093,diamond_ore
95.828127,13,4782.483047,diamond_ore
108.08,7,4785.227622,log
102.921076,13,4788.75405,log
88.1456,23,4792.275037,log
99.052628,14,4795.809016,clay
107.88,7,4798.572003,clay
110.04,6,4801.894964,clay
109.023913,9,4806.046595,diamond_ore
104.023913,10,4809.06179,diamond_ore
92.800046,20,4812.715467,diamond_ore
88.07,19,4816.496089,clay
102.750067,12,4821.447391,clay
100.076106,14,4824.621853,clay
107.843913,9,4828.325978,log
108.43,7,4831.223602,log
105.00409,7,4834.419072,log
109.593913,9,4837.12013,clay
99.801297,13,4840.042928,clay
100.304113,15,4843.433719,clay
109.910492,7,4846.535127,log
109.023913,9,4849.471718,log
84.560546,24,4853.972991,log
102.693139,12,4857.449282,log
108.78,7,4860.006113,log
109.311097,7,4862.833178,log
101.294511,14,4866.396319,diamond_ore
105.74,6,4869.42787,diamond_ore
103.43,7,4871.990999,diamond_ore
106.57,10,4875.220307,log
100.863118,13,4878.287122,log
101.463061,13,4882.776093,log
104.154563,12,4886.180098,log
106.863442,9,4889.161253,log
100.240472,15,4892.586429,log
102.579346,14,4896.016418,diamond_ore
105.149456,13,4899.398122,diamond_ore
104.84,11,4902.827086,diamond_ore
102.739436,14,4906.403351,diamond_ore
100.474113,12,4909.491396,diamond_ore
108.731097,9,4912.676411,diamond_ore
89.196806,21,4916.339376,clay
104.687655,11,4919.464568,clay
107.531097,9,4922.659336,clay
70.911766,47,4927.502259,clay
88.548438,20,4932.338441,clay
100.0,10,4935.537215,clay
75.552853,30,4939.988438,clay
109.910492,7,4943.865995,clay
108.42,8,4947.2337,clay
96.753993,17,4951.687793,log
78.4998,25,4955.845538,log
91.074214,18,4960.037129,log
94.859295,20,4965.377177,diamond_ore
95.370817,19,4968.524441,diamond_ore
107.589973,9,4971.419687,diamond_ore
100.991638,16,4974.673018,diamond_ore
106.99,8,4977.653,diamond_ore
101.14,11,4980.848958,diamond_ore
105.981097,9,4984.707006,diamond_ore
90.611878,18,4987.778688,diamond_ore
97.965689,16,4992.589042,diamond_ore
85.523057,24,4996.993649,clay
108.798145,9,5000.302581,clay
105.511364,9,5003.336941,clay
76.724571,32,5007.78342,clay
103.299519,13,5011.776197,clay
108.300472,8,5014.885538,clay
89.961997,23,5018.405048,clay
110.44,6,5021.142332,clay
110.21,6,5023.960723,clay
102.383913,13,5026.926677,log
110.228127,8,5030.435897,log
102.920472,11,5033.636528,log
104.324963,12,5036.905228,log
103.41,10,5040.971442,log
112.61,5,5043.566173,log
92.422331,19,5047.977042,diamond_ore
106.049346,12,5052.357297,diamond_ore
101.051137,15,5056.149569,diamond_ore
105.427938,11,5059.102555,clay
108.48,7,5061.924537,clay
106.761097,6,5064.763531,clay
98.861972,17,5068.347503,log
101.109733,13,5072.861813,log
88.235905,20,5076.554968,log
110.44,6,5079.336959,clay
105.145809,12,5082.577461,clay
104.401219,12,5085.516306,clay
110.44,6,5088.41594,diamond_ore
109.18,7,5091.418288,diamond_ore
103.76,9,5094.326362,diamond_ore
97.2,15,5097.620188,log
110.21,6,5102.118488,log
101.09,11,5104.889059,log
84.664113,25,5109.15628,diamond_ore
73.442829,41,5114.032461,diamond_ore
75.343703,38,5118.883223,diamond_ore
110.201097,7,5122.084164,clay
103.987387,13,5125.660192,clay
106.013913,10,5128.708743,clay
107.9,7,5131.719154,log
101.481219,13,5134.551461,log
102.5,12,5137.605934,log
89.627713,21,5141.666816,log
97.008127,15,5144.947085,log
98.786625,14,5148.496693,log
104.680472,10,5153.382926,clay
95.516641,18,5157.449107,clay
84.488715,26,5161.344935,clay
105.676625,10,5164.273308,diamond_ore
80.021853,26,5168.321034,diamond_ore
109.46,6,5171.180286,diamond_ore
92.03753,19,5174.768707,log
100.297887,13,5177.917795,log
101.907355,12,5181.096803,log
108.004949,10,5184.869837,log
98.74,13,5188.870871,log
107.48,7,5192.272051,log
100.299249,12,5195.48729,clay
81.512808,28,5201.060314,clay
73.489616,42,5207.512003,clay
110.781588,7,5210.695884,diamond_ore
104.718145,12,5215.05795,diamond_ore
104.842626,13,5218.316338,diamond_ore
97.967655,11,5221.189186,diamond_ore
81.553869,25,5225.153114,diamond_ore
108.16,9,5228.421284,diamond_ore
111.75,5,5232.203796,clay
109.53,7,5236.284723,clay
108.78,7,5239.053003,clay
90.275433,18,5242.273074,log
92.384981,18,5246.964563,log
106.240472,9,5249.956033,log
104.897656,11,5253.302771,log
88.094821,21,5256.992504,log
105.295217,11,5260.033451,log
103.57,10,5262.586985,clay
97.887325,13,5266.710446,clay
102.884686,14,5270.367427,clay
107.679567,10,5273.617359,clay
107.993361,10,5276.87885,clay
107.171097,10,5280.572659,clay
105.89,6,5283.373227,diamond_ore
105.71,9,5286.444283,diamond_ore
111.396458,7,5290.315108,diamond_ore
95.750268,17,5294.316934,clay
100.371097,12,5297.546964,clay
111.75,5,5301.975222,clay
101.746625,13,5305.009048,diamond_ore
108.587655,9,5308.294165,diamond_ore
109.711569,9,5313.000291,diamond_ore
106.738312,12,5315.788171,log
111.75,5,5318.487336,log
108.751097,7,5321.406832,log
106.121097,10,5324.541886,diamond_ore
105.401069,11,5327.982857,diamond_ore
100.03,12,5331.366784,diamond_ore
111.76,5,5335.571053,log
109.051097,9,5338.473086,log
83.905141,25,5342.638833,log
111.09,6,5345.994822,clay
107.91,9,5349.067266,clay
95.740458,18,5353.794278,clay
72.281809,40,5359.765149,clay
91.154846,20,5365.088103,clay
109.321097,7,5367.989381,clay
104.3,10,5371.049147,diamond_ore
101.431961,15,5376.200777,diamond_ore
104.237387,13,5380.063366,diamond_ore
108.93,7,5383.402288,log
110.44,6,5386.320965,log
109.95409,7,5389.776747,log
101.588153,15,5393.03087,diamond_ore
107.65,5,5396.018904,diamond_ore
108.721097,7,5400.305689,diamond_ore
104.487887,12,5403.532183,log
86.189965,24,5407.588182,log
90.985439,21,5411.426021,log
99.019346,16,5416.188768,clay
109.051097,9,5419.048271,clay
102.66102,14,5422.598137,clay
102.42,13,5425.927294,diamond_ore
95.408622,18,5430.386604,diamond_ore
108.731097,9,5433.529495,diamond_ore
109.068127,9,5436.513045,diamond_ore
98.071205,18,5440.056536,diamond_ore
93.175151,16,5443.591994,diamond_ore
99.761097,12,5446.663854,clay
90.470639,23,5450.567097,clay
97.371842,16,5453.901517,clay
111.75,5,5457.02324,diamond_ore
92.29,16,5460.821515,diamond_ore
104.921097,10,5463.912614,diamond_ore
93.08,17,5467.309448,clay
109.323913,9,5470.326923,clay
103.065204,9,5474.276122,clay
109.53,7,5477.027531,log
108.123647,9,5480.15874,log
96.641473,17,5483.737097,log
108.221569,9,5486.574347,log
84.0539,25,5490.800449,log
94.681132,18,5494.376942,log
94.765217,12,5497.721673,log
101.911097,11,5501.694122,log
108.08,7,5504.509634,log
77.379616,29,5509.528635,diamond_ore
103.519071,13,5512.909707,diamond_ore
105.923061,12,5517.387181,diamond_ore
97.048211,18,5520.779541,clay
107.0,5,5523.695384,clay
96.36,14,5526.974607,clay
107.42,8,5529.744488,clay
95.849596,19,5533.442546,clay
106.578127,10,5536.620131,clay
104.113061,13,5539.909964,clay
96.223761,16,5542.913372,clay
84.781391,24,5547.099417,clay
108.68,7,5551.193173,log
106.981097,9,5554.12884,log
95.465415,13,5558.765044,log
100.109385,12,5562.283105,log
107.001097,8,5565.080467,log
106.6,5,5567.915854,log
109.910492,7,5570.887371,log
93.206621,18,5574.272615,log
109.72,8,5577.629482,log
96.351394,17,5581.097062,diamond_ore
106.6,5,5584.023224,diamond_ore
110.44,6,5587.047504,diamond_ore
107.181781,12,5590.255404,clay
107.0,5,5593.224156,clay
111.76,5,5595.968077,clay
107.03,9,5598.868123,diamond_ore
92.022116,20,5602.705479,diamond_ore
109.72,8,5605.869422,diamond_ore
99.441967,14,5609.380423,diamond_ore
72.145517,49,5614.290974,diamond_ore
108.073361,10,5617.506812,diamond_ore
101.464113,14,5620.747278,clay
104.313913,10,5623.823243,clay
94.385517,19,5628.137351,clay
98.800083,15,5631.539007,log
103.784214,11,5634.866737,log
107.88,7,5638.94467,log
102.67,13,5642.138611,diamond_ore
111.75,5,5645.254261,diamond_ore
111.49,6,5648.033287,diamond_ore
106.028127,10,5651.770131,log
106.63,9,5654.621436,log
107.58,9,5657.620939,log
82.154503,27,5662.462117,clay
96.246227,19,5666.189603,clay
93.352708,16,5669.801311,clay
102.049141,14,5673.142893,diamond_ore
102.877655,12,5676.379204,diamond_ore
104.662394,13,5679.787083,diamond_ore
107.210472,9,5682.751169,clay
97.21,14,5686.215197,clay
108.9,7,5689.257533,clay
103.248145,9,5692.158075,diamond_ore
84.361791,25,5696.485136,diamond_ore
102.761569,9,5701.391808,diamond_ore
74.049889,45,5706.089117,log
104.703442,10,5709.873765,log
82.937897,25,5715.341364,log
94.472624,18,5718.689762,diamond_ore
106.753442,10,5721.805298,diamond_ore
108.636559,8,5724.963383,diamond_ore
74.356323,29,5730.56919,log
88.43,7,5735.242348,log
113.190492,5,5738.076993,log
109.321097,7,5740.966368,log
104.601569,11,5744.10323,log
101.247532,14,5747.61782,log
109.151097,7,5750.392814,diamond_ore
110.2,6,5753.556042,diamond_ore
105.646458,7,5756.715492,diamond_ore
101.374013,15,5760.40286,clay
104.883761,11,5763.431916,clay
101.309779,14,5767.205256,clay
90.520445,21,5771.507215,clay
106.626906,10,5774.746891,clay
73.824686,40,5779.415907,clay
99.505694,17,5782.941553,clay
107.89,7,5785.781451,clay
107.89,7,5788.8151,clay
108.706625,9,5792.942312,log
105.563913,10,5795.536552,log
75.587894,34,5800.822079,log
109.167922,9,5803.808126,diamond_ore
110.167655,8,5806.821384,diamond_ore
87.862849,22,5810.453458,diamond_ore
101.915217,13,5813.913939,diamond_ore
76.496806,30,5817.935471,diamond_ore
99.48459,12,5821.210482,diamond_ore
109.051097,9,5824.260642,clay
100.583913,13,5827.771109,clay
99.734462,15,5831.229642,clay
111.76,5,5834.11283,diamond_ore
106.750472,9,5837.034098,diamond_ore
108.52,9,5839.955327,diamond_ore
106.311569,11,5843.26596,log
86.171293,24,5847.171036,log
109.023913,9,5851.300674,log
108.516436,10,5853.923136,clay
101.29,11,5857.103835,clay
110.04,6,5860.276288,clay
94.25161,18,5864.283235,diamond_ore
111.56,5,5866.875394,diamond_ore
110.24,6,5869.888404,diamond_ore
108.118127,9,5873.599632,log
105.101364,10,5876.404967,log
90.130659,20,5880.046544,log
110.39,6,5883.057838,clay
106.661569,10,5887.491768,clay
105.973361,11,5890.707875,clay
110.581588,7,5893.66794,log
108.08,7,5896.861607,log
97.02,13,5899.980039,log
105.77,8,5904.325748,log
109.351097,7,5907.669878,log
104.96,9,5910.696346,log
108.21,9,5913.960528,clay
96.816092,19,5918.082625,clay
78.079752,38,5922.887873,clay
107.73,7,5925.934929,diamond_ore
93.72,15,5929.224059,diamond_ore
107.001097,8,5932.960699,diamond_ore
108.1,7,5935.674157,diamond_ore
108.528127,9,5938.672196,diamond_ore
83.294709,26,5943.475363,diamond_ore
99.611569,15,5948.120825,log
103.873139,12,5951.569994,log
90.231896,21,5956.372098,log
77.842893,26,5960.315104,diamond_ore
95.398217,17,5963.701419,diamond_ore
100.710562,14,5966.956902,diamond_ore
107.473913,10,5970.027417,clay
112.61,5,5972.98067,clay
108.78,7,5976.577077,clay
104.36,9,5979.73945,clay
104.870751,13,5983.404974,clay
107.000472,10,5986.337464,clay
109.45,6,5989.210504,log
99.67,13,5992.308416,log
90.485905,20,5997.089867,log
109.948145,9,6001.42984,clay
81.894348,26,6005.32321,clay
74.233053,39,6010.070878,clay
96.42776,15,6013.937277,clay
101.8,11,6016.841303,clay
112.61,5,6021.168206,clay
103.530472,11,6024.368265,log
105.0,11,6027.723242,log
101.260472,12,6031.0402,log
76.842832,46,6037.146186,log
104.461097,11,6040.845769,log
97.80409,12,6044.111039,log
99.373913,15,6047.573243,log
107.22,8,6050.580093,log
107.48,7,6055.182073,log
85.209009,23,6059.22733,diamond_ore
111.76,5,6062.114317,diamond_ore
110.24,6,6065.051218,diamond_ore
109.930492,7,6067.915792,diamond_ore
106.65,10,6071.142116,diamond_ore
93.486106,17,6074.326274,diamond_ore
108.118127,9,6077.615031,diamond_ore
82.609296,19,6082.465409,diamond_ore
95.273676,19,6085.606873,diamond_ore
110.2,6,6088.48987,clay
91.000362,20,6093.795615,clay
70.565755,49,6098.872103,clay
100.618127,14,6102.218441,clay
111.56,5,6104.837369,clay
107.93,7,6108.057226,clay
83.683798,24,6111.821769,log
107.548551,10,6114.841885,log
92.120295,19,6118.486035,log
97.071132,14,6121.575752,clay
102.727355,13,6125.385077,clay
103.970472,11,6128.696089,clay
100.159307,15,6132.373081,diamond_ore
100.43,14,6135.322896,diamond_ore
106.891781,12,6138.408291,diamond_ore
77.022624,27,6142.204333,clay
108.29,8,6145.17199,clay
98.232536,16,6148.339116,clay
111.75,5,6152.775153,diamond_ore
110.04,6,6155.733042,diamond_ore
106.54,6,6158.728495,diamond_ore
94.278123,19,6162.468542,log
85.282907,23,6166.944596,log
100.452316,15,6170.126978,log
81.161877,25,6174.544628,diamond_ore
73.214253,30,6178.685392,diamond_ore
108.15,10,6181.728388,diamond_ore
110.228127,8,6185.140539,log
110.26,6,6188.102947,log
105.47409,10,6193.044297,log
104.377655,11,6195.810983,diamond_ore
106.77,9,6198.851119,diamond_ore
101.851097,12,6202.272534,diamond_ore
104.69,6,6206.311262,clay
109.64,6,6209.334229,clay
105.09,6,6212.137297,clay
111.96,5,6214.631095,clay
95.552942,18,6219.14677,clay
101.693913,12,6222.448268,clay
101.187887,14,6225.491001,log
99.609539,15,6229.048369,log
101.679989,13,6232.090462,log
92.583442,16,6235.382892,log
112.61,5,6237.903259,log
111.56,5,6240.857822,log
107.828127,9,6244.134371,clay
108.973847,8,6247.476244,clay
86.711916,22,6250.989542,clay
85.447915,24,6254.964918,diamond_ore
103.719733,11,6257.80105,diamond_ore
95.607753,18,6262.293241,diamond_ore
107.03,8,6265.055944,log
99.141424,12,6268.692619,log
99.491364,11,6271.877429,log
110.44,6,6274.965235,diamond_ore
108.05,5,6277.850235,diamond_ore
109.18,7,6280.713821,diamond_ore
109.18,7,6283.508497,diamond_ore
104.091569,11,6287.152243,diamond_ore
81.898845,26,6291.197344,diamond_ore
107.171097,10,6294.114194,diamond_ore
111.75,5,6297.072777,diamond_ore
104.69,6,6301.503763,diamond_ore
85.36,21,6305.495221,log
109.45,6,6308.214546,log
105.311097,6,6310.974306,log
103.331097,11,6314.295563,clay
111.16,5,6316.939523,clay
109.53,7,6320.989408,clay
102.69409,8,6324.144577,clay
87.668073,23,6328.072838,clay
95.282624,18,6331.648225,clay
78.192809,27,6335.680619,diamond_ore
83.43161,25,6340.136966,diamond_ore
98.678005,12,6343.79571,diamond_ore
79.30195,28,6348.177242,log
104.526873,12,6352.568398,log
107.931842,10,6356.370663,log
107.42,8,6359.410959,clay
105.128145,11,6363.325449,clay
105.960738,13,6366.481306,clay
105.325217,11,6369.776578,log
91.104143,22,6373.998702,log
103.227887,13,6377.436366,log
107.88,7,6380.243082,diamond_ore
79.112331,28,6384.324968,diamond_ore
98.089532,15,6387.821525,diamond_ore
103.757655,12,6390.825783,clay
106.14,6,6393.777468,clay
104.96,9,6397.887962,clay
86.413442,9,6400.988988,diamond_ore
109.44,6,6404.201464,diamond_ore
107.954214,9,6407.371987,diamond_ore
93.392747,18,6411.433158,log
89.759703,21,6415.121225,log
101.581219,13,6418.526073,log
106.563913,11,6421.254511,diamond_ore
74.171337,35,6425.570746,diamond_ore
101.993098,14,6429.18621,diamond_ore
108.073361,10,6432.726066,log
103.034563,12,6437.120342,log
106.453847,10,6440.443,log
77.282475,31,6444.808392,clay
100.72,13,6448.359683,clay
104.777655,10,6451.901659,clay
111.75,5,6455.27096,log
105.796458,7,6458.665932,log
111.430492,6,6461.635437,log
96.521424,14,6465.096529,clay
104.480472,10,6468.141638,clay
98.56,15,6472.699672,clay
90.59,6,6475.770634,diamond_ore
104.83,8,6478.790092,diamond_ore
110.880492,6,6481.791701,diamond_ore
101.660472,13,6485.07638,clay
106.981097,9,6489.524782,clay
103.014113,14,6492.875032,clay
104.927655,10,6497.364689,clay
110.21,6,6500.323671,clay
112.61,5,6503.019657,clay
104.56,9,6506.258603,log
87.522491,24,6511.295609,log
93.36,14,6514.584435,log
108.138127,9,6518.745871,diamond_ore
107.220205,9,6521.772635,diamond_ore
104.698127,11,6524.968927,diamond_ore
98.94,16,6530.066048,diamond_ore
104.695217,11,6533.605301,diamond_ore
100.857655,12,6537.828499,diamond_ore
111.76,5,6542.039888,log
104.130472,10,6545.144423,log
97.432253,17,6548.693842,log
101.291502,14,6552.136223,log
102.7,10,6555.492814,log
102.21,10,6559.590404,log
103.303913,11,6562.973207,clay
98.385217,10,6566.123484,clay
108.378127,9,6569.280164,clay
106.76,9,6572.472782,diamond_ore
105.741569,11,6575.669853,diamond_ore
84.512626,25,6579.805943,diamond_ore
92.412624,18,6583.568577,clay
94.426625,17,6587.264971,clay
106.845217,10,6591.341741,clay
92.595905,19,6595.580167,clay
108.1,7,6598.323519,clay
89.819744,17,6601.912106,clay
107.940472,9,6605.146507,diamond_ore
104.649703,12,6608.383293,diamond_ore
99.851364,15,6611.927279,diamond_ore
105.096106,11,6615.589886,log
107.670205,9,6618.199925,log
103.055421,13,6621.685526,log
96.182944,17,6625.94349,log
107.45,7,6629.070785,log
111.520492,6,6633.029456,log
109.530205,8,6636.484518,diamond_ore
110.24,6,6639.712901,diamond_ore
108.5,7,6642.854635,diamond_ore
98.1,10,6646.116604,log
103.126436,12,6649.541133,log
90.621842,19,6653.462877,log
78.170362,27,6657.398959,clay
99.741097,13,6660.756373,clay
106.7,10,6663.692914,clay
92.507422,19,6667.688996,clay
102.838127,12,6671.958188,clay
106.987288,10,6675.058131,clay
108.08,7,6678.091283,diamond_ore
98.605217,13,6681.630874,diamond_ore
99.53161,15,6685.356756,diamond_ore
97.462331,13,6690.50756,diamond_ore
78.419282,27,6694.326401,diamond_ore
79.707171,27,6698.595928,diamond_ore
101.85,11,6701.904993,log
104.396625,10,6706.510755,log
109.023913,9,6709.437322,log
104.680472,10,6712.615923,log
102.830472,11,6715.642099,log
105.958127,10,6719.804907,log
106.971364,9,6722.52467,log
92.921097,5,6725.632039,log
71.15,30,6729.528283,log
96.721967,17,6733.039138,clay
98.031097,16,6736.638158,clay
106.132893,12,6740.987299,clay
106.227655,10,6744.430792,clay
105.29,6,6748.502432,clay
111.49,6,6751.909964,clay
104.678127,8,6755.232709,diamond_ore
111.49,6,6758.757597,diamond_ore
110.44,6,6761.69583,diamond_ore
107.649129,10,6764.696825,clay
106.837655,10,6767.574009,clay
110.350472,8,6772.038177,clay
99.890574,13,6775.482036,clay
104.298127,11,6780.290403,clay
97.758857,13,6784.665134,clay
99.226436,14,6787.722646,diamond_ore
111.77,5,6790.371019,diamond_ore
113.000492,5,6793.510365,diamond_ore
108.08,7,6796.390994,diamond_ore
103.93,12,6799.471969,diamond_ore
102.671489,13,6803.115947,diamond_ore
109.321097,7,6807.424487,log
108.74,7,6810.17745,log
105.00409,7,6813.541544,log
105.240472,10,6816.590025,clay
108.13,7,6819.794081,clay
101.8,11,6823.522063,clay
97.591638,17,6827.051009,diamond_ore
104.111219,12,6830.172979,diamond_ore
109.390067,9,6833.211358,diamond_ore
78.249908,28,6837.387093,log
105.476625,10,6840.550337,log
109.230205,8,6843.422317,log
77.622125,29,6847.271465,log
108.422492,8,6851.109456,log
102.440472,9,6854.024358,log
100.93,12,6857.49722,clay
72.432331,32,6863.27302,clay
105.431097,10,6866.305239,clay
108.83,7,6869.097994,diamond_ore
104.29,6,6871.76404,diamond_ore
107.65,5,6874.513993,diamond_ore
111.96,5,6877.455547,diamond_ore
107.248145,10,6880.645536,diamond_ore
89.056668,21,6884.374264,diamond_ore
100.097655,14,6887.530282,diamond_ore
105.295217,11,6891.123601,diamond_ore
107.136625,10,6893.840827,diamond_ore
108.09,7,6897.107723,clay
92.04,6,6900.842468,clay
109.351097,7,6903.85946,clay
103.43,7,6906.764374,clay
99.936806,16,6910.225824,clay
89.642331,21,6915.191365,clay
108.83,7,6918.035313,log
95.61,15,6921.543277,log
110.24,6,6924.622274,log
104.69,6,6927.406647,log
92.895978,20,6931.443823,log
106.91,9,6934.830196,log
103.50459,12,6937.90321,log
99.026625,15,6941.430814,log
80.002236,29,6945.726155,log
109.18,7,6948.433262,diamond_ore
108.81,9,6951.624767,diamond_ore
95.390927,17,6955.24496,diamond_ore
101.59,12,6958.188616,log
97.605011,16,6961.69257,log
100.695581,15,6965.436043,log
74.140878,39,6970.616038,log
107.88,7,6974.289998,log
108.48,7,6977.626956,log
106.729106,11,6980.902025,clay
85.804996,24,6986.349772,clay
86.028449,24,6990.492332,clay
103.342316,14,6994.159427,log
89.372426,18,6998.342815,log
99.041219,14,7001.671507,log
111.49,6,7004.491945,diamond_ore
111.49,6,7008.294059,diamond_ore
110.44,6,7011.229587,diamond_ore
109.98,7,7014.603246,diamond_ore
98.170927,15,7018.015986,diamond_ore
102.438127,12,7021.756918,diamond_ore
99.434941,15,7025.916699,clay
102.6,11,7028.826652,clay
101.699619,13,7032.296657,clay
107.450472,8,7036.371326,clay
104.49,6,7039.321292,clay
111.77,5,7042.18914,clay
91.535779,19,7045.412692,log
108.83,7,7048.4306,log
110.24,6,7051.594672,log
102.831569,12,7055.242103,clay
98.77,13,7058.721693,clay
111.77,5,7062.493351,clay
110.44,6,7065.546402,clay
81.354097,27,7069.976467,clay
101.03,12,7073.176256,clay
95.049436,18,7077.059288,log
90.057593,18,7080.707956,log
88.337548,21,7084.369434,log
106.54,6,7087.197142,diamond_ore
94.725846,19,7090.822753,diamond_ore
106.753442,10,7093.944098,diamond_ore
108.81,9,7097.138166,diamond_ore
109.321097,7,7100.28955,diamond_ore
109.311097,7,7103.238098,diamond_ore
103.401097,12,7106.095676,clay
86.814193,23,7109.960853,clay
104.680472,10,7113.136269,clay
105.66,9,7116.503125,log
105.421097,10,7120.70364,log
88.256106,21,7124.474779,log
76.810362,28,7128.252404,diamond_ore
107.445217,10,7132.374488,diamond_ore
92.656478,19,7136.016097,diamond_ore
111.09,6,7138.810688,clay
108.68,7,7142.164062,clay
93.81,4,7145.266662,clay
106.697185,11,7149.535021,log
91.030039,19,7152.927979,log
97.261097,11,7156.396211,log
92.751489,20,7160.501943,log
106.36,9,7163.671954,log
108.08,7,7166.691006,log
108.73,7,7170.040122,log
94.936744,18,7173.631999,log
98.510581,16,7178.349955,log
98.996625,13,7182.402787,clay
94.57,18,7185.965117,clay
101.198145,9,7189.280049,clay
111.75,5,7192.440507,diamond_ore
92.49,17,7195.7491,diamond_ore
110.21,6,7198.843745,diamond_ore
90.004113,21,7202.068349,clay
70.19484,43,7206.815461,clay
105.413293,11,7211.150723,clay
97.902731,13,7215.128601,diamond_ore
84.29279,25,7219.332382,diamond_ore
107.931097,9,7222.614615,diamond_ore
97.119986,17,7226.026237,diamond_ore
99.49,13,7229.182099,diamond_ore
97.301034,17,7232.896557,diamond_ore
100.420927,14,7236.144745,log
102.025217,12,7239.494514,log
79.3,26,7243.281531,log
97.550205,16,7246.445496,diamond_ore
102.831569,12,7249.880562,diamond_ore
103.051405,13,7253.368479,diamond_ore
111.77,5,7256.393996,log
76.262536,35,7261.254998,log
108.27,8,7264.889291,log
97.829141,14,7268.316263,clay
111.75,5,7272.472589,clay
105.71,9,7275.642291,clay
104.53,12,7278.910306,log
109.18,7,7281.733461,log
105.49,6,7284.51394,log
94.781221,19,7288.151728,clay
91.652804,19,7292.198354,clay
103.927627,12,7295.702073,clay
111.56,5,7299.687897,diamond_ore
80.840562,25,7303.797496,diamond_ore
100.941097,14,7307.157466,diamond_ore
73.622331,32,7312.958226,diamond_ore
106.14,6,7316.184899,diamond_ore
106.6,5,7319.179805,diamond_ore
91.048991,20,7322.973811,clay
86.989519,24,7328.153156,clay
84.402933,24,7332.326957,clay
103.45,12,7335.294943,diamond_ore
90.893186,20,7338.90741,diamond_ore
102.992871,12,7342.150209,diamond_ore
105.09,6,7344.951059,log
105.76,9,7348.205103,log
105.62,8,7351.278729,log
100.49,11,7354.293016,diamond_ore
103.630472,11,7357.603433,diamond_ore
107.739973,9,7360.638149,diamond_ore
97.293923,17,7366.067091,diamond_ore
110.201097,7,7369.848776,diamond_ore
108.38,7,7372.819155,diamond_ore
101.479519,14,7376.105428,clay
86.310464,24,7379.698489,clay
107.918127,9,7383.240081,clay
100.660562,13,7387.060013,clay
110.2,6,7390.110827,clay
111.05,6,7392.799323,clay
72.54796,35,7396.917439,log
105.061097,11,7400.184104,log
96.05,16,7404.243965,log
90.386106,18,7407.732966,log
100.648145,14,7411.607039,log
102.451097,12,7414.791444,log
109.53,7,7419.008297,clay
102.915217,12,7422.611774,clay
76.86279,30,7427.04153,clay
110.44,6,7431.034376,log
111.96,5,7433.864102,log
108.78,7,7436.636413,log
106.128579,10,7440.581512,clay
101.920767,13,7445.428317,clay
108.409705,9,7448.122861,clay
104.49,6,7451.066302,log
85.955461,24,7455.150006,log
107.236625,9,7458.864348,log
104.69,6,7462.880274,clay
89.39422,21,7466.564329,clay
100.62,13,7469.9203,clay
102.8,10,7473.091898,diamond_ore
106.353442,9,7476.408621,diamond_ore
100.446625,13,7480.525189,diamond_ore
73.614165,63,7487.998983,diamond_ore
95.111097,16,7491.908128,diamond_ore
92.471877,20,7495.45811,diamond_ore
99.088874,15,7500.340538,log
95.4,16,7503.767009,log
106.558127,10,7506.788943,log
105.2,10,7509.967991,clay
79.268665,30,7516.365991,clay
108.78,7,7519.170504,clay
108.379619,10,7522.366958,diamond_ore
107.88,7,7525.39994,diamond_ore
65.968704,36,7529.568973,diamond_ore
101.500019,14,7533.322963,log
99.230472,15,7536.755915,log
108.030205,9,7539.892865,log
101.729519,14,7543.816848,clay
109.98,7,7547.501802,clay
111.75,5,7550.413933,clay
109.53,7,7553.161838,clay
88.433442,8,7556.164915,clay
94.98,17,7559.458758,clay
107.95,7,7562.548165,diamond_ore
85.483635,24,7566.667717,diamond_ore
109.051097,9,7570.077348,diamond_ore
107.89,7,7573.240257,log
89.403375,22,7577.97067,log
107.261364,9,7581.258777,log
105.651097,9,7584.5036,clay
104.35,10,7587.639016,clay
109.031097,9,7591.056567,clay
106.525966,6,7594.069967,log
112.61,5,7597.750876,log
105.87,9,7600.612019,log
79.912849,27,7604.723458,diamond_ore
103.718127,11,7607.857801,diamond_ore
71.175882,43,7612.727108,diamond_ore
103.156145,12,7615.962822,diamond_ore
108.13,7,7618.953134,diamond_ore
105.64,8,7621.988296,diamond_ore
72.606621,37,7626.661234,log
110.24,6,7629.997313,log
110.24,6,7632.894471,log
106.312994,9,7635.825686,log
101.198145,9,7638.957561,log
91.668339,20,7642.388297,log
107.93,7,7645.945462,clay
108.14409,10,7648.97755,clay
105.22,10,7651.926404,clay
100.005966,13,7656.259772,diamond_ore
105.74,6,7659.266812,diamond_ore
111.56,5,7661.777183,diamond_ore
107.023913,10,7665.572281,log
98.272871,15,7669.024844,log
80.740472,24,7673.511279,log
109.648127,8,7676.938706,clay
104.64,6,7679.994589,clay
107.0,5,7682.823666,clay
99.649937,12,7686.159213,diamond_ore
101.503913,11,7689.69893,diamond_ore
105.395217,10,7692.726048,diamond_ore
95.221489,18,7696.358319,diamond_ore
91.31372,21,7700.228135,diamond_ore
86.042501,22,7705.074304,diamond_ore
107.27,8,7708.539385,clay
105.429162,12,7712.315027,clay
102.041569,12,7716.193707,clay
111.16,5,7718.961372,log
107.33,7,7721.948334,log
105.911097,6,7725.334234,log
102.167922,9,7728.467334,diamond_ore
89.131405,21,7731.907667,diamond_ore
101.218127,14,7735.436289,diamond_ore
79.308581,23,7739.349935,clay
110.24,6,7742.560732,clay
109.6,6,7746.7397,clay
106.240472,9,7749.92705,log
91.073442,12,7753.566943,log
101.097655,13,7756.757656,log
109.351097,7,7760.72754,clay
105.700472,9,7763.771131,clay
106.266436,10,7766.976696,clay
109.031097,9,7770.181754,clay
102.062331,14,7773.810725,clay
106.981097,9,7777.565516,clay
107.236625,9,7780.746012,diamond_ore
106.76,10,7783.6625,diamond_ore
72.743469,40,7788.855784,diamond_ore
108.113647,9,7791.886281,diamond_ore
107.88,7,7794.909943,diamond_ore
110.871097,6,7797.635082,diamond_ore
86.673913,19,7801.238078,log
105.293647,11,7804.728368,log
108.787655,9,7809.52547,log
92.096936,20,7814.285315,clay
107.720205,9,7818.657371,clay
95.815217,17,7822.183733,clay
107.69,8,7824.942473,diamond_ore
103.225217,11,7828.057966,diamond_ore
95.692331,16,7831.74667,diamond_ore
88.304214,21,7835.208325,diamond_ore
111.75,5,7839.127052,diamond_ore
107.94,7,7841.965497,diamond_ore
110.44,6,7846.079355,diamond_ore
101.054944,13,7849.363126,diamond_ore
105.786668,11,7853.296268,diamond_ore
108.27,8,7856.428584,log
110.21,6,7859.867593,log
112.61,5,7864.243711,log
81.500546,26,7868.313701,clay
96.330562,16,7871.73087,clay
107.63,9,7874.432004,clay
108.13,7,7877.632942,log
105.303442,10,7880.562069,log
103.176436,12,7883.629915,log
109.64,6,7886.550956,clay
106.14,6,7889.849095,clay
108.02,8,7892.745798,clay
103.39,11,7895.727899,log
103.395217,11,7899.325109,log
104.813361,11,7902.482643,log
107.126559,9,7905.976787,log
109.023913,9,7908.949821,log
84.602708,23,7913.111105,log
72.843545,46,7918.735763,log
107.471097,10,7921.99404,log
108.57,8,7925.347152,log
102.805217,13,7928.647612,clay
94.512331,18,7932.415063,clay
108.21,9,7936.666598,clay
102.281569,12,7940.761993,diamond_ore
87.657548,22,7944.532349,diamond_ore
98.932829,16,7948.385636,diamond_ore
95.432331,17,7951.979835,diamond_ore
106.54,6,7954.888592,diamond_ore
110.871097,6,7957.691671,diamond_ore
107.841097,8,7961.036474,diamond_ore
106.46,9,7964.580899,diamond_ore
100.171781,14,7967.853481,diamond_ore
93.520601,20,7971.312211,log
109.351097,7,7974.642282,log
106.42,8,7978.888963,log
105.385217,10,7982.269974,clay
110.44,6,7985.164814,clay
110.44,6,7988.26091,clay
110.44,6,7991.21944,clay
101.088127,14,7994.366962,clay
99.67112,14,7998.131121,clay
107.29,7,8001.105684,diamond_ore
106.268127,10,8004.278186,diamond_ore
104.598145,10,8007.764998,diamond_ore
105.29,6,8012.413782,log
98.223442,13,8015.605403,log
96.720472,16,8019.261219,log
109.628127,8,8023.397234,diamond_ore
92.3,5,8026.413183,diamond_ore
104.07,10,8029.281718,diamond_ore
103.157655,12,8034.085097,clay
104.69,6,8037.026873,clay
110.44,6,8040.949427,clay
107.390472,9,8043.97006,log
105.662994,9,8047.358799,log
109.351097,7,8050.576563,log
80.741677,27,8054.744367,clay
106.790472,9,8058.133371,clay
107.91,9,8061.296031,clay
103.593913,12,8064.462107,log
103.493442,11,8067.412453,log
100.696625,13,8071.059853,log
106.321097,10,8074.396415,clay
106.981097,9,8077.843964,clay
91.46811,20,8081.745372,clay
104.885217,10,8084.857538,diamond_ore
107.06,9,8089.180991,diamond_ore
88.392331,20,8093.108729,diamond_ore
104.985217,11,8095.991037,log
108.83,7,8098.933858,log
103.03,7,8101.751223,log
104.69,6,8104.753033,log
73.465619,47,8109.720712,log
103.39,11,8112.800063,log
104.680472,10,8116.527355,diamond_ore
78.826806,29,8121.149566,diamond_ore
98.385217,10,8124.253551,diamond_ore
103.731569,12,8127.939368,log
100.193761,14,8131.933478,log
98.516559,15,8135.446018,log
105.34,6,8139.06395,diamond_ore
107.06,9,8142.729896,diamond_ore
97.359141,16,8146.450114,diamond_ore
108.221569,9,8149.303277,clay
108.78,7,8152.160334,clay
108.79,7,8154.969435,clay
101.976707,14,8159.275356,diamond_ore
109.44,6,8162.758164,diamond_ore
110.44,6,8165.812296,diamond_ore
106.240472,9,8169.200427,clay
71.707753,44,8175.861036,clay
90.944113,20,8179.519736,clay
100.179733,14,8183.886295,clay
101.456806,15,8187.247254,clay
108.636559,8,8190.718483,clay
110.2,6,8193.745278,log
101.734358,13,8197.021201,log
109.031097,9,8200.216202,log
104.141219,12,8203.557168,clay
104.680472,10,8208.436933,clay
99.422708,15,8212.161473,clay
105.486668,11,8215.55795,clay
94.411444,18,8219.017506,clay
107.238145,10,8222.521081,clay
96.657655,17,8225.951194,clay
110.24,6,8229.101358,clay
104.16,10,8231.929133,clay
102.54,11,8235.463819,log
105.046906,12,8239.203644,log
102.636707,13,8242.389306,log
102.740019,13,8245.637381,diamond_ore
110.24,6,8249.101861,diamond_ore
107.89,7,8252.212712,diamond_ore
92.808145,18,8256.08321,log
105.831588,7,8260.550588,log
108.68,7,8263.5191,log
76.600458,30,8267.892293,diamond_ore
93.391108,20,8271.497409,diamond_ore
96.121097,15,8274.734313,diamond_ore
93.198579,18,8278.01563,diamond_ore
104.280205,12,8281.267128,diamond_ore
99.776668,13,8284.583252,diamond_ore
110.44,6,8287.624144,clay
107.0,5,8290.599449,clay
111.09,6,8293.435907,clay
101.131219,13,8296.628951,diamond_ore
101.279937,14,8300.282485,diamond_ore
81.519249,26,8304.21242,diamond_ore
76.460454,39,8309.280097,log
98.51,14,8312.743334,log
106.173913,10,8317.028709,log
108.636559,8,8320.129326,log
111.09,6,8323.014634,log
107.792994,8,8326.04479,log
103.773847,8,8329.897621,clay
106.372021,10,8333.131354,clay
100.016796,15,8336.525327,clay
108.04,7,8339.667106,diamond_ore
109.64,6,8342.877413,diamond_ore
105.93,8,8345.806333,diamond_ore
101.06,9,8348.958197,log
105.128145,11,8353.284756,log
108.198145,9,8357.140185,log
94.971405,17,8360.219289,diamond_ore
85.68,22,8364.123262,diamond_ore
102.776625,11,8367.012251,diamond_ore
103.012331,13,8370.59829,clay
99.228835,15,8374.460641,clay
105.298127,11,8377.716748,clay
105.74,6,8380.722746,log
108.73,7,8384.402019,log
108.14,7,8387.193886,log
96.560562,13,8390.261582,diamond_ore
77.572536,27,8394.440198,diamond_ore
105.171097,10,8399.053253,diamond_ore
109.031097,9,8402.022493,clay
88.178478,22,8406.12214,clay
72.775882,52,8412.018396,clay
103.941424,12,8415.632861,clay
92.876625,17,8419.322827,clay
108.118127,9,8424.126962,clay
112.980492,5,8427.617908,log
87.766106,21,8431.445313,log
87.091132,22,8435.604877,log
106.14,6,8438.428263,diamond_ore
104.46,9,8441.451596,diamond_ore
108.69,7,8444.369754,diamond_ore
74.552399,31,8449.235777,log
107.426559,9,8452.621761,log
99.92,14,8455.83028,log
108.436206,10,8459.964222,diamond_ore
109.023913,9,8463.00804,diamond_ore
95.701219,16,8466.364558,diamond_ore
110.2,6,8469.2018,clay
110.44,6,8472.225662,clay
108.64,7,8475.448646,clay
102.895011,12,8478.904736,log
106.973913,9,8482.849178,log
107.767656,9,8485.729567,log
69.92161,46,8491.606532,log
110.44,6,8494.395518,log
107.94,7,8498.927403,log
105.56,9,8502.076472,clay
75.960835,36,8506.45347,clay
92.569255,20,8510.113466,clay
92.971489,18,8514.005694,diamond_ore
73.893439,34,8519.608773,diamond_ore
101.55,11,8522.445335,diamond_ore
96.394118,17,8526.114331,clay
103.33,12,8529.46132,clay
81.38553,27,8534.255435,clay
100.02,13,8538.225709,log
105.258127,11,8541.32323,log
98.121219,15,8544.486578,log
111.77,5,8547.892339,diamond_ore
81.18,23,8552.113547,diamond_ore
106.51,9,8555.410164,diamond_ore
107.45,7,8558.51115,diamond_ore
98.686668,16,8562.182504,diamond_ore
81.6,20,8565.844109,diamond_ore
88.77,19,8569.708065,clay
105.86,9,8573.286562,clay
105.73,8,8576.35408,clay
74.495457,34,8581.043141,log
105.348127,11,8584.431994,log
108.798145,9,8588.06404,log
102.546668,12,8591.434019,log
88.861174,20,8594.807936,log
108.13,7,8597.752382,log
108.742942,9,8600.818916,clay
106.648145,10,8604.370886,clay
76.497867,28,8609.479831,clay
106.835217,10,8612.869302,clay
111.75,5,8616.799814,clay
105.29,6,8621.385743,clay
106.262994,9,8624.395768,clay
77.29382,27,8628.487746,clay
96.589346,18,8632.40773,clay
108.64,7,8635.416803,log
76.204277,32,8639.796674,log
107.840472,9,8642.91866,log
111.75,5,8646.026073,diamond_ore
79.203049,27,8651.696844,diamond_ore
102.612624,13,8654.799329,diamond_ore
100.181502,15,8658.348964,diamond_ore
107.94,7,8662.417204,diamond_ore
106.14,6,8665.405425,diamond_ore
106.48,8,8668.353828,diamond_ore
88.810927,20,8672.229809,diamond_ore
89.001569,21,8676.834366,diamond_ore
106.37,8,8680.005729,log
105.00409,7,8683.955442,log
95.9,15,8687.616262,log
94.422676,20,8692.882366,clay
103.4,10,8696.282085,clay
108.65,7,8699.293751,clay
86.242036,24,8703.551508,log
74.410205,31,8709.152153,log
106.688145,10,8712.597834,log
96.613913,16,8715.996186,clay
103.122893,13,8719.413468,clay
107.360205,10,8722.96312,clay
105.53,8,8725.807988,diamond_ore
104.011097,12,8729.364825,diamond_ore
104.895217,10,8732.378045,diamond_ore
102.7,10,8735.595009,clay
80.40261,27,8739.542858,clay
92.496546,20,8743.343058,clay
100.090205,11,8746.696191,diamond_ore
95.444845,18,8750.607425,diamond_ore
97.490205,16,8754.517548,diamond_ore
79.15666,27,8758.880026,diamond_ore
109.53,7,8761.731972,diamond_ore
106.33,8,8764.722945,diamond_ore
78.621539,26,8768.563924,log
105.1,10,8771.889765,log
100.021514,15,8775.517576,log
102.5,10,8778.806316,clay
106.97,8,8782.01125,clay
108.64,7,8785.028815,clay
106.011219,10,8788.153668,diamond_ore
103.007655,12,8792.058847,diamond_ore
102.438127,12,8796.402379,diamond_ore
104.081097,10,8799.558497,clay
96.791489,16,8803.406323,clay
98.60803,15,8807.286389,clay
109.98,7,8810.545054,diamond_ore
103.95,10,8813.626145,diamond_ore
107.22,8,8816.58205,diamond_ore
104.821097,10,8820.869934,clay
102.540039,12,8824.195897,clay
105.51,10,8827.230127,clay
111.96,5,8829.911489,log
101.785217,12,8833.213605,log
102.55,11,8836.160327,log
100.99,12,8839.442718,log
105.472994,9,8842.61196,log
109.351097,7,8845.730096,log
98.977999,16,8849.661304,diamond_ore
96.829878,16,8854.18931,diamond_ore
99.82,13,8857.279111,diamond_ore
105.09,6,8861.334363,log
87.591364,22,8865.002241,log
102.783847,12,8868.480053,log
106.76,9,8871.746349,clay
109.031097,9,8874.794569,clay
101.200562,15,8878.815258,clay
107.751097,8,8881.842962,log
83.604685,25,8886.560951,log
102.383913,8,8890.552716,log
111.76,5,8893.261957,diamond_ore
106.240472,9,8896.6033,diamond_ore
99.776668,13,8899.97681,diamond_ore
93.81,4,8903.182341,clay
95.471405,17,8906.584809,clay
104.680472,10,8909.85806,clay
104.31,10,8912.961248,diamond_ore
107.78,7,8916.073092,diamond_ore
105.92,8,8919.071772,diamond_ore
102.6,10,8922.33449,clay
105.68,9,8925.744261,clay
93.062331,18,8929.231787,clay
107.06,9,8932.813473,diamond_ore
104.353361,12,8937.129481,diamond_ore
103.030472,10,8940.552919,diamond_ore
104.285966,10,8943.607953,log
94.981132,18,8947.43526,log
93.53,17,8950.943095,log
101.52,13,8953.903473,log
105.29,6,8957.856872,log
110.44,6,8961.984298,log
104.89,11,8965.099482,diamond_ore
105.09,6,8967.909101,diamond_ore
107.17,8,8971.249208,diamond_ore
106.62,8,8974.219995,diamond_ore
106.553647,10,8977.642239,diamond_ore
103.376668,12,8980.915774,diamond_ore
109.351097,7,8984.33412,log
106.22,8,8987.288658,log
101.27,8,8990.083866,log
106.76,9,8993.216614,clay
108.08,7,8996.081039,clay
105.71,9,8999.228316,clay
97.05,15,9002.545066,log
104.53,12,9006.525277,log
75.468123,31,9011.349268,log
103.738127,12,9014.754451,diamond_ore
88.000476,20,9019.830563,diamond_ore
98.182212,15,9023.510578,diamond_ore
104.92,9,9026.554102,clay
95.592304,18,9030.414423,clay
106.737655,11,9033.526976,clay
97.944866,16,9038.188081,log
82.232769,25,9042.413124,log
107.02,9,9045.615978,log
97.347656,15,9049.07658,clay
106.76,9,9052.183975,clay
104.680472,10,9055.10553,clay
105.62,8,9059.472111,log
104.168145,12,9062.973187,log
99.139733,13,9066.271756,log
107.01,9,9069.569231,diamond_ore
106.201569,10,9072.994145,diamond_ore
104.843442,10,9076.595019,diamond_ore
108.68,7,9079.811201,clay
110.44,6,9083.771432,clay
110.44,6,9086.497249,clay
108.68,7,9089.683623,clay
103.530205,12,9094.929744,clay
103.711405,12,9098.397173,clay
107.782994,8,9101.601604,diamond_ore
104.21,9,9105.066512,diamond_ore
108.88,7,9108.94993,diamond_ore
95.530205,17,9112.889951,clay
93.526668,17,9116.603892,clay
89.331405,20,9120.321278,clay
107.782994,8,9123.184924,log
85.640094,25,9127.246374,log
77.078663,28,9130.972869,log
105.09,6,9133.897793,diamond_ore
104.017627,13,9137.629251,diamond_ore
103.078145,11,9140.869109,diamond_ore
108.64,7,9143.856091,log
110.44,6,9147.317804,log
105.49,6,9151.991832,log
94.393711,20,9158.239134,clay
108.13,7,9161.368562,clay
109.44,6,9164.61691,clay
110.228127,8,9168.907401,diamond_ore
105.128145,11,9173.081446,diamond_ore
101.16,14,9176.602551,diamond_ore
107.33,7,9179.872558,clay
90.49,16,9183.431619,clay
89.652146,17,9186.926937,clay
101.030612,13,9190.622579,log
74.203696,34,9195.319553,log
81.425979,25,9199.164869,log
107.13,8,9202.842957,diamond_ore
108.53,7,9205.88352,diamond_ore
108.08,7,9209.129965,diamond_ore
107.91,9,9212.356833,log
110.44,6,9215.301959,log
107.13,8,9219.37289,log
103.845217,11,9222.59705,clay
104.488145,11,9226.215217,clay
106.250472,9,9229.313762,clay
91.52,5,9232.40424,log
86.228127,23,9238.480059,log
89.306559,16,9242.021768,log
103.120472,11,9245.503983,diamond_ore
82.652893,23,9249.479168,diamond_ore
104.248127,11,9253.068104,diamond_ore
104.69,6,9256.052068,log
99.965217,12,9259.718701,log
106.787655,10,9264.424917,log
107.22,8,9268.003535,clay
98.397187,17,9272.232964,clay
98.179989,11,9276.093044,clay
91.820039,19,9280.493869,diamond_ore
70.779327,36,9285.353961,diamond_ore
83.474503,25,9289.914093,diamond_ore
109.65,6,9292.923496,log
110.44,6,9296.800959,log
108.73,7,9300.119696,log
92.12,5,9302.742017,log
101.803913,11,9305.862553,log
73.759,30,9311.426587,log
110.21,6,9314.459747,diamond_ore
108.21,9,9317.714971,diamond_ore
96.46,15,9321.346836,diamond_ore
107.17,8,9325.113577,clay
104.93,9,9328.118014,clay
105.07,9,9331.030119,clay
108.73,7,9334.428103,clay
92.052769,19,9338.066961,clay
100.550562,15,9341.762142,clay
103.78,7,9345.356271,diamond_ore
108.73,7,9348.668113,diamond_ore
91.451097,17,9352.406757,diamond_ore
99.4,10,9355.932737,log
101.765217,12,9359.667437,log
77.959292,28,9363.748442,log
102.55,11,9367.221267,clay
108.118127,9,9370.615178,clay
101.35,12,9375.049371,clay
97.257141,17,9379.150389,log
104.71,9,9382.745316,log
105.91,9,9386.187632,log
106.158145,9,9389.519446,clay
110.4,6,9393.68149,clay
108.69,7,9397.042234,clay
100.175256,12,9400.788225,diamond_ore
105.808127,10,9404.528214,diamond_ore
100.36,14,9409.399933,diamond_ore
110.07,8,9413.225883,diamond_ore
111.97,5,9415.878711,diamond_ore
107.08,8,9419.784269,diamond_ore
105.63069,11,9424.022241,clay
91.364417,20,9429.257311,clay
102.72,8,9432.208225,clay
97.060612,15,9435.654163,diamond_ore
106.293442,10,9441.231158,diamond_ore
106.288145,11,9445.161599,diamond_ore
81.911528,25,9449.199538,log
74.079549,39,9453.66497,log
106.661569,10,9458.278003,log
107.94,7,9460.94616,diamond_ore
90.79,6,9464.034403,diamond_ore
107.13,8,9466.941135,diamond_ore
97.732331,16,9471.016932,log
74.441489,32,9475.698928,log
101.342331,12,9479.296025,log
101.83,12,9482.620301,log
105.29,6,9486.878663,log
108.68,7,9491.368516,log
91.312331,18,9494.99139,diamond_ore
87.311405,22,9498.74026,diamond_ore
102.707922,12,9502.289135,diamond_ore
110.21,6,9505.52753,clay
99.230278,15,9508.942632,clay
85.152893,24,9513.190776,clay
110.44,6,9516.169247,log
87.776436,22,9519.867309,log
106.16,9,9522.954919,log
92.602331,19,9526.866236,clay
93.195245,19,9531.084908,clay
102.789676,12,9535.225375,clay
97.731291,16,9539.788374,clay
107.33,8,9542.712844,clay
106.97,8,9546.166021,clay
93.410335,20,9550.156009,diamond_ore
97.2,15,9553.529329,diamond_ore
70.962809,31,9557.809636,diamond_ore
98.780205,12,9561.097128,clay
83.46261,25,9565.356782,clay
108.798145,9,9569.124144,clay
99.403525,16,9572.851151,clay
106.8,5,9575.858134,clay
108.63,7,9579.029113,clay
108.55,7,9581.917624,clay
99.902963,12,9585.072079,clay
92.100546,20,9589.596327,clay
105.493442,10,9592.86941,diamond_ore
105.9,10,9596.037989,diamond_ore
88.995217,9,9599.212115,diamond_ore
96.981781,17,9603.418108,diamond_ore
110.4,6,9606.166521,diamond_ore
108.08,7,9609.08553,diamond_ore
104.14,11,9612.408365,log
103.168835,12,9615.875504,log
96.156436,15,9619.10622,log
105.98,9,9623.264386,log
106.12,8,9626.419016,log
111.76,5,9629.272667,log
107.13,8,9632.108413,log
94.341424,18,9635.839619,log
82.828145,11,9640.143826,log
105.29,6,9643.418291,diamond_ore
103.224563,13,9646.895092,diamond_ore
97.990927,12,9650.296289,diamond_ore
98.350562,15,9654.733111,diamond_ore
102.438127,12,9658.167416,diamond_ore
99.47,13,9662.463843,diamond_ore
108.68,7,9665.420704,clay
103.225217,11,9668.622699,clay
83.380927,23,9672.387676,clay
105.031781,13,9675.564636,diamond_ore
104.848127,11,9679.324329,diamond_ore
100.91,9,9682.630128,diamond_ore
108.57,8,9686.041906,diamond_ore
98.17,13,9689.164848,diamond_ore
103.3,10,9692.322076,diamond_ore
78.662877,28,9696.567244,log
88.728857,21,9700.321351,log
79.972316,27,9704.113413,log
101.056559,12,9707.436111,log
105.36,9,9710.635842,log
110.44,6,9714.835126,log
104.05,10,9718.098485,log
102.07,13,9721.149674,log
82.432583,24,9724.746422,log
110.24,6,9727.927746,clay
110.26,6,9730.803534,clay
110.46,6,9733.534189,clay
106.38,8,9736.574283,clay
92.862893,19,9740.330444,clay
88.742331,22,9743.851652,clay
100.04,12,9748.278898,log
94.83118,17,9751.679097,log
104.690205,11,9755.030704,log
111.75,5,9759.268891,clay
90.742708,17,9762.710136,clay
102.44,13,9765.641626,clay
106.262994,9,9768.933382,diamond_ore
108.798145,9,9772.322972,diamond_ore
74.175907,33,9777.579741,diamond_ore
101.16,14,9780.610433,clay
90.76,6,9783.75689,clay
107.93,7,9786.950703,clay
102.025217,12,9791.042073,diamond_ore
104.700472,10,9794.267069,diamond_ore
71.604591,42,9799.012829,diamond_ore
108.93,7,9803.624395,clay
107.153442,9,9806.97178,clay
92.845247,19,9810.432763,clay
101.44,11,9814.533542,log
103.4,10,9817.725754,log
108.64,7,9820.764683,log
108.08,7,9823.550667,log
80.450239,26,9828.105655,log
109.031097,9,9831.86044,log
103.871452,10,9835.17878,diamond_ore
105.82,8,9838.022826,diamond_ore
104.69,6,9840.86788,diamond_ore
90.483186,21,9844.724425,clay
103.268581,12,9848.330029,clay
74.463442,28,9852.523139,clay
105.128145,11,9855.810125,log
109.031097,9,9859.089942,log
105.640472,9,9862.340743,log
104.680472,10,9865.481394,log
103.4,10,9868.715057,log
106.8,5,9871.617935,log
93.701405,18,9875.239462,clay
93.81,4,9878.457435,clay
101.24,11,9883.087143,clay
102.251097,13,9886.405627,diamond_ore
90.930612,19,9891.192667,diamond_ore
100.649733,12,9894.426765,diamond_ore
107.820039,9,9897.710956,diamond_ore
104.25,10,9900.723227,diamond_ore
111.75,5,9903.809481,diamond_ore
99.028127,14,9907.259873,log
106.968127,10,9910.457725,log
98.845256,15,9914.097437,log
103.941424,12,9917.863669,clay
90.760205,20,9921.52619,clay
75.555039,35,9926.623219,clay
106.16,9,9929.857797,diamond_ore
103.941424,12,9933.38564,diamond_ore
101.34,11,9936.666194,diamond_ore
78.340927,27,9942.206942,diamond_ore
108.81,9,9945.272963,diamond_ore
98.64,11,9949.031216,diamond_ore
108.04,7,9951.911899,log
103.078145,11,9955.137942,log
92.66,19,9958.526887,log
108.23,9,9962.002881,clay
96.269532,17,9965.661178,clay
96.14,11,9969.995081,clay
106.8,5,9973.103987,log
107.173442,9,9975.999044,log
98.786625,14,9979.586993,log
100.465217,13,9983.311212,log
64.702893,94,9990.933263,log
105.57,9,9994.753652,log
98.656106,15,9998.342677,diamond_ore
105.91,9,10001.443214,diamond_ore
105.49,6,10004.170523,diamond_ore
99.441097,13,10007.352031,diamond_ore
108.128127,9,10010.834093,diamond_ore
109.031097,9,10014.863547,diamond_ore
110.24,6,10019.110109,clay
108.798145,9,10023.959373,clay
84.084113,23,10027.741872,clay
93.940866,19,10032.861451,clay
106.57,8,10035.713342,clay
110.4,6,10039.677824,clay
102.55,10,10042.733795,clay
106.200472,9,10045.667912,clay
72.762536,33,10050.374187,clay
95.488835,14,10053.942202,clay
111.75,5,10057.126167,clay
111.75,5,10061.447873,clay
105.35,10,10064.571274,log
109.031097,9,10068.121145,log
106.361569,10,10072.243996,log
71.469145,43,10077.041479,diamond_ore
106.721452,9,10080.123017,diamond_ore
106.52,8,10083.458128,diamond_ore
99.882731,15,10086.86849,log
108.73,7,10090.220365,log
109.98,7,10093.53823,log
95.535256,16,10097.692881,diamond_ore
103.04,12,10101.03776,diamond_ore
72.922893,42,10105.733832,diamond_ore
93.551225,18,10109.380372,diamond_ore
100.240433,14,10112.730947,diamond_ore
104.96,10,10115.597992,diamond_ore
103.46,10,10119.147931,clay
102.48,12,10122.421381,clay
104.932942,11,10127.398315,clay
108.69,7,10131.559906,log
104.993442,10,10135.036817,log
95.161489,16,10138.34321,log
96.801174,17,10142.196922,clay
92.781853,19,10145.818479,clay
106.473847,10,10149.241201,clay
105.51,10,10152.447985,clay
105.831588,7,10155.914118,clay
108.68,7,10159.039061,clay
110.24,6,10163.428508,clay
89.031405,21,10167.522992,clay
102.86,10,10171.007255,clay
110.228127,8,10174.249239,diamond_ore
97.3,15,10177.772698,diamond_ore
96.284863,17,10181.665859,diamond_ore
104.8,11,10184.548517,diamond_ore
108.65,7,10187.565742,diamond_ore
110.25,6,10190.482834,diamond_ore
105.56,9,10193.541854,diamond_ore
102.54,11,10196.952468,diamond_ore
104.71,9,10200.327446,diamond_ore
108.73,7,10203.748428,log
108.198145,9,10206.801162,log
106.47,9,10209.605769,log
103.930472,10,10212.926403,log
110.44,6,10215.935131,log
107.94,7,10219.587248,log
105.23,9,10222.584148,log
102.330205,12,10226.045336,log
84.507058,23,10230.03576,log
105.303442,10,10233.297185,diamond_ore
110.24,6,10236.410306,diamond_ore
105.29,6,10239.51553,diamond_ore
108.47,8,10242.980706,diamond_ore
95.697033,17,10246.903705,diamond_ore
102.076796,13,10250.279157,diamond_ore
110.44,6,10253.539118,log
101.39,11,10256.77611,log
105.487627,11,10260.51007,log
90.727344,21,10264.350073,clay
101.701097,12,10267.5305,clay
108.08,7,10270.437391,clay
97.15,15,10273.871987,log
99.726106,13,10277.258114,log
98.405217,14,10281.093962,log
89.17161,21,10285.062335,diamond_ore
85.488127,23,10288.707274,diamond_ore
91.246796,20,10292.42544,diamond_ore
103.143442,10,10295.910716,log
107.17,8,10299.18983,log
106.48,8,10303.040124,log
73.050047,35,10308.007694,clay
70.010507,44,10313.018647,clay
101.198145,9,10316.230196,clay
106.200472,9,10319.262458,clay
98.111489,15,10322.712924,clay
85.872501,23,10327.136105,clay
105.114051,11,10330.443399,log
108.78,7,10333.347076,log
105.73,8,10336.705645,log
68.547359,61,10343.195594,clay
106.2,5,10346.215571,clay
108.88,7,10349.323558,clay
106.14,6,10352.225546,clay
106.853442,9,10355.555095,clay
99.54069,10,10358.626505,clay
107.153442,9,10361.882985,log
75.39636,32,10366.580632,log
83.733913,23,10371.591375,log
108.28,7,10375.881395,clay
87.883755,23,10379.742384,clay
101.03,12,10383.103352,clay
97.792624,16,10386.432853,diamond_ore
89.602542,20,10390.655313,diamond_ore
108.57,8,10393.925296,diamond_ore
76.482269,29,10398.025657,diamond_ore
103.2,10,10401.087955,diamond_ore
76.090458,37,10405.527117,diamond_ore
102.402829,14,10409.778013,diamond_ore
107.760492,8,10414.350682,diamond_ore
107.27,8,10417.747354,diamond_ore
100.438128,14,10421.23051,log
103.170472,11,10425.597633,log
104.73069,11,10429.990263,log
95.40803,17,10433.487056,clay
89.034663,22,10437.301013,clay
107.08,9,10441.450023,clay
87.265217,9,10445.783457,log
105.958127,10,10450.512691,log
97.47,13,10453.789343,log
84.221489,23,10458.246461,log
108.718127,9,10462.004885,log
104.280205,12,10465.512871,log
103.670472,11,10468.913838,clay
106.33,8,10472.675823,clay
110.2,6,10475.584815,clay
88.531405,20,10479.399785,diamond_ore
105.56,9,10482.586527,diamond_ore
111.15,5,10485.623854,diamond_ore
91.03784,19,10489.326257,log
106.64,8,10492.699705,log
108.83,7,10495.929796,log
101.661219,10,10499.176469,diamond_ore
100.826707,14,10502.325691,diamond_ore
83.570927,24,10506.275836,diamond_ore
103.611097,11,10509.851022,diamond_ore
100.998835,14,10513.232918,diamond_ore
108.636559,8,10516.449661,diamond_ore
105.74,6,10519.288214,clay
93.924475,18,10522.718701,clay
105.837288,10,10525.887552,clay
102.53,7,10529.074087,log
107.191097,8,10532.683175,log
102.24,11,10536.347084,log
108.04,8,10539.968785,log
98.696106,11,10543.346017,log
98.778484,12,10546.92867,log
101.21,9,10550.396005,clay
79.569761,27,10555.040704,clay
75.531876,32,10559.840117,clay
110.26,6,10564.317982,diamond_ore
108.47,8,10568.075492,diamond_ore
110.690492,6,10571.141821,diamond_ore
104.71,9,10574.609366,diamond_ore
101.59069,10,10578.0191,diamond_ore
92.441038,20,10582.282752,diamond_ore
111.15,5,10585.732792,clay
107.17,8,10589.229989,clay
108.73,7,10592.805732,clay
96.982331,16,10596.579638,diamond_ore
92.520927,19,10600.552972,diamond_ore
104.378145,11,10606.557105,diamond_ore
105.81,9,10610.286421,log
62.860278,21,10614.677808,log
100.78,12,10618.023557,log
108.73,7,10621.265787,clay
103.39,11,10624.758855,clay
104.298127,11,10629.477439,clay
108.93,7,10633.80795,log
100.956625,12,10637.200583,log
97.951097,14,10640.971023,log
102.416625,11,10645.071096,diamond_ore
111.470492,6,10648.460945,diamond_ore
108.73,7,10653.184348,diamond_ore
91.826106,18,10657.539382,clay
110.24,6,10661.90498,clay
108.69,7,10665.179622,clay
106.33,8,10669.359612,clay
98.959524,16,10673.066098,clay
104.680472,10,10676.573964,clay
110.21,6,10679.509037,diamond_ore
100.390927,14,10683.116122,diamond_ore
103.087655,11,10686.678058,diamond_ore
82.461489,24,10691.308584,clay
106.853442,9,10694.857433,clay
103.634238,13,10698.07443,clay
107.435217,10,10702.717168,diamond_ore
74.93,32,10707.117079,diamond_ore
100.602331,14,10710.573365,diamond_ore
104.35,10,10713.772065,log
107.153442,9,10717.2572,log
95.885388,17,10720.91286,log
106.67,10,10724.632291,log
110.26,6,10727.467898,log
86.34,21,10732.105747,log
108.73,7,10735.1452,log
102.651967,12,10739.03881,log
105.2,10,10742.740771,log
80.325818,26,10747.303072,log
105.29,6,10750.786872,log
98.17,13,10754.803971,log
100.98,12,10758.192103,clay
93.831424,18,10762.790856,clay
104.598145,10,10765.794342,clay
108.208145,9,10769.310801,diamond_ore
97.990601,16,10772.906524,diamond_ore
74.711863,37,10778.03105,diamond_ore
106.77,8,10782.374225,log
102.189481,11,10786.431881,log
104.66,10,10789.846009,log
107.37,8,10793.369835,diamond_ore
107.13,8,10798.888683,diamond_ore
110.24,6,10801.971349,diamond_ore
100.005256,14,10805.323471,clay
102.830205,12,10809.390518,clay
79.592809,28,10813.771424,clay
105.29,6,10817.367886,diamond_ore
97.166255,14,10822.880661,diamond_ore
95.432933,18,10826.402179,diamond_ore
105.82,9,10829.48368,clay
105.52,9,10832.632155,clay
108.93,7,10835.827061,clay
110.24,6,10838.56032,clay
108.64,7,10841.764122,clay
110.18,7,10845.258386,clay
104.81,9,10848.419369,clay
83.971528,24,10852.81928,clay
101.33,12,10856.543748,clay
107.531097,9,10861.902147,clay
104.168145,12,10866.198447,clay
99.038835,14,10870.003159,clay
110.44,6,10873.568134,diamond_ore
99.65,15,10879.188849,diamond_ore
83.552331,24,10883.339131,diamond_ore
99.882804,14,10887.062653,diamond_ore
106.14,6,10891.292854,diamond_ore
103.931097,10,10894.473039,diamond_ore
102.909733,12,10898.007128,log
103.998145,10,10900.827283,log
106.91,9,10903.911155,log
96.945217,15,10908.078302,log
108.93,7,10912.262472,log
92.32,5,10915.052118,log
68.03,49,10920.262065,log
94.818127,14,10923.690036,log
104.80409,12,10927.141029,log
99.18069,11,10930.668376,diamond_ore
97.89,11,10933.766872,diamond_ore
77.526457,39,10939.303062,diamond_ore
103.191569,11,10942.661297,diamond_ore
102.328145,11,10947.39408,diamond_ore
87.73,8,10951.464052,diamond_ore
103.111405,12,10954.971397,clay
95.096106,16,10958.819968,clay
88.392331,20,10963.319154,clay
106.790472,9,10966.867869,clay
102.525256,12,10970.259938,clay
94.742331,16,10973.786321,clay
101.198145,9,10976.875334,log
101.48,12,10981.081614,log
102.328145,11,10984.941552,log
106.33,8,10988.577199,clay
108.68,7,10992.991621,clay
106.8,5,10996.252789,clay
107.06,9,10999.880145,log
105.29,6,11004.38655,log
105.57,9,11007.4877,log
104.27,9,11010.643311,log
102.13,12,11014.924196,log
98.71,14,11018.410461,log
105.29,6,11022.908031,diamond_ore
103.922994,8,11026.668455,diamond_ore
105.03,7,11029.690297,diamond_ore
106.6,5,11032.591103,diamond_ore
95.742064,17,11036.501409,diamond_ore
106.558127,10,11039.904259,diamond_ore
98.51,14,11043.407107,log
91.588874,20,11047.50313,log
103.2,10,11050.784372,log
95.625217,16,11054.350886,log
89.577655,20,11060.562086,log
101.343913,12,11065.926375,log
108.47,8,11070.047342,diamond_ore
89.970039,20,11074.124534,diamond_ore
74.270927,29,11079.635887,diamond_ore
97.361569,15,11083.878422,diamond_ore
89.59,16,11088.10189,diamond_ore
103.74,11,11091.524622,diamond_ore
76.755818,29,11096.749718,clay
102.025217,12,11101.965283,clay
105.128145,11,11105.552514,clay
98.377655,15,11109.377312,clay
90.79,6,11113.083286,clay
108.68,7,11116.731432,clay
96.382331,16,11120.089197,diamond_ore
107.88,7,11123.592077,diamond_ore
110.06,6,11127.304871,diamond_ore
102.648127,12,11131.529906,clay
102.125748,13,11135.516387,clay
86.872501,23,11140.19922,clay
110.24,6,11143.571004,log
107.32,8,11146.871345,log
108.73,7,11149.978268,log
100.718874,13,11155.070462,clay
102.328145,11,11158.214556,clay
104.335256,11,11161.419348,clay
107.22,8,11164.52719,log
106.743442,10,11167.692573,log
91.1,15,11170.787027,log
110.617627,8,11174.357916,log
105.343442,10,11177.634881,log
99.43,12,11180.876424,log
73.605703,34,11187.167047,diamond_ore
88.331489,22,11190.823063,diamond_ore
103.587922,12,11194.118131,diamond_ore
110.24,6,11197.438895,log
101.67,8,11200.82622,log
108.69,7,11203.767641,log
91.535779,20,11206.915797,diamond_ore
108.28,7,11210.258366,diamond_ore
110.2,6,11213.0944,diamond_ore
111.09,6,11216.459005,diamond_ore
98.960562,14,11219.894012,diamond_ore
88.805318,20,11223.660342,diamond_ore
107.93,7,11227.128112,clay
104.05,10,11230.331908,clay
75.614214,28,11234.619778,clay
99.78,12,11237.908076,clay
94.397922,18,11241.451273,clay
100.210679,13,11244.8425,clay
107.02,8,11247.994312,diamond_ore
78.692083,28,11252.429055,diamond_ore
99.919973,15,11255.894694,diamond_ore
74.716621,31,11260.40026,log
109.031097,9,11265.330911,log
93.130039,18,11269.421888,log
106.4,10,11272.70302,clay
110.44,6,11275.574862,clay
110.24,6,11278.440078,clay
103.078145,11,11282.372329,diamond_ore
110.44,6,11285.493005,diamond_ore
111.75,5,11288.542172,diamond_ore
92.270927,19,11292.475878,clay
106.814563,10,11295.710788,clay
97.86,14,11298.741975,clay
109.031097,9,11302.520838,clay
99.76,9,11305.368452,clay
104.678127,8,11308.567744,clay
110.44,6,11311.341602,log
105.870492,6,11314.703544,log
108.69,7,11319.268042,log
108.78,7,11322.024474,log
103.02,13,11325.292426,log
98.739705,15,11328.985672,log
99.54069,10,11332.102687,diamond_ore
76.641514,28,11336.596253,diamond_ore
106.25,10,11339.868106,diamond_ore
97.296668,15,11343.58187,diamond_ore
99.670472,12,11346.775343,diamond_ore
99.73,12,11349.975962,diamond_ore
101.740039,13,11353.332411,diamond_ore
105.52,9,11357.041414,diamond_ore
93.59,16,11360.666863,diamond_ore
106.158145,9,11363.585348,log
103.89,11,11366.981227,log
72.414214,34,11373.085887,log
107.12,8,11376.554884,clay
107.0,5,11379.403191,clay
110.24,6,11382.761239,clay
93.515421,18,11386.666745,log
104.35,10,11390.261023,log
92.619989,18,11394.849817,log
93.84,16,11399.727886,clay
100.815946,13,11404.028024,clay
68.790916,42,11410.96306,clay
102.98,7,11413.922026,log
109.59,6,11417.121035,log
104.22,9,11420.111011,log
94.05161,18,11423.699459,clay
100.339973,13,11427.086983,clay
106.593647,10,11430.5682,clay
110.21,6,11433.564986,diamond_ore
78.758277,27,11437.771755,diamond_ore
101.311069,14,11440.980853,diamond_ore
95.561219,16,11444.40311,clay
85.861405,22,11448.290792,clay
97.442331,16,11451.595878,clay
84.621405,24,11456.090025,diamond_ore
95.006621,17,11459.571419,diamond_ore
73.163859,34,11464.959161,diamond_ore
100.966668,13,11468.150763,log
103.157655,12,11472.61119,log
105.128145,11,11476.949015,log
99.466796,14,11481.06137,log
90.071539,20,11485.973221,log
91.479549,20,11489.625131,log
110.24,6,11492.81267,diamond_ore
108.600492,8,11496.867978,diamond_ore
111.95,5,11500.811103,diamond_ore
99.60069,14,11504.076476,log
106.16,9,11507.010897,log
92.75,16,11510.78243,log
74.345456,53,11516.825089,clay
110.26,6,11520.615105,clay
90.79,6,11523.504924,clay
105.567655,11,11526.662013,diamond_ore
103.34,12,11529.718181,diamond_ore
85.430876,21,11533.514271,diamond_ore
103.936436,12,11537.006061,clay
100.267922,15,11540.824948,clay
101.481528,14,11544.483185,clay
104.316154,13,11548.412516,log
103.33,12,11551.440108,log
95.210952,17,11555.00269,log
105.128145,11,11559.683505,log
108.69,7,11562.520441,log
105.81,9,11565.623664,log
102.167655,12,11569.098923,diamond_ore
74.871683,29,11573.216424,diamond_ore
84.065433,24,11577.356104,diamond_ore
108.47,8,11580.941109,clay
96.475779,16,11583.975159,clay
103.045809,13,11587.005107,clay
87.242708,23,11590.492745,clay
107.33,8,11593.721178,clay
110.44,6,11596.858957,clay
75.27,28,11600.830281,log
97.620927,14,11604.224929,log
94.156145,17,11608.014602,log
108.73,7,11612.261551,diamond_ore
101.928127,13,11615.595971,diamond_ore
84.527033,24,11619.358393,diamond_ore
75.25681,36,11624.041497,clay
95.66,16,11627.542156,clay
84.843736,23,11631.8428,clay
106.62,8,11634.866499,diamond_ore
98.78,13,11638.151097,diamond_ore
106.54,6,11641.715231,diamond_ore
101.23,12,11644.890122,log
100.351097,12,11647.757987,log
105.09,6,11651.827234,log
73.62161,31,11656.162841,diamond_ore
101.8995,9,11659.223484,diamond_ore
102.478145,11,11663.048701,diamond_ore
104.397922,11,11665.977606,diamond_ore
107.13,8,11668.733801,diamond_ore
108.73,7,11671.811158,diamond_ore
103.809141,12,11675.218398,log
93.361405,17,11678.83689,log
98.46,14,11682.441301,log
103.57,9,11685.62858,clay
102.351097,12,11688.693285,clay
93.07421,17,11692.344005,clay
97.16,14,11695.920493,diamond_ore
76.722017,27,11700.05506,diamond_ore
93.501877,18,11703.311807,diamond_ore
109.46,6,11706.255458,clay
108.29,7,11709.081423,clay
107.0,5,11711.82737,clay
107.153442,9,11715.029626,log
73.691405,30,11719.661841,log
87.877655,21,11724.378041,log
87.282331,21,11728.088807,clay
95.940362,15,11731.700981,clay
104.151097,12,11736.78024,clay
106.972021,10,11740.002473,clay
108.73,7,11743.536178,clay
100.64,11,11746.950443,clay
89.365217,18,11750.485713,log
105.078145,11,11753.989807,log
104.081569,12,11757.544753,log
105.175217,11,11761.09695,log
108.73,7,11764.357732,log
108.93,7,11767.531309,log
76.787359,37,11774.396539,clay
89.420612,20,11778.053518,clay
103.94,11,11781.461965,clay
99.47,13,11785.084725,diamond_ore
108.68,7,11788.359404,diamond_ore
108.75,7,11791.404909,diamond_ore
102.661444,13,11794.921873,clay
103.536106,12,11799.522808,clay
104.65,10,11802.488631,clay
101.150679,14,11806.877528,diamond_ore
81.851528,26,11811.076749,diamond_ore
101.711069,13,11814.596037,diamond_ore
101.641569,12,11818.086755,diamond_ore
105.593442,10,11821.44776,diamond_ore
107.06,9,11825.9891,diamond_ore
102.69,11,11829.107675,log
73.581489,32,11833.416435,log
80.99232,25,11838.753654,log
104.1,10,11841.670638,clay
86.481166,24,11845.74861,clay
100.61,14,11849.244601,clay
98.986908,14,11853.026577,clay
108.68,7,11856.29814,clay
105.91,9,11859.325605,clay
109.031097,9,11863.526677,diamond_ore
103.025011,12,11866.994706,diamond_ore
70.661405,37,11872.065605,diamond_ore
109.5795,8,11875.067645,diamond_ore
110.44,6,11878.060435,diamond_ore
106.97,8,11880.873831,diamond_ore
78.820817,29,11885.028896,log
101.03,12,11888.01457,log
102.853913,11,11891.760874,log
88.920472,21,11895.680778,log
89.327552,21,11900.429702,log
96.5,15,11904.189964,log
102.19,12,11907.282943,log
105.49,6,11910.267767,log
110.44,6,11913.562263,log
95.251291,14,11917.010246,clay
89.099733,17,11920.91869,clay
84.250427,20,11924.327518,clay
110.248127,8,11927.826927,diamond_ore
105.19,11,11931.166156,diamond_ore
99.49,11,11934.415981,diamond_ore
104.640205,11,11937.796848,diamond_ore
107.0,5,11940.635752,diamond_ore
104.1,10,11943.562373,diamond_ore
109.031097,9,11948.286714,log
105.76,9,11951.17003,log
104.841097,9,11954.278621,log
104.703442,10,11957.369776,clay
110.44,6,11960.212719,clay
111.75,5,11963.528612,clay
110.24,6,11966.481869,clay
103.14,11,11969.652199,clay
82.17966,23,11974.57565,clay
102.667655,11,11977.539601,log
91.631219,18,11981.637879,log
105.128145,11,11984.768329,log
75.601405,28,11988.890462,log
93.521489,18,11992.615458,log
94.746718,17,11997.824805,log
104.680472,10,12000.92762,diamond_ore
75.351853,28,12005.14787,diamond_ore
95.510472,12,12008.891673,diamond_ore
102.84,11,12012.539701,clay
84.241617,21,12016.494449,clay
104.86,11,12019.542853,clay
91.956718,18,12022.726048,diamond_ore
106.238835,10,12026.202508,diamond_ore
94.568145,17,12029.562082,diamond_ore
106.253442,9,12032.776712,diamond_ore
110.44,6,12035.780075,diamond_ore
87.81,20,12039.509939,diamond_ore
106.227655,10,12043.999058,clay
91.087655,20,12047.593033,clay
71.474426,40,12052.679949,clay
103.078145,11,12057.079037,log
106.981097,9,12061.446084,log
96.55,15,12064.46769,log
95.884795,17,12068.059485,log
107.48,7,12070.792737,log
108.73,7,12074.155735,log
109.58,7,12077.395212,log
96.006668,16,12080.896838,log
107.91,9,12083.873199,log
100.510562,13,12087.16902,diamond_ore
98.220679,16,12090.778825,diamond_ore
93.84,17,12094.232181,diamond_ore
105.150927,11,12097.412286,diamond_ore
98.663283,17,12101.01095,diamond_ore
79.57278,27,12105.293025,diamond_ore
105.56,9,12108.499804,clay
107.08,9,12111.538503,clay
103.34,12,12114.576193,clay
107.266125,10,12117.894017,clay
106.16,9,12120.776179,clay
110.45,6,12123.733138,clay
107.06,9,12126.976237,log
89.410679,22,12131.899252,log
106.18069,11,12135.372973,log
85.382893,22,12138.976409,log
80.611656,25,12143.742294,log
89.0,20,12147.38784,log
105.61,9,12150.691585,diamond_ore
108.510492,8,12153.536009,diamond_ore
101.74,11,12156.752406,diamond_ore
109.311097,7,12159.73528,diamond_ore
98.35,15,12163.259463,diamond_ore
98.950039,11,12166.391989,diamond_ore
108.47,8,12169.278155,log
97.48,12,12172.757003,log
106.171452,10,12175.704112,log
105.043442,10,12180.535371,clay
110.44,6,12183.247985,clay
103.4,10,12186.508564,clay
108.68,7,12189.576064,clay
105.131097,10,12192.50676,clay
94.990729,16,12197.112683,clay
107.251569,10,12200.559505,diamond_ore
95.541569,16,12203.919206,diamond_ore
101.135217,12,12207.055088,diamond_ore
108.69,7,12210.610074,clay
94.580239,18,12214.761719,clay
104.210472,12,12217.874272,clay
74.062893,33,12222.350236,clay
101.08,12,12225.310427,clay
107.0,5,12228.446786,clay
92.161405,17,12233.107471,log
86.993098,24,12237.419354,log
101.789436,14,12241.028324,log
103.450729,11,12244.078971,clay
102.328145,11,12247.548503,clay
96.15301,17,12251.180036,clay
81.216718,25,12254.760091,diamond_ore
93.634539,18,12258.643422,diamond_ore
96.71,16,12262.137566,diamond_ore
108.111364,9,12265.417191,diamond_ore
104.791364,11,12269.745956,diamond_ore
82.612083,25,12273.896153,diamond_ore
71.69762,51,12280.990108,diamond_ore
100.56,9,12283.646039,diamond_ore
102.34,11,12286.911902,diamond_ore
91.977922,19,12290.566179,clay
71.901881,47,12295.887094,clay
67.004663,58,12301.99038,clay
104.221097,11,12304.819052,log
102.217397,13,12308.547187,log
100.998835,14,12311.865717,log
103.583442,11,12314.990319,log
103.39,11,12318.246705,log
102.5,10,12321.450299,log
104.82,9,12324.451277,log
103.0,11,12327.586069,log
111.75,5,12330.597387,log
106.558127,10,12333.79232,diamond_ore
106.16,9,12336.890272,diamond_ore
82.828145,11,12340.312042,diamond_ore
102.499141,13,12343.463524,diamond_ore
103.46,10,12347.632609,diamond_ore
110.04,6,12350.491557,diamond_ore
105.147655,8,12353.554492,log
74.392532,31,12358.677519,log
106.158145,9,12361.483963,log
100.522893,13,12365.087794,clay
101.266668,13,12368.316142,clay
95.992331,16,12371.595837,clay
74.43,27,12375.513077,clay
108.3,7,12378.305434,clay
101.03,12,12381.475178,clay
83.3,10,12384.452457,diamond_ore
106.568127,10,12387.899451,diamond_ore
99.37,13,12391.886406,diamond_ore
106.99,8,12394.82643,log
106.158145,9,12398.895745,log
94.24,16,12402.282896,log
104.05,10,12405.261708,clay
84.599733,22,12409.091092,clay
76.732809,28,12413.192806,clay
95.460205,14,12416.666603,clay
94.07,18,12420.344556,clay
103.778145,11,12423.656563,clay
86.062239,24,12427.926254,clay
82.832974,26,12432.08436,clay
86.750927,21,12435.650614,clay
108.09,7,12438.770543,log
92.020927,19,12442.530453,log
79.406519,28,12446.901938,log
110.25,6,12449.746542,diamond_ore
107.822994,8,12452.861114,diamond_ore
106.850492,9,12456.346935,diamond_ore
103.99,11,12460.361029,clay
107.0,5,12463.076486,clay
109.61,6,12465.944381,clay
86.10666,22,12470.807859,diamond_ore
93.602893,18,12474.594226,diamond_ore
99.06,15,12477.856754,diamond_ore
103.131489,12,12481.312775,diamond_ore
103.170472,11,12484.405774,diamond_ore
107.06,9,12488.705603,diamond_ore
89.030205,22,12492.539543,log
89.541405,19,12496.339233,log
78.559761,28,12501.039756,log
106.561364,10,12504.059849,log
107.37,8,12507.193063,log
105.09,6,12510.13472,log
97.830562,16,12513.443865,diamond_ore
78.224072,29,12518.065883,diamond_ore
93.001069,19,12523.098701,diamond_ore
111.75,5,12526.128871,clay
107.37,8,12529.422601,clay
110.44,6,12532.257539,clay
109.98,7,12535.394588,clay
84.283185,22,12540.411764,clay
106.608127,10,12543.774997,clay
104.222994,9,12546.920987,log
103.078145,11,12551.724462,log
108.12409,10,12556.158401,log
82.642933,26,12559.829512,clay
71.08,27,12563.80364,clay
103.186436,11,12567.295741,clay
74.131405,30,12572.391887,log
98.930839,14,12576.260905,log
100.598874,14,12579.80031,log
109.648127,8,12582.803653,diamond_ore
101.23069,11,12586.178863,diamond_ore
103.559141,12,12589.750833,diamond_ore
107.13,8,12592.598958,log
108.73,7,12595.936645,log
99.54,11,12599.007756,log
99.769986,15,12604.191161,diamond_ore
107.13,8,12607.355907,diamond_ore
104.05,10,12610.527838,diamond_ore
92.956668,19,12614.296709,clay
107.27,8,12617.325888,clay
107.0,5,12620.157616,clay
101.507397,14,12623.884619,diamond_ore
95.549141,17,12627.948833,diamond_ore
104.01,10,12630.891011,diamond_ore
94.648127,16,12634.467219,diamond_ore
105.42,9,12637.370595,diamond_ore
106.31,9,12642.015759,diamond_ore
109.98,7,12645.121004,diamond_ore
102.383442,12,12648.544488,diamond_ore
97.690458,16,12652.366202,diamond_ore
103.170472,11,12656.998472,log
106.158145,9,12661.0857,log
85.131302,22,12665.864774,log
99.513647,15,12669.326685,log
105.29,6,12674.044787,log
108.93,7,12678.372635,log
106.57,8,12681.01095,log
104.680472,10,12685.170729,log
103.540472,10,12688.042643,log
95.9,15,12691.623683,clay
103.501097,12,12694.729219,clay
104.18,12,12699.058627,clay
108.798145,9,12703.417704,clay
105.196436,11,12706.729834,clay
80.795867,26,12710.704913,clay
110.24,6,12713.762622,diamond_ore
96.965682,18,12717.709898,diamond_ore
95.299397,17,12721.461721,diamond_ore
75.524941,31,12726.987705,diamond_ore
105.81,9,12729.770477,diamond_ore
105.82,9,12733.826079,diamond_ore
98.516625,11,12736.994164,log
96.197655,18,12740.548949,log
103.248145,9,12743.582874,log
108.89,7,12746.268326,diamond_ore
103.170472,11,12751.088957,diamond_ore
102.887922,12,12754.184517,diamond_ore
110.45,6,12756.845457,log
107.89,7,12759.854523,log
71.157677,34,12764.075999,log
107.06,9,12767.510318,clay
107.547627,10,12771.695997,clay
93.738823,18,12775.713221,clay
103.45,10,12778.851758,log
104.168145,12,12782.297406,log
71.010111,50,12787.449925,log
110.24,6,12790.361542,clay
99.78,13,12793.338433,clay
100.619703,15,12796.647098,clay
97.420905,16,12800.525889,clay
105.49,6,12803.412695,clay
106.47,9,12806.289345,clay
102.549141,13,12809.566015,diamond_ore
75.301767,37,12813.958884,diamond_ore
103.1,11,12816.723835,diamond_ore
110.24,6,12819.681297,clay
106.07409,10,12824.012275,clay
99.37,13,12827.452282,clay
85.74,21,12831.193537,log
105.847922,11,12834.579641,log
88.66,19,12838.148431,log
105.09,6,12843.165398,diamond_ore
93.58,18,12846.833122,diamond_ore
95.85582,18,12850.33365,diamond_ore
106.22,8,12853.700188,log
106.57,8,12857.707671,log
107.0,5,12861.831406,log
108.7,7,12865.003118,log
99.54069,10,12867.963555,log
105.5,10,12871.318026,log
108.53,7,12874.584201,clay
100.590039,13,12878.61932,clay
103.361097,11,12881.827784,clay
73.882331,36,12886.356278,diamond_ore
103.95,10,12889.446379,diamond_ore
111.75,5,12892.434254,diamond_ore
95.351444,16,12895.848402,clay
104.46,9,12898.644218,clay
93.81,4,12901.626197,clay
98.727655,10,12905.596441,log
102.666625,11,12908.808357,log
100.285217,12,12912.236737,log
107.3,5,12915.129119,clay
73.034028,35,12919.338391,clay
101.28,12,12922.475741,clay
88.492331,21,12926.406449,clay
107.32,8,12930.117061,clay
106.78,8,12933.067243,clay
101.198145,9,12936.159387,log
104.84,6,12938.841536,log
108.73,7,12941.935335,log
110.24,6,12945.301166,log
88.52,19,12948.739974,log
99.54069,10,12952.4446,log
108.08,7,12955.194262,diamond_ore
92.092622,20,12959.592314,diamond_ore
101.046707,11,12962.814581,diamond_ore
100.436095,11,12966.74929,diamond_ore
108.14,7,12969.386376,diamond_ore
108.73,7,12972.612547,diamond_ore
107.42,8,12976.600207,diamond_ore
101.931097,11,12979.696773,diamond_ore
103.078145,11,12983.65377,diamond_ore
105.46,9,12986.466271,clay
74.495614,38,12992.574339,clay
95.625217,16,12996.208249,clay
85.750362,24,13000.113726,log
97.841781,16,13004.159595,log
88.320927,20,13007.712267,log
73.314663,32,13012.359633,diamond_ore
97.78,12,13015.770175,diamond_ore
87.68069,21,13019.391657,diamond_ore
105.52,9,13022.449608,clay
108.13,7,13025.594696,clay
110.24,6,13029.081611,clay
107.481097,10,13034.273411,diamond_ore
113.180492,5,13037.319631,diamond_ore
107.37,8,13040.139635,diamond_ore
103.739989,11,13043.004887,clay
96.14,11,13047.892617,clay
101.3,12,13050.77642,clay
107.93,7,13054.171875,log
105.28,8,13057.06174,log
110.24,6,13060.295458,log
96.311405,17,13063.857476,clay
99.34,11,13067.143723,clay
92.001405,19,13070.749514,clay
85.970205,23,13074.282941,log
96.891405,14,13078.973258,log
75.93262,38,13085.349684,log
105.09,6,13088.04233,diamond_ore
76.710927,27,13092.614396,diamond_ore
76.915779,28,13096.68645,diamond_ore
92.47,18,13100.133846,clay
99.79,13,13105.47598,clay
100.693442,10,13108.693602,clay
101.79,11,13111.993625,log
86.442994,6,13115.686213,log
108.73,7,13118.965771,log
75.163442,28,13124.29571,diamond_ore
69.332809,43,13130.78644,diamond_ore
76.536143,28,13135.225435,diamond_ore
95.266106,15,13138.315395,diamond_ore
104.093847,11,13141.486021,diamond_ore
103.078145,11,13144.774396,diamond_ore
100.0,10,13148.841996,diamond_ore
108.93,7,13151.843449,diamond_ore
110.04,6,13155.992368,diamond_ore
102.84,11,13159.589929,clay
106.38,8,13163.667899,clay
103.39,11,13166.892299,clay
96.346796,17,13170.407802,log
104.638145,10,13173.943397,log
69.431405,40,13178.444373,log
100.94,13,13181.607148,clay
91.922331,18,13184.90471,clay
105.801364,10,13188.073728,clay
101.99,11,13192.37552,log
100.525256,13,13195.576635,log
97.066625,11,13198.943772,log
94.43,17,13202.233349,log
100.92,13,13205.498812,log
98.208874,13,13210.083033,log
94.42,18,13213.704878,log
110.44,6,13217.985958,log
110.25,6,13220.947615,log
97.441364,16,13224.430354,clay
93.970601,18,13228.310882,clay
105.603442,10,13231.228568,clay
106.54,6,13235.586994,diamond_ore
95.08069,16,13239.06103,diamond_ore
103.078145,11,13242.381812,diamond_ore
106.558127,10,13245.878004,diamond_ore
101.892788,13,13249.209271,diamond_ore
97.81,14,13252.396647,diamond_ore
108.68,7,13255.582442,clay
106.57,8,13258.748063,clay
108.93,7,13263.353023,clay
108.73,7,13266.542393,clay
97.418874,13,13270.746513,clay
83.73,22,13275.976444,clay
92.782902,18,13280.745346,diamond_ore
107.23,8,13283.676863,diamond_ore
99.67,13,13287.077202,diamond_ore
100.697288,14,13290.726272,log
89.132696,21,13294.459574,log
93.448145,19,13299.230831,log
110.44,6,13302.896707,diamond_ore
104.240278,13,13306.636477,diamond_ore
98.356244,16,13309.623588,diamond_ore
107.38,8,13312.489552,clay
86.748149,23,13316.698429,clay
96.530039,15,13320.056159,clay
88.072893,21,13323.953845,clay
108.93,7,13326.89097,clay
101.94,11,13329.643635,clay
100.557397,14,13333.973219,diamond_ore
97.92,14,13337.337852,diamond_ore
107.820039,9,13340.69205,diamond_ore
103.3,10,13344.030429,log
105.55,10,13347.475821,log
82.482316,25,13353.125979,log
99.71069,14,13356.445755,log
107.9,7,13359.455657,log
102.49,11,13362.563662,log
89.44,16,13365.976726,diamond_ore
108.93,7,13369.108052,diamond_ore
107.13,8,13373.116665,diamond_ore
101.28,12,13376.160148,clay
105.218835,12,13379.529895,clay
74.954099,42,13384.437032,clay
86.471489,18,13388.206237,log
106.91,9,13391.160637,log
88.2,20,13394.810044,log
95.84,11,13399.225671,log
73.99575,41,13403.987149,log
99.67,13,13408.466897,log
102.28,12,13412.743676,log
110.24,6,13416.042622,log
107.42,8,13419.377588,log
105.5,10,13422.859222,diamond_ore
102.14,12,13426.220776,diamond_ore
101.33,12,13431.806556,diamond_ore
106.67,8,13434.992816,clay
68.972809,39,13439.695905,clay
107.0,5,13443.668751,clay
105.82,8,13446.576908,clay
103.001405,14,13449.806277,clay
85.62382,22,13454.061495,clay
104.91,10,13456.945413,diamond_ore
108.88,7,13459.977924,diamond_ore
105.49,6,13463.220885,diamond_ore
76.62069,27,13467.58638,log
71.046707,32,13472.139645,log
87.372455,22,13475.866441,log
105.768127,10,13479.180309,diamond_ore
96.927655,15,13483.977284,diamond_ore
90.53,18,13487.260249,diamond_ore
107.710205,9,13491.563225,clay
101.69,11,13494.796233,clay
98.43,12,13498.208903,clay
106.62,8,13501.265229,diamond_ore
94.99,16,13504.692968,diamond_ore
98.801364,15,13508.274856,diamond_ore
99.78,13,13511.359868,clay
102.49,11,13516.146356,clay
104.15,10,13519.94807,clay
106.8,5,13522.881707,clay
106.76,9,13527.26452,clay
95.199141,17,13531.022225,clay
106.42,8,13533.946982,log
91.16069,18,13538.063802,log
99.98,12,13542.587729,log
104.19,11,13546.049399,clay
90.57161,21,13550.157504,clay
104.109973,11,13553.56531,clay
103.54,11,13557.135207,log
109.64,6,13561.200266,log
110.25,6,13563.985022,log
97.516011,12,13567.370195,diamond_ore
92.272331,17,13571.234222,diamond_ore
105.438874,12,13574.498127,diamond_ore
90.636718,19,13577.983316,log
104.540205,11,13581.381063,log
106.93,9,13584.343651,log
104.95,10,13587.64471,diamond_ore
104.87,9,13590.816458,diamond_ore
105.17,9,13594.093997,diamond_ore
104.96,9,13597.280728,diamond_ore
95.72,13,13601.415003,diamond_ore
97.86,15,13605.314205,diamond_ore
106.42,8,13608.306498,clay
97.820927,15,13611.371078,clay
100.151405,13,13614.546044,clay
104.9,10,13618.394025,log
101.74,11,13623.037046,log
110.24,6,13626.087582,log
105.57,9,13629.249607,log
100.088835,14,13632.726092,log
106.190472,9,13636.105268,log
101.82,8,13639.185243,diamond_ore
103.55,10,13642.165144,diamond_ore
106.77,8,13645.147278,diamond_ore
106.97,8,13648.366377,diamond_ore
75.060612,30,13653.477933,diamond_ore
99.338777,16,13656.806329,diamond_ore
109.58,7,13660.149844,log
82.749989,24,13663.894367,log
100.97,13,13667.295278,log
102.54,11,13670.397258,clay
107.0,5,13674.380232,clay
88.71,19,13677.650215,clay
106.8,5,13680.669789,clay
107.173442,9,13683.817992,clay
92.211137,19,13688.096167,clay
95.990601,16,13692.810131,diamond_ore
102.243442,12,13696.109634,diamond_ore
75.732529,29,13700.511163,diamond_ore
86.391364,16,13704.256827,log
104.26,9,13707.499634,log
103.5,10,13710.875613,log
103.32,8,13713.9965,clay
93.371781,18,13717.748725,clay
96.89,16,13721.402638,clay
102.34,11,13724.782081,diamond_ore
82.07,24,13728.193656,diamond_ore
100.346106,13,13731.213612,diamond_ore
108.73,7,13734.420779,log
103.349733,12,13737.799881,log
95.053361,17,13741.79392,log
108.111364,9,13746.396791,clay
71.103736,32,13750.94778,clay
79.621516,28,13755.204772,clay
102.69,11,13758.917753,diamond_ore
105.09,6,13762.768748,diamond_ore
104.06,10,13765.801728,diamond_ore
89.69,18,13771.030764,clay
102.49,11,13775.598688,clay
108.93,7,13779.731653,clay
97.062331,15,13782.993719,log
76.101659,31,13787.488634,log
99.030927,13,13791.000469,log
104.3,10,13794.593349,clay
107.153442,9,13797.67675,clay
102.73,12,13801.83373,clay
108.93,7,13807.264747,log
107.06,9,13810.882701,log
100.18,13,13814.372373,log
101.518145,12,13817.627891,log
102.82,10,13821.043197,log
105.49,6,13824.167503,log
104.638145,10,13828.722654,diamond_ore
71.295351,41,13835.286656,diamond_ore
106.71,9,13838.637027,diamond_ore
94.469703,19,13842.583075,diamond_ore
75.014915,34,13847.357252,diamond_ore
75.23,27,13851.23729,diamond_ore
100.368127,14,13855.541627,log
72.521405,31,13860.049474,log
107.126559,9,13863.541903,log
99.905217,13,13866.777391,diamond_ore
104.3,10,13870.181464,diamond_ore
108.08,7,13873.74439,diamond_ore
85.262893,23,13879.286712,clay
100.150562,15,13883.044514,clay
102.328145,11,13887.666673,clay
107.06,9,13892.290218,clay
96.61,14,13895.954734,clay
107.751097,8,13900.041673,clay
110.24,6,13903.595515,clay
100.38,12,13908.325194,clay
104.31,9,13911.326684,clay
110.24,6,13916.084452,clay
99.88,12,13920.932468,clay
107.861364,9,13924.336501,clay
103.418145,12,13929.765357,log
97.331405,15,13933.982729,log
97.296785,16,13939.097492,log
101.34,11,13942.476517,diamond_ore
101.78,12,13945.857916,diamond_ore
99.350679,14,13950.169502,diamond_ore
91.78,18,13953.904436,diamond_ore
104.3,10,13957.400103,diamond_ore
110.24,6,13962.181793,diamond_ore
110.44,6,13966.724469,diamond_ore
72.633442,36,13972.947848,diamond_ore
85.78,23,13976.973977,diamond_ore
104.3,10,13981.897388,clay
79.322746,28,13987.559464,clay
87.220927,20,13992.755764,clay
103.65,10,13996.310249,log
103.7,10,14002.135634,log
110.39,6,14006.491766,log
107.38,8,14010.925809,log
86.24,21,14017.01663,log
101.33,12,14023.258535,log
105.783913,9,14027.723036,log
88.516115,22,14032.957793,log
84.405217,23,14037.391777,log
111.75,5,14041.984389,diamond_ore
73.565618,37,14048.319743,diamond_ore
92.05,20,14053.234689,diamond_ore
98.11,14,14058.368925,log
102.85,10,14063.06208,log
109.65,6,14066.740763,log
79.601728,27,14071.315701,clay
103.078145,11,14076.082889,clay
104.263913,10,14081.514215,clay
96.253913,11,14085.315485,log
95.08,17,14091.17301,log
96.2,15,14095.965896,log
103.58,7,14099.439781,clay
88.694821,21,14103.998251,clay
99.5395,10,14108.493405,clay
96.65,15,14113.295978,diamond_ore
104.3,10,14117.279561,diamond_ore
100.89,11,14121.970966,diamond_ore
105.82,9,14126.288076,diamond_ore
76.630966,29,14131.884804,diamond_ore
107.06,9,14136.726228,diamond_ore
98.991291,15,14141.715434,clay
107.22,8,14146.129455,clay
102.44,11,14151.084293,clay
95.240927,17,14155.223268,diamond_ore
87.79,21,14160.222929,diamond_ore
67.32,43,14166.769465,diamond_ore
107.37,8,14171.94412,log
96.664397,17,14176.129982,log
82.486707,23,14180.390243,log
87.15,5,14183.761431,clay
107.42,8,14187.360941,clay
108.73,7,14193.162147,clay
111.95,5,14197.730837,clay
101.320039,14,14202.449263,clay
80.950426,27,14207.681396,clay
88.580562,21,14211.672716,log
106.79,8,14216.158728,log
104.3,10,14219.880893,log
78.84,26,14226.136011,diamond_ore
104.606718,11,14230.549956,diamond_ore
106.503847,10,14235.143215,diamond_ore
110.24,6,14238.669143,clay
78.548104,28,14245.279248,clay
107.126559,9,14248.964185,clay
103.7,10,14254.186109,log
108.118127,9,14259.17709,log
100.97,13,14263.55212,log
103.55,10,14268.7976,diamond_ore
68.88,72,14275.750284,diamond_ore
108.55,7,14279.096153,diamond_ore
101.001291,14,14284.051632,clay
100.006796,15,14289.705302,clay
82.653757,27,14296.346408,clay
111.75,5,14300.750494,log
105.28,8,14304.153691,log
103.7,10,14309.235681,log
103.080679,12,14314.197593,diamond_ore
108.7,7,14317.643047,diamond_ore
110.04,6,14322.587281,diamond_ore
74.790927,28,14327.917598,log
96.136796,16,14332.811795,log
98.07,13,14337.505591,log
96.59,11,14343.132497,log
101.18,12,14348.220557,log
89.440562,20,14352.059704,log
104.06,9,14356.513633,clay
78.640774,27,14361.966863,clay
87.840969,22,14366.138262,clay
103.18,7,14369.333737,diamond_ore
100.74,12,14372.644033,diamond_ore
106.91,9,14376.290363,diamond_ore
88.671405,21,14381.302028,clay
103.26,10,14385.806777,clay
110.26,6,14389.045766,clay
101.598835,13,14392.798824,diamond_ore
91.258127,20,14396.753488,diamond_ore
87.7,20,14403.004831,diamond_ore
81.788849,24,14407.362744,log
71.875217,31,14413.400208,log
103.34,12,14418.84117,log
97.45,10,14422.3504,clay
100.91,9,14425.79308,clay
79.834415,27,14431.992799,clay
80.197634,27,14437.662434,log
107.94,7,14441.757798,log
108.73,7,14445.72966,log
92.096559,17,14450.888688,clay
106.77,8,14456.732972,clay
108.93,7,14461.18751,clay
90.79,6,14464.591921,clay
102.79,11,14469.297603,clay
71.325476,53,14477.648765,clay
102.328145,11,14480.963583,diamond_ore
102.818145,12,14486.313778,diamond_ore
101.065946,13,14489.757527,diamond_ore
107.42,8,14493.179364,log
92.52,18,14498.064372,log
100.256225,13,14502.146579,log
105.138145,11,14505.686425,diamond_ore
103.24,11,14509.351922,diamond_ore
103.45,10,14513.756383,diamond_ore
100.18,12,14518.014681,diamond_ore
103.4,12,14521.297975,diamond_ore
101.73,13,14524.573806,diamond_ore
111.76,5,14528.851581,clay
103.61,9,14531.96207,clay
104.71,9,14536.663041,clay
107.02,8,14540.143708,clay
102.625946,12,14543.824649,clay
82.71,24,14549.345574,clay
69.632331,47,14556.14592,diamond_ore
95.271405,16,14559.758167,diamond_ore
70.354847,38,14564.751523,diamond_ore
100.03,12,14569.693637,log
98.281405,15,14573.568523,log
81.954147,25,14578.902614,log
91.272944,19,14583.558784,clay
107.06,9,14588.815793,clay
93.680239,18,14593.116479,clay
99.67,13,14596.872818,log
84.565217,22,14601.66694,log
91.38,18,14606.075729,log
63.350361,65,14612.598058,diamond_ore
95.48,17,14617.264978,diamond_ore
91.740927,18,14621.014579,diamond_ore
107.5995,9,14624.513327,diamond_ore
103.7,10,14630.006868,diamond_ore
111.77,5,14633.038538,diamond_ore
93.665217,18,14637.906886,log
110.24,6,14641.243007,log
104.31,9,14645.714715,log
94.3295,16,14649.785434,clay
110.44,6,14653.354595,clay
95.25,15,14658.126056,clay
97.796707,16,14662.703514,diamond_ore
103.55,10,14667.105709,diamond_ore
98.65,10,14671.220166,diamond_ore
106.8,5,14674.550592,diamond_ore
103.39,11,14679.110531,diamond_ore
77.481219,28,14684.511712,diamond_ore
108.93,7,14690.393896,log
