#{"t_start": 1780947440.0215948, "env_id": "None"}
r,l,t,task_success,target
-19.047034,113,22.105396,False,wheat
-22.194985,82,34.833688,False,wheat
-3.808147,64,43.611143,False,wheat
-31.529747,140,58.968784,False,wheat
-30.762813,142,75.211388,False,wheat
-28.515398,195,90.771848,False,wheat
2.24351,71,99.218632,False,wheat
-6.815592,91,109.176585,False,wheat
-32.515299,190,126.892573,False,wheat
-26.498686,169,142.127767,False,wheat
10.68532,36,148.00012,False,wheat
4.166386,69,156.932205,False,wheat
-26.188821,178,173.794431,False,wheat
-0.82224,71,181.737645,False,wheat
-4.312847,95,201.266246,False,wheat
-6.481167,93,216.532859,False,wheat
-0.174082,67,226.3201,False,wheat
-24.261446,135,244.496695,False,wheat
5.418958,33,251.443111,False,wheat
-14.62051,146,267.404733,False,wheat
93.647145,118,281.586463,True,wheat
-7.057857,111,298.696856,False,wheat
-1.61665,109,312.620512,False,wheat
-2.658908,167,329.606237,False,wheat
102.128021,106,343.617615,True,wheat
-10.915676,179,362.6177,False,wheat
2.648531,101,372.425533,False,wheat
9.595367,114,384.670845,False,wheat
-4.213482,149,399.819259,False,wheat
5.587224,82,413.583718,False,wheat
4.787264,70,424.927199,False,wheat
1.821003,83,442.762157,False,wheat
106.415861,62,454.221338,True,wheat
108.293727,112,469.148393,True,wheat
11.940284,77,480.327864,False,wheat
107.207699,50,488.55934,True,wheat
9.534085,53,497.450344,False,wheat
-3.895209,110,514.731685,False,wheat
9.515153,95,525.83727,False,wheat
102.640517,137,539.942811,True,wheat
-4.14791,136,556.527928,False,wheat
8.039743,64,565.97748,False,wheat
4.089713,116,582.877892,False,wheat
6.024342,53,599.457929,False,wheat
2.674425,132,615.155574,False,wheat
8.070077,117,631.718178,False,wheat
105.951584,69,642.401902,True,wheat
-0.711746,109,658.631423,False,wheat
6.225284,135,671.485735,False,wheat
7.274813,63,683.318478,False,wheat
103.468735,59,698.878134,True,wheat
119.789498,89,712.354821,True,wheat
7.458802,57,722.546826,False,wheat
105.946963,67,736.024287,True,wheat
11.962275,87,747.297725,False,wheat
7.55674,145,762.729598,False,wheat
114.483034,116,773.588901,True,wheat
3.158358,102,788.66394,False,wheat
2.120998,107,805.027691,False,wheat
107.348792,63,815.109776,True,wheat
-0.855387,131,833.295969,False,wheat
-10.086308,137,849.70369,False,wheat
125.758866,100,862.101943,True,wheat
99.051064,82,879.943473,True,wheat
1.140337,56,897.857884,False,wheat
-0.431164,94,913.948797,False,wheat
-2.476214,84,930.961423,False,wheat
-8.478417,126,947.133013,False,wheat
116.570054,106,963.130167,True,wheat
0.874042,94,982.523047,False,wheat
108.217565,78,994.1692,True,wheat
12.122856,139,1010.52463,False,wheat
5.587952,162,1027.688169,False,wheat
104.775485,153,1041.593994,True,wheat
8.254516,69,1049.966725,False,wheat
98.828939,83,1061.862541,True,wheat
12.549662,57,1070.332406,False,wheat
103.33942,121,1084.572461,True,wheat
12.751781,115,1103.368159,False,wheat
8.893587,97,1116.06866,False,wheat
12.403729,36,1122.194767,False,wheat
108.892883,76,1130.818091,True,wheat
96.816589,167,1144.429766,True,wheat
106.822113,84,1153.752807,True,wheat
106.827803,106,1164.104861,True,wheat
3.072742,45,1170.734936,False,wheat
108.942576,55,1178.364453,True,wheat
22.248915,120,1189.821965,False,wheat
114.784879,182,1206.013458,True,wheat
109.791837,110,1215.309776,True,wheat
114.952152,77,1226.599573,True,wheat
15.226072,176,1241.971835,False,wheat
6.026305,62,1250.247678,False,wheat
115.806027,63,1258.901715,True,wheat
109.695654,78,1268.956483,True,wheat
11.942104,117,1286.913207,False,wheat
11.734185,72,1299.104891,False,wheat
30.135363,140,1317.15896,False,wheat
14.399112,78,1327.436877,False,wheat
4.370361,58,1344.122222,False,wheat
122.952196,103,1360.438689,True,wheat
13.577238,82,1374.206379,False,wheat
110.588379,87,1384.830732,True,wheat
104.681085,78,1395.576193,True,wheat
109.971645,48,1406.069651,True,wheat
14.57675,81,1422.550187,False,wheat
113.261457,54,1432.190572,True,wheat
8.114599,98,1449.090008,False,wheat
2.592872,96,1464.280536,False,wheat
11.408692,133,1485.09786,False,wheat
5.428136,118,1502.312217,False,wheat
110.449572,46,1509.619106,True,wheat
101.725695,99,1521.777559,True,wheat
8.734947,66,1539.481476,False,wheat
119.90778,112,1555.206844,True,wheat
11.751031,73,1573.176479,False,wheat
11.260369,106,1591.161353,False,wheat
113.091024,65,1603.339973,True,wheat
10.972999,52,1621.57731,False,wheat
6.675625,90,1642.936816,False,wheat
7.475866,70,1660.450544,False,wheat
5.82,52,1680.855681,False,wheat
9.072444,55,1705.733142,False,wheat
10.708209,95,1722.741972,False,wheat
109.968317,74,1737.266999,True,wheat
6.770688,103,1756.350448,False,wheat
113.672306,63,1775.353669,True,wheat
119.854563,75,1788.745557,True,wheat
6.244137,79,1808.43912,False,wheat
4.27475,76,1825.242658,False,wheat
7.941963,118,1842.040323,False,wheat
114.255755,47,1851.076726,True,wheat
10.19357,111,1868.192882,False,wheat
18.041436,102,1885.241849,False,wheat
104.764575,84,1894.931579,True,wheat
11.75237,80,1907.515207,False,wheat
104.756449,55,1917.720618,True,wheat
101.729339,122,1932.99533,True,wheat
110.042388,122,1949.836097,True,wheat
111.489771,65,1959.133472,True,wheat
113.157318,109,1973.146924,True,wheat
15.095698,135,1991.737182,False,wheat
115.966585,49,2000.052089,True,wheat
114.009906,74,2014.513615,True,wheat
113.759501,86,2026.024139,True,wheat
17.372393,110,2041.901521,False,wheat
110.330195,116,2055.66254,True,wheat
118.531776,97,2068.959235,True,wheat
17.44992,109,2081.519798,False,wheat
11.310619,70,2091.364918,False,wheat
111.002757,47,2098.667093,True,wheat
111.769936,56,2106.394986,True,wheat
117.785848,69,2115.222163,True,wheat
111.627879,66,2123.677384,True,wheat
111.903146,98,2134.360264,True,wheat
111.752304,93,2145.145166,True,wheat
112.250702,66,2152.749325,True,wheat
14.857939,110,2163.589054,False,wheat
115.828081,170,2178.995749,True,wheat
108.934749,99,2190.238144,True,wheat
121.31455,65,2198.859783,True,wheat
124.672158,83,2209.605368,True,wheat
15.079853,131,2222.193927,False,wheat
106.803388,138,2235.015038,True,wheat
6.042231,183,2250.199669,False,wheat
114.073899,51,2257.623343,True,wheat
112.102327,83,2268.34721,True,wheat
108.762673,53,2275.837721,True,wheat
113.2084,114,2287.67308,True,wheat
13.970618,59,2295.61003,False,wheat
108.15314,69,2304.203489,True,wheat
114.7247,83,2314.6071,True,wheat
125.159374,105,2325.600663,True,wheat
117.136712,84,2336.541916,True,wheat
9.920022,111,2346.947152,False,wheat
115.077216,45,2353.961401,True,wheat
118.59695,92,2364.185009,True,wheat
14.005155,181,2379.481526,False,wheat
-0.43595,171,2394.375456,False,wheat
117.914685,148,2406.439196,True,wheat
120.646227,124,2418.975574,True,wheat
21.465509,126,2431.165862,False,wheat
18.997498,194,2447.037392,False,wheat
5.833216,187,2462.043058,False,wheat
118.536884,65,2470.802962,True,wheat
20.915108,200,2488.191194,False,wheat
117.706666,129,2499.888973,True,wheat
121.509156,81,2509.837713,True,wheat
119.054254,113,2521.826397,True,wheat
23.558281,103,2532.928898,False,wheat
124.012528,75,2541.074766,True,wheat
116.40185,98,2550.934533,True,wheat
115.287025,68,2560.465688,True,wheat
116.324889,70,2569.599626,True,wheat
49.800278,200,2585.248885,False,wheat
138.176708,194,2601.949172,True,wheat
35.509017,155,2616.961655,False,wheat
118.526687,90,2626.763305,True,wheat
123.831694,164,2641.006842,True,wheat
122.385661,101,2651.028422,True,wheat
121.515973,68,2659.056142,True,wheat
120.767567,100,2671.876984,True,wheat
111.982245,72,2680.850575,True,wheat
120.535903,174,2696.562287,True,wheat
22.379684,70,2705.882323,False,wheat
112.454112,99,2715.836033,True,wheat
120.982672,70,2724.004561,True,wheat
112.165834,62,2732.247456,True,wheat
118.172043,89,2741.503666,True,wheat
116.632728,98,2750.928488,True,wheat
30.096718,200,2766.287872,False,wheat
15.391526,70,2774.963545,False,wheat
116.78158,81,2783.41832,True,wheat
117.907854,84,2792.570416,True,wheat
118.039524,53,2800.943424,True,wheat
121.868327,141,2814.624887,True,wheat
118.083262,79,2823.054276,True,wheat
108.915002,80,2832.284019,True,wheat
19.032452,200,2847.688466,False,wheat
115.309585,150,2860.11229,True,wheat
143.241451,170,2875.881737,True,wheat
109.788508,127,2887.518517,True,wheat
110.353943,103,2897.475102,True,wheat
113.506897,98,2908.300524,True,wheat
119.974311,122,2920.678251,True,wheat
113.937772,187,2934.918997,True,wheat
118.590604,57,2942.618724,True,wheat
111.139667,138,2954.848015,True,wheat
115.274992,99,2964.698744,True,wheat
107.779763,72,2973.545255,True,wheat
115.718255,100,2983.526496,True,wheat
112.371751,64,2991.384234,True,wheat
112.099048,118,3002.302632,True,wheat
113.844877,65,3010.861404,True,wheat
109.603089,66,3018.734418,True,wheat
112.32493,70,3028.53793,True,wheat
19.192449,200,3045.368856,False,wheat
117.575404,98,3054.707665,True,wheat
113.680461,112,3065.412299,True,wheat
123.971595,112,3077.827525,True,wheat
120.159845,64,3085.707156,True,wheat
10.351034,200,3101.227558,False,wheat
15.823613,77,3109.59436,False,wheat
122.501749,94,3120.616043,True,wheat
121.694037,66,3129.778629,True,wheat
122.015139,78,3137.879166,True,wheat
115.732062,54,3145.39779,True,wheat
113.279102,88,3154.448127,True,wheat
115.801882,95,3164.136241,True,wheat
23.726582,200,3181.235004,False,wheat
113.555222,88,3191.645578,True,wheat
116.957334,38,3198.007192,True,wheat
113.470997,89,3208.445448,True,wheat
114.638824,49,3215.868579,True,wheat
121.044304,176,3231.099555,True,wheat
106.257903,175,3245.986934,True,wheat
117.86322,67,3254.26947,True,wheat
22.255116,153,3268.074625,False,wheat
116.001068,62,3276.855607,True,wheat
121.981007,155,3290.755159,True,wheat
118.763213,56,3298.413531,True,wheat
110.97772,159,3312.332952,True,wheat
112.301155,33,3318.865037,True,wheat
114.138991,43,3325.592981,True,wheat
123.635742,176,3340.538331,True,wheat
120.670206,190,3355.243869,True,wheat
118.381663,58,3363.223531,True,wheat
28.774906,200,3378.583072,False,wheat
116.333085,49,3388.12024,True,wheat
111.788302,35,3395.033917,True,wheat
110.063729,61,3403.661281,True,wheat
136.024207,99,3413.360556,True,wheat
113.769376,31,3419.528211,True,wheat
119.225822,48,3426.603103,True,wheat
118.929231,138,3438.968151,True,wheat
119.23428,110,3450.75386,True,wheat
116.94943,171,3464.48041,True,wheat
114.286658,72,3473.206564,True,wheat
9.024747,192,3490.67753,False,wheat
114.800212,44,3496.129552,True,wheat
110.662974,44,3503.414839,True,wheat
120.224785,71,3511.609757,True,wheat
110.114882,54,3519.433635,True,wheat
120.180231,77,3526.950822,True,wheat
111.229145,34,3533.035021,True,wheat
122.986927,65,3541.04866,True,wheat
113.530418,50,3549.260918,True,wheat
34.787452,185,3565.666918,False,wheat
107.260775,147,3577.506824,True,wheat
117.352434,47,3586.254605,True,wheat
120.976724,67,3594.192084,True,wheat
115.558918,46,3601.041896,True,wheat
114.561739,78,3609.687317,True,wheat
118.213294,80,3618.447142,True,wheat
25.205407,200,3636.017007,False,wheat
116.546762,93,3644.576682,True,wheat
113.427089,82,3653.604164,True,wheat
14.319602,195,3669.869085,False,wheat
119.828001,59,3676.249594,True,wheat
114.492294,46,3683.674543,True,wheat
118.362573,152,3697.960395,True,wheat
115.892055,58,3705.711734,True,wheat
120.761672,83,3713.986676,True,wheat
10.566944,200,3730.242418,False,wheat
115.914217,111,3742.031381,True,wheat
117.152308,102,3752.517929,True,wheat
115.232733,46,3759.588215,True,wheat
113.69098,77,3768.211039,True,wheat
114.923145,73,3777.265967,True,wheat
117.268166,92,3786.743921,True,wheat
14.431169,94,3796.362836,False,wheat
117.887452,45,3803.891597,True,wheat
119.326038,52,3809.98246,True,wheat
109.520217,170,3823.911157,True,wheat
121.208319,82,3833.401952,True,wheat
131.163956,35,3840.030924,True,wheat
109.22575,72,3848.472598,True,wheat
120.309545,77,3857.447895,True,wheat
114.180065,39,3863.672777,True,wheat
115.025871,43,3871.627803,True,wheat
113.673164,85,3882.592124,True,wheat
126.302911,84,3891.833625,True,wheat
115.354882,52,3900.084,True,wheat
113.517003,76,3910.087724,True,wheat
116.85184,58,3918.696811,True,wheat
117.656222,44,3926.962919,True,wheat
111.877546,52,3935.231344,True,wheat
108.177755,51,3943.604228,True,wheat
116.984839,52,3949.603027,True,wheat
118.274786,51,3957.225087,True,wheat
16.843549,60,3964.909975,False,wheat
132.513749,25,3970.536161,True,wheat
111.571645,34,3977.488117,True,wheat
130.942103,32,3982.847423,True,wheat
112.151197,31,3988.943511,True,wheat
118.234465,42,3995.990346,True,wheat
123.476599,150,4008.884824,True,wheat
106.478625,53,4016.490986,True,wheat
113.280833,82,4024.533031,True,wheat
109.090887,80,4033.581559,True,wheat
103.375281,34,4040.572732,True,wheat
128.635636,52,4047.98117,True,wheat
117.908883,71,4056.2638,True,wheat
115.382432,26,4062.394926,True,wheat
116.007421,47,4070.342672,True,wheat
117.058793,72,4080.067354,True,wheat
116.094631,31,4085.970654,True,wheat
118.091531,82,4094.823707,True,wheat
116.333401,39,4101.352646,True,wheat
114.791627,47,4108.325637,True,wheat
110.546574,122,4121.767952,True,wheat
110.755622,29,4127.43598,True,wheat
117.320248,68,4135.470439,True,wheat
135.800762,60,4143.265071,True,wheat
114.848823,33,4149.626438,True,wheat
115.579585,52,4157.186064,True,wheat
115.909564,53,4164.251195,True,wheat
116.283425,32,4170.368245,True,wheat
116.835563,32,4176.348895,True,wheat
113.808658,30,4183.520773,True,wheat
118.31631,44,4190.88877,True,wheat
122.692774,130,4202.434135,True,wheat
114.730735,25,4209.228914,True,wheat
23.489454,139,4224.378436,False,wheat
121.30383,42,4229.852737,True,wheat
136.067413,96,4240.437394,True,wheat
118.467929,75,4249.486543,True,wheat
108.008346,28,4255.327325,True,wheat
116.860393,38,4261.822697,True,wheat
111.485017,75,4270.352123,True,wheat
116.420027,34,4276.636626,True,wheat
121.381743,52,4284.010881,True,wheat
117.024338,66,4291.433897,True,wheat
118.535534,74,4299.794741,True,wheat
111.922893,43,4307.623645,True,wheat
124.76725,95,4318.078291,True,wheat
115.807278,58,4325.781335,True,wheat
117.956632,37,4332.354605,True,wheat
18.73951,65,4339.992163,False,wheat
115.993114,66,4348.037009,True,wheat
114.283007,70,4357.414115,True,wheat
113.721212,52,4364.907605,True,wheat
112.768904,29,4370.849175,True,wheat
109.31645,42,4377.771345,True,wheat
116.445766,42,4385.27687,True,wheat
114.322673,27,4391.112825,True,wheat
116.780505,39,4398.321038,True,wheat
113.17201,31,4404.276183,True,wheat
113.098887,38,4410.97089,True,wheat
13.833099,29,4416.746692,False,wheat
116.710737,60,4425.528449,True,wheat
114.897518,36,4433.31694,True,wheat
109.143128,38,4439.570526,True,wheat
115.826262,42,4446.804429,True,wheat
115.835448,88,4456.007914,True,wheat
103.887631,27,4462.289879,True,wheat
117.087329,29,4469.312194,True,wheat
107.095561,32,4475.243691,True,wheat
119.27184,50,4483.092061,True,wheat
117.182107,53,4490.352886,True,wheat
115.118797,35,4497.424786,True,wheat
115.369212,69,4506.972883,True,wheat
120.930786,61,4514.795387,True,wheat
14.934056,38,4520.298369,False,wheat
103.020573,29,4527.544488,True,wheat
111.969521,35,4534.240317,True,wheat
6.103705,59,4542.001262,False,wheat
117.28435,39,4548.477083,True,wheat
103.868813,26,4554.299394,True,wheat
117.221778,69,4564.504607,True,wheat
118.264337,71,4572.735414,True,wheat
8.145317,38,4579.328426,False,wheat
123.888761,126,4591.420309,True,wheat
118.024585,71,4600.295095,True,wheat
114.900906,33,4607.697337,True,wheat
19.295419,52,4615.90296,False,wheat
111.472018,31,4621.760132,True,wheat
110.61798,44,4628.742716,True,wheat
115.804662,44,4636.080485,True,wheat
125.114769,77,4645.406448,True,wheat
114.104904,69,4653.479228,True,wheat
115.689932,48,4660.650087,True,wheat
125.356023,92,4670.476384,True,wheat
117.519905,48,4677.772953,True,wheat
119.542562,56,4686.230803,True,wheat
114.415284,28,4691.335597,True,wheat
114.647578,70,4699.840028,True,wheat
117.415737,47,4707.694346,True,wheat
113.713108,54,4714.984353,True,wheat
114.200706,41,4721.901393,True,wheat
116.352713,51,4729.059069,True,wheat
115.030498,56,4736.561921,True,wheat
119.162253,44,4743.377714,True,wheat
110.692751,35,4749.749171,True,wheat
113.381365,68,4757.88767,True,wheat
110.679968,43,4763.909591,True,wheat
113.075452,63,4771.604697,True,wheat
114.875036,52,4781.207669,True,wheat
115.026387,50,4788.304882,True,wheat
108.590005,20,4794.143081,True,wheat
109.854601,89,4805.031563,True,wheat
112.844949,56,4812.672723,True,wheat
134.738519,52,4819.352654,True,wheat
114.910716,31,4825.208152,True,wheat
114.608807,25,4831.215134,True,wheat
110.774455,71,4839.663517,True,wheat
113.1721,27,4845.541505,True,wheat
116.132567,33,4851.792042,True,wheat
15.035499,44,4860.409105,False,wheat
17.772926,43,4867.078215,False,wheat
138.819368,117,4879.661932,True,wheat
109.212448,30,4885.554223,True,wheat
110.099548,36,4891.893373,True,wheat
115.533751,36,4898.199453,True,wheat
105.179573,26,4904.449633,True,wheat
115.143432,23,4910.334657,True,wheat
112.258452,44,4916.347495,True,wheat
115.474887,45,4923.366788,True,wheat
2.341703,22,4929.206924,False,wheat
111.301261,53,4936.530457,True,wheat
116.498322,27,4943.248104,True,wheat
116.272626,62,4951.166224,True,wheat
117.906079,52,4958.536457,True,wheat
114.072987,28,4966.111208,True,wheat
117.150933,42,4973.530648,True,wheat
113.871845,42,4980.302765,True,wheat
104.029628,24,4987.405514,True,wheat
113.175915,46,4994.582166,True,wheat
130.121107,35,5001.236677,True,wheat
113.958411,24,5007.582893,True,wheat
117.958085,47,5015.233671,True,wheat
29.44324,39,5021.63734,False,wheat
117.940784,42,5028.709681,True,wheat
112.847516,37,5035.652425,True,wheat
112.29588,18,5041.128335,True,wheat
113.439628,35,5046.688033,True,wheat
114.348299,51,5053.991843,True,wheat
106.646007,26,5060.81678,True,wheat
113.336085,32,5066.83777,True,wheat
111.370803,46,5074.021345,True,wheat
102.491452,28,5080.182757,True,wheat
17.864187,35,5086.831718,False,wheat
114.147178,23,5091.643445,True,wheat
155.280415,52,5099.068295,True,wheat
118.724074,45,5105.837805,True,wheat
112.648319,38,5113.25273,True,wheat
116.199708,33,5120.204895,True,wheat
112.802372,26,5126.199207,True,wheat
113.408669,34,5133.016859,True,wheat
117.823509,44,5141.562056,True,wheat
110.931096,23,5147.382879,True,wheat
2.397655,42,5154.042501,False,wheat
111.203951,29,5160.199012,True,wheat
104.708201,18,5165.522715,True,wheat
113.594431,40,5172.225693,True,wheat
110.664397,23,5178.202899,True,wheat
115.168991,39,5186.07263,True,wheat
110.240212,32,5192.278597,True,wheat
116.146093,39,5198.944282,True,wheat
113.39677,23,5204.715549,True,wheat
113.660757,26,5212.07631,True,wheat
11.194126,49,5219.150886,False,wheat
14.804266,80,5229.078332,False,wheat
103.783012,23,5234.587609,True,wheat
110.326716,32,5240.570945,True,wheat
113.634927,27,5246.484209,True,wheat
112.772606,30,5252.705201,True,wheat
112.65462,22,5259.298474,True,wheat
105.194858,31,5265.376426,True,wheat
111.968325,53,5272.83269,True,wheat
109.331609,75,5282.600294,True,wheat
115.101588,22,5288.045072,True,wheat
110.287029,61,5297.223119,True,wheat
115.294522,25,5303.400355,True,wheat
111.852671,25,5308.95899,True,wheat
113.168839,29,5316.813024,True,wheat
115.574763,53,5324.746133,True,wheat
106.948941,64,5333.217911,True,wheat
114.553522,22,5338.922152,True,wheat
115.251903,25,5344.961679,True,wheat
129.75306,27,5350.882182,True,wheat
112.260098,61,5359.215555,True,wheat
115.509198,35,5365.915201,True,wheat
115.717752,84,5375.955422,True,wheat
114.244058,29,5382.21865,True,wheat
115.029131,44,5389.290092,True,wheat
134.805339,29,5395.409802,True,wheat
115.434765,31,5405.718462,True,wheat
116.894822,36,5420.730398,True,wheat
11.116866,35,5431.272614,False,wheat
113.459373,52,5441.085863,True,wheat
114.556121,34,5447.130988,True,wheat
113.910858,34,5454.005232,True,wheat
112.516625,23,5459.667014,True,wheat
111.999422,40,5467.492403,True,wheat
15.338121,29,5473.892915,False,wheat
113.118594,31,5480.935771,True,wheat
132.232478,56,5489.071543,True,wheat
5.971252,22,5496.605467,False,wheat
111.519813,33,5502.826112,True,wheat
114.454507,63,5511.452021,True,wheat
111.252828,19,5516.830372,True,wheat
114.302507,31,5523.052036,True,wheat
133.063788,26,5530.083388,True,wheat
112.516473,38,5539.065929,True,wheat
112.407994,21,5545.078822,True,wheat
114.623077,29,5551.329508,True,wheat
114.942812,43,5557.489154,True,wheat
111.936282,29,5564.521906,True,wheat
115.557024,26,5570.205217,True,wheat
109.306387,63,5579.266478,True,wheat
114.520107,27,5586.177632,True,wheat
112.982929,57,5594.196522,True,wheat
113.674887,47,5601.524897,True,wheat
108.803974,61,5610.017179,True,wheat
115.649838,38,5616.944894,True,wheat
118.403602,57,5626.129407,True,wheat
115.051868,28,5632.927124,True,wheat
111.770421,29,5639.233347,True,wheat
109.220629,31,5647.330876,True,wheat
111.569201,42,5655.212643,True,wheat
113.693862,34,5663.061598,True,wheat
16.484038,25,5669.853923,False,wheat
114.198195,46,5678.160387,True,wheat
117.349106,32,5687.493011,True,wheat
109.725809,33,5699.817871,True,wheat
114.701346,36,5709.098463,True,wheat
113.474961,38,5717.964827,True,wheat
100.245105,29,5724.352098,True,wheat
117.297841,40,5731.155318,True,wheat
113.26568,47,5739.267388,True,wheat
111.057457,26,5745.323426,True,wheat
116.691025,38,5752.576893,True,wheat
108.946466,41,5759.139799,True,wheat
114.929667,29,5766.079056,True,wheat
132.379789,37,5773.762659,True,wheat
132.008734,41,5784.155059,True,wheat
108.679541,34,5792.567819,True,wheat
114.209365,26,5800.073142,True,wheat
114.773155,34,5808.124778,True,wheat
116.063631,26,5817.449595,True,wheat
114.545511,25,5824.294809,True,wheat
110.360509,24,5831.59069,True,wheat
130.99223,28,5838.433234,True,wheat
103.266185,22,5844.871617,True,wheat
112.28074,33,5853.017593,True,wheat
113.644086,36,5861.502724,True,wheat
114.968782,26,5870.349447,True,wheat
111.939337,37,5878.848836,True,wheat
110.816854,23,5885.5991,True,wheat
134.983167,35,5893.220356,True,wheat
6.116098,23,5900.431499,False,wheat
114.729554,27,5907.914408,True,wheat
118.15442,27,5916.176646,True,wheat
116.01505,24,5923.145107,True,wheat
115.289395,49,5932.345515,True,wheat
116.33548,41,5940.590774,True,wheat
112.407331,28,5948.573288,True,wheat
115.92378,22,5956.218884,True,wheat
124.433404,22,5962.950132,True,wheat
111.306108,32,5972.610058,True,wheat
133.203271,25,5981.188262,True,wheat
131.538089,21,5988.279704,True,wheat
134.420626,30,5997.292964,True,wheat
115.180359,41,6008.098084,True,wheat
115.228222,25,6014.069213,True,wheat
115.702005,29,6020.867594,True,wheat
152.710822,28,6028.361817,True,wheat
118.661923,27,6035.80647,True,wheat
15.585454,24,6043.198087,False,wheat
112.484959,35,6050.541787,True,wheat
131.890223,23,6057.595474,True,wheat
114.846272,22,6064.614591,True,wheat
113.531145,21,6072.969623,True,wheat
114.48554,30,6080.962464,True,wheat
132.364063,21,6088.372369,True,wheat
15.011843,40,6097.744801,False,wheat
14.844989,23,6103.714839,False,wheat
130.439879,22,6109.325709,True,wheat
113.764676,26,6115.524606,True,wheat
112.515856,22,6120.50743,True,wheat
113.05293,30,6126.886553,True,wheat
115.611311,28,6132.471751,True,wheat
117.161618,29,6140.369332,True,wheat
113.125356,58,6149.383746,True,wheat
116.708444,17,6155.409019,True,wheat
115.282682,25,6162.085277,True,wheat
115.586342,19,6167.995885,True,wheat
114.407909,20,6173.071432,True,wheat
116.913827,20,6178.058776,True,wheat
109.702223,24,6184.010739,True,wheat
114.111317,40,6191.817116,True,wheat
116.678516,34,6198.753661,True,wheat
116.679974,21,6204.896284,True,wheat
107.772546,31,6211.201621,True,wheat
148.659148,64,6220.267738,True,wheat
12.873605,33,6228.493161,False,wheat
113.750514,37,6234.936967,True,wheat
110.569298,37,6242.245645,True,wheat
151.431827,32,6250.361491,True,wheat
112.954449,26,6256.254688,True,wheat
115.283416,28,6263.099619,True,wheat
130.014397,37,6270.12743,True,wheat
133.624771,50,6278.300403,True,wheat
130.520169,21,6284.302077,True,wheat
105.313922,20,6291.530746,True,wheat
113.327531,29,6298.048846,True,wheat
105.565281,20,6304.204137,True,wheat
116.412346,42,6311.721758,True,wheat
109.582864,29,6318.47504,True,wheat
113.266838,32,6325.405839,True,wheat
127.433938,31,6331.386011,True,wheat
114.801055,26,6337.957333,True,wheat
113.78588,22,6347.549899,True,wheat
115.309218,23,6359.04095,True,wheat
114.43554,20,6367.726055,True,wheat
111.724988,25,6375.257446,True,wheat
128.124353,23,6381.805682,True,wheat
113.868929,25,6391.190824,True,wheat
113.989315,19,6397.773308,True,wheat
132.678563,21,6405.015658,True,wheat
114.7121,21,6411.481666,True,wheat
131.691763,29,6420.248857,True,wheat
117.292996,19,6427.668548,True,wheat
114.634472,21,6434.471696,True,wheat
116.627856,56,6444.473048,True,wheat
133.817996,24,6452.849889,True,wheat
118.692796,31,6461.309651,True,wheat
113.724353,23,6467.926261,True,wheat
117.563266,28,6476.554439,True,wheat
113.175383,14,6482.934004,True,wheat
113.05273,29,6491.364228,True,wheat
15.858994,28,6498.254949,False,wheat
123.963522,18,6505.005414,True,wheat
113.346324,23,6513.505101,True,wheat
115.739713,27,6522.779287,True,wheat
152.230022,30,6531.19923,True,wheat
114.463252,43,6542.068236,True,wheat
129.792658,27,6549.953286,True,wheat
120.302481,58,6559.45483,True,wheat
115.295281,21,6566.435547,True,wheat
113.512265,20,6573.938357,True,wheat
112.972265,16,6580.806288,True,wheat
128.627297,23,6588.774744,True,wheat
136.302597,17,6595.39351,True,wheat
115.668243,31,6602.815607,True,wheat
132.229714,21,6609.496409,True,wheat
114.907823,20,6616.755489,True,wheat
117.52386,21,6623.248253,True,wheat
134.319902,24,6630.387956,True,wheat
113.77957,51,6640.025481,True,wheat
117.366814,38,6649.019441,True,wheat
130.579119,27,6656.455824,True,wheat
112.945049,19,6663.634718,True,wheat
112.15305,21,6669.919009,True,wheat
115.344719,29,6679.536065,True,wheat
134.381841,18,6687.557826,True,wheat
113.562059,34,6696.015685,True,wheat
117.143827,18,6702.606698,True,wheat
129.562658,24,6710.202719,True,wheat
115.334564,37,6720.068125,True,wheat
129.998982,22,6727.196885,True,wheat
115.327813,26,6734.647961,True,wheat
115.803035,34,6742.829659,True,wheat
114.485939,28,6750.253241,True,wheat
114.268664,20,6756.293771,True,wheat
131.356686,24,6764.29157,True,wheat
117.610626,24,6771.337252,True,wheat
115.32398,26,6777.924856,True,wheat
113.528168,26,6786.18866,True,wheat
113.905383,17,6792.825726,True,wheat
15.589217,30,6801.464115,False,wheat
130.315892,25,6808.1207,True,wheat
114.668233,29,6815.026086,True,wheat
116.350015,32,6823.045183,True,wheat
111.963131,29,6830.314486,True,wheat
117.330015,20,6840.727974,True,wheat
113.17631,23,6847.938625,True,wheat
112.541507,32,6856.270947,True,wheat
116.28008,50,6866.872543,True,wheat
117.523262,36,6875.145867,True,wheat
111.734532,25,6883.727442,True,wheat
115.442996,24,6890.146065,True,wheat
115.864001,22,6896.784649,True,wheat
114.63554,20,6903.609188,True,wheat
114.770056,43,6912.912688,True,wheat
114.888297,18,6920.686045,True,wheat
4.483398,27,6928.046019,False,wheat
114.563169,24,6935.525451,True,wheat
113.576992,28,6943.567945,True,wheat
113.44472,20,6951.116036,True,wheat
113.60677,29,6959.215193,True,wheat
117.04445,17,6965.786121,True,wheat
147.847006,22,6972.520307,True,wheat
108.899764,19,6979.275806,True,wheat
113.686371,24,6988.356707,True,wheat
129.811056,30,6997.194346,True,wheat
111.905708,23,7005.031158,True,wheat
113.851846,20,7011.517532,True,wheat
113.995333,31,7019.154582,True,wheat
116.278613,31,7027.341964,True,wheat
128.917863,20,7034.376465,True,wheat
115.020805,24,7042.115692,True,wheat
111.078664,31,7050.236827,True,wheat
117.397741,42,7058.271006,True,wheat
111.623951,26,7065.24813,True,wheat
151.501457,18,7071.594805,True,wheat
127.03644,43,7080.684911,True,wheat
114.344353,20,7087.934842,True,wheat
130.882692,35,7098.755314,True,wheat
115.66514,20,7105.618611,True,wheat
110.71838,43,7113.655382,True,wheat
127.656598,32,7121.721858,True,wheat
131.90554,17,7129.494324,True,wheat
127.390096,22,7136.306727,True,wheat
132.419727,27,7145.037861,True,wheat
149.641387,25,7153.514355,True,wheat
110.748823,18,7161.262861,True,wheat
113.64554,26,7167.926171,True,wheat
130.588653,25,7175.645753,True,wheat
108.344111,28,7183.207303,True,wheat
133.472958,24,7189.932504,True,wheat
130.946348,23,7196.869754,True,wheat
123.914353,17,7203.973963,True,wheat
111.887297,24,7211.178702,True,wheat
130.135281,25,7219.770336,True,wheat
104.094353,20,7226.988662,True,wheat
114.624353,18,7233.195571,True,wheat
131.424185,21,7239.522846,True,wheat
118.182287,22,7247.057276,True,wheat
111.941008,21,7252.977094,True,wheat
135.152597,22,7259.499166,True,wheat
116.662338,20,7266.04355,True,wheat
114.319037,20,7274.332594,True,wheat
109.384111,27,7281.488868,True,wheat
127.969667,32,7289.390752,True,wheat
111.61156,30,7297.700316,True,wheat
128.054448,40,7304.969308,True,wheat
134.399228,21,7311.350138,True,wheat
115.20494,35,7318.754088,True,wheat
114.715986,20,7326.030686,True,wheat
1.653098,30,7333.779716,False,wheat
108.387682,22,7340.399199,True,wheat
145.932598,19,7346.167487,True,wheat
117.483922,27,7354.46694,True,wheat
114.903532,24,7361.015828,True,wheat
129.672338,29,7368.832848,True,wheat
114.702533,30,7375.891943,True,wheat
112.248128,24,7382.416481,True,wheat
116.460656,26,7389.111778,True,wheat
116.122996,27,7396.700329,True,wheat
115.101444,26,7404.724771,True,wheat
117.341845,24,7411.205574,True,wheat
112.349987,29,7419.361554,True,wheat
130.468477,34,7428.807817,True,wheat
114.066371,22,7435.639431,True,wheat
130.871766,25,7442.665073,True,wheat
152.386782,27,7449.677153,True,wheat
131.977991,27,7457.740233,True,wheat
131.350641,32,7465.307018,True,wheat
110.898797,27,7472.37554,True,wheat
104.65291,29,7478.480393,True,wheat
146.240241,29,7485.458477,True,wheat
116.022996,22,7492.580681,True,wheat
131.767732,28,7500.682345,True,wheat
113.307942,24,7507.400974,True,wheat
129.784535,21,7514.703094,True,wheat
146.410055,30,7522.460507,True,wheat
-5.748412,200,7545.784873,False,wheat
110.531352,22,7551.968036,True,wheat
114.817917,22,7558.692945,True,wheat
134.399826,31,7564.976839,True,wheat
130.548484,21,7573.445003,True,wheat
116.478563,26,7581.306338,True,wheat
150.435232,22,7587.953786,True,wheat
149.297297,27,7594.995257,True,wheat
132.433217,25,7601.784059,True,wheat
114.956371,16,7607.011889,True,wheat
128.999315,20,7613.16702,True,wheat
129.240055,28,7620.535013,True,wheat
131.502338,22,7627.412169,True,wheat
130.951199,32,7637.615723,True,wheat
111.132648,25,7645.123165,True,wheat
113.19588,18,7651.114607,True,wheat
110.722886,21,7656.716491,True,wheat
112.997284,22,7663.100331,True,wheat
116.4755,19,7669.299573,True,wheat
133.918484,18,7675.183362,True,wheat
151.417651,30,7681.175519,True,wheat
137.350015,22,7692.148739,True,wheat
110.807319,34,7699.226063,True,wheat
130.761241,20,7706.121522,True,wheat
114.622338,19,7712.498019,True,wheat
114.244353,22,7718.865324,True,wheat
112.066333,29,7726.788912,True,wheat
134.779968,23,7735.510253,True,wheat
116.069968,24,7743.280782,True,wheat
115.080578,20,7758.203248,True,wheat
130.478563,26,7766.6469,True,wheat
116.261505,27,7773.5064,True,wheat
128.972338,24,7782.306487,True,wheat
129.875572,29,7788.752934,True,wheat
111.822105,22,7797.133062,True,wheat
150.906992,21,7804.608169,True,wheat
115.972597,18,7810.708005,True,wheat
112.546945,28,7818.905276,True,wheat
114.932944,35,7826.563001,True,wheat
118.523819,26,7835.518801,True,wheat
117.218728,26,7842.78435,True,wheat
147.996693,31,7851.446676,True,wheat
115.574048,23,7858.636354,True,wheat
133.972005,26,7866.258806,True,wheat
151.535952,30,7873.600658,True,wheat
114.802996,29,7881.376069,True,wheat
112.670154,27,7889.334971,True,wheat
116.888563,21,7896.563513,True,wheat
113.809315,21,7904.093332,True,wheat
117.997071,22,7911.035913,True,wheat
128.918823,20,7918.117882,True,wheat
131.981426,35,7927.599391,True,wheat
115.621507,25,7935.119718,True,wheat
112.364001,25,7942.918822,True,wheat
143.789056,44,7951.800626,True,wheat
111.284965,23,7958.735797,True,wheat
119.013345,43,7968.0153,True,wheat
134.265021,34,7975.216704,True,wheat
130.513789,27,7981.780725,True,wheat
114.619653,34,7993.762988,True,wheat
109.501026,26,8000.832213,True,wheat
131.708822,26,8007.534846,True,wheat
146.523463,27,8014.354695,True,wheat
127.200993,39,8022.279342,True,wheat
129.751795,30,8030.412207,True,wheat
132.322105,22,8039.304383,True,wheat
114.586371,24,8046.236525,True,wheat
152.266193,28,8055.150217,True,wheat
126.189654,26,8066.92778,True,wheat
-14.4,200,8092.273008,False,wheat
113.737061,40,8101.091934,True,wheat
116.128563,26,8112.315978,True,wheat
131.204048,26,8121.335506,True,wheat
151.507732,30,8128.675866,True,wheat
129.190847,19,8137.320543,True,wheat
114.598796,35,8146.143328,True,wheat
117.35789,59,8156.529538,True,wheat
128.968823,20,8163.274131,True,wheat
113.358294,28,8170.775771,True,wheat
131.565281,18,8177.623306,True,wheat
117.341283,28,8186.226411,True,wheat
149.779936,23,8194.899953,True,wheat
130.952018,21,8201.995864,True,wheat
132.276783,28,8210.776036,True,wheat
111.460113,64,8220.576256,True,wheat
144.796033,23,8228.744283,True,wheat
131.433789,29,8236.092228,True,wheat
114.755281,22,8243.467566,True,wheat
136.411507,19,8250.584946,True,wheat
130.395939,29,8260.021355,True,wheat
117.944155,39,8269.204332,True,wheat
134.090274,26,8276.864323,True,wheat
132.07559,24,8284.147476,True,wheat
131.452597,22,8290.893152,True,wheat
113.644622,33,8299.008444,True,wheat
2.375281,24,8305.890006,False,wheat
114.865569,20,8312.863987,True,wheat
130.723497,45,8321.922665,True,wheat
128.433597,19,8329.341135,True,wheat
131.465454,22,8337.658096,True,wheat
117.308476,25,8344.997268,True,wheat
130.992105,19,8351.527243,True,wheat
129.689315,19,8359.210442,True,wheat
148.80677,24,8366.531324,True,wheat
105.511274,17,8372.970059,True,wheat
114.38203,29,8381.166368,True,wheat
149.845281,21,8388.126566,True,wheat
132.021507,20,8395.525623,True,wheat
129.870319,35,8403.130957,True,wheat
117.202597,17,8409.866987,True,wheat
123.153532,25,8417.354518,True,wheat
111.254341,21,8422.925748,True,wheat
130.739315,19,8428.773149,True,wheat
145.603478,24,8435.287643,True,wheat
130.988225,20,8442.207638,True,wheat
116.244048,20,8449.162177,True,wheat
147.857991,35,8457.196837,True,wheat
113.863428,22,8464.801402,True,wheat
116.599159,31,8473.038272,True,wheat
150.248823,18,8480.141046,True,wheat
114.683428,19,8487.1679,True,wheat
139.170241,17,8493.851239,True,wheat
116.815231,25,8502.224997,True,wheat
115.215758,19,8509.316271,True,wheat
117.498563,18,8516.2358,True,wheat
114.616371,21,8522.941944,True,wheat
113.744436,27,8530.494569,True,wheat
130.389952,29,8537.905197,True,wheat
112.284353,19,8545.55884,True,wheat
120.519315,17,8553.068342,True,wheat
132.536992,19,8560.198972,True,wheat
131.026371,18,8567.27672,True,wheat
132.359315,21,8574.54165,True,wheat
114.994316,26,8582.458575,True,wheat
130.696992,25,8588.610925,True,wheat
116.113827,20,8595.177771,True,wheat
113.70677,19,8602.469824,True,wheat
139.630385,26,8609.295094,True,wheat
106.640116,21,8617.573775,True,wheat
118.36624,27,8624.793584,True,wheat
136.904048,21,8630.561793,True,wheat
150.872726,22,8636.802248,True,wheat
121.723557,21,8643.364874,True,wheat
130.807823,27,8650.287758,True,wheat
112.932948,22,8655.667558,True,wheat
113.877635,20,8661.687758,True,wheat
129.135049,23,8668.284909,True,wheat
131.13554,20,8675.551862,True,wheat
129.745049,19,8682.735428,True,wheat
133.251646,27,8690.962884,True,wheat
115.235049,18,8698.241406,True,wheat
129.436371,19,8705.660139,True,wheat
129.795404,25,8712.879937,True,wheat
113.314832,19,8718.742778,True,wheat
115.722597,24,8727.023535,True,wheat
129.664048,32,8736.29656,True,wheat
147.765049,16,8741.648064,True,wheat
151.8465,21,8748.643558,True,wheat
133.312465,30,8755.221154,True,wheat
148.882547,20,8760.853876,True,wheat
126.292338,51,8768.924004,True,wheat
115.876545,21,8774.920635,True,wheat
130.240886,22,8781.165232,True,wheat
129.338823,17,8787.691495,True,wheat
134.755049,19,8793.073638,True,wheat
133.735136,36,8802.700116,True,wheat
133.08306,24,8808.737573,True,wheat
130.90677,19,8814.548267,True,wheat
116.403827,19,8820.670113,True,wheat
130.672105,19,8826.541561,True,wheat
135.271055,25,8834.46332,True,wheat
128.830749,26,8840.394408,True,wheat
151.362908,23,8846.001778,True,wheat
147.656275,18,8852.02846,True,wheat
131.050545,22,8857.855199,True,wheat
147.399965,32,8864.402058,True,wheat
118.767071,19,8870.757044,True,wheat
153.001507,22,8877.721892,True,wheat
113.371588,21,8884.738883,True,wheat
130.437992,18,8891.920752,True,wheat
124.270578,19,8898.250496,True,wheat
130.88554,20,8905.706514,True,wheat
114.754048,26,8913.350768,True,wheat
115.362597,18,8921.634437,True,wheat
116.26386,25,8928.229303,True,wheat
114.60554,22,8935.885787,True,wheat
166.351767,18,8942.098152,True,wheat
130.17554,19,8950.425908,True,wheat
120.12588,16,8956.41997,True,wheat
146.97554,24,8963.420276,True,wheat
128.915099,26,8970.962103,True,wheat
132.398822,23,8977.967662,True,wheat
131.376371,18,8985.116948,True,wheat
120.285049,18,8992.190409,True,wheat
132.887663,19,8999.252889,True,wheat
115.375049,17,9005.959242,True,wheat
128.292886,18,9012.955641,True,wheat
130.439315,19,9019.03998,True,wheat
130.33588,17,9025.173604,True,wheat
106.273557,21,9031.907953,True,wheat
130.469315,17,9038.668535,True,wheat
136.854709,23,9044.96628,True,wheat
131.705281,19,9053.021407,True,wheat
151.051507,23,9058.867955,True,wheat
133.166992,27,9065.383555,True,wheat
150.353952,22,9072.521842,True,wheat
132.188822,22,9079.346095,True,wheat
116.389653,16,9086.365481,True,wheat
118.167727,17,9093.60339,True,wheat
11.781147,16,9100.922566,False,wheat
131.516371,17,9105.902173,True,wheat
129.14583,20,9113.137416,True,wheat
132.801507,18,9118.939299,True,wheat
132.682597,17,9124.69986,True,wheat
131.61554,18,9130.641853,True,wheat
133.32489,32,9138.397005,True,wheat
150.490275,21,9144.175926,True,wheat
131.16554,20,9149.406801,True,wheat
131.192597,23,9155.738679,True,wheat
150.889315,19,9161.719133,True,wheat
112.777635,25,9167.355122,True,wheat
131.22246,18,9173.27626,True,wheat
133.100706,35,9180.155872,True,wheat
149.998484,21,9186.30175,True,wheat
132.133557,19,9192.036455,True,wheat
129.558823,18,9197.24329,True,wheat
154.332346,34,9205.391039,True,wheat
131.523557,21,9211.099878,True,wheat
114.725979,37,9219.213443,True,wheat
112.846711,17,9226.336875,True,wheat
121.284709,21,9233.458648,True,wheat
130.289603,21,9240.064166,True,wheat
104.098664,18,9247.589716,True,wheat
151.273217,24,9254.374952,True,wheat
111.62309,21,9261.743833,True,wheat
149.40554,22,9268.045115,True,wheat
112.969156,22,9275.200436,True,wheat
130.751274,21,9282.272795,True,wheat
117.238563,17,9289.81578,True,wheat
153.055902,22,9296.6131,True,wheat
147.498823,18,9303.298144,True,wheat
120.97246,18,9310.270777,True,wheat
135.174447,26,9317.717792,True,wheat
148.377727,18,9324.738889,True,wheat
132.191507,22,9331.683413,True,wheat
170.158225,19,9337.712268,True,wheat
151.065902,23,9344.707195,True,wheat
133.204048,21,9352.658979,True,wheat
130.194444,18,9359.61528,True,wheat
131.403557,23,9366.075214,True,wheat
130.7865,22,9374.175746,True,wheat
131.502597,22,9381.471904,True,wheat
146.087727,19,9387.756423,True,wheat
114.212597,20,9394.673745,True,wheat
132.340015,26,9402.493755,True,wheat
148.106992,36,9410.897546,True,wheat
130.674048,28,9417.736636,True,wheat
132.640274,26,9425.912753,True,wheat
129.23554,25,9436.381843,True,wheat
115.380578,20,9443.076637,True,wheat
151.159895,29,9450.933444,True,wheat
130.74554,21,9458.227618,True,wheat
131.48554,19,9465.707349,True,wheat
148.002259,20,9471.862507,True,wheat
129.878823,16,9477.969436,True,wheat
104.265047,76,9489.671615,True,wheat
128.234783,19,9497.112379,True,wheat
124.40833,52,9505.688768,True,wheat
130.284937,45,9516.40572,True,wheat
151.871507,30,9523.664255,True,wheat
131.416371,17,9529.790968,True,wheat
169.339444,22,9537.896293,True,wheat
131.114048,32,9545.908829,True,wheat
129.50588,19,9554.424531,True,wheat
131.742597,21,9560.60444,True,wheat
147.962259,21,9567.290847,True,wheat
129.058823,19,9573.671026,True,wheat
150.627992,17,9580.690715,True,wheat
131.972597,19,9588.389932,True,wheat
131.664185,20,9596.485762,True,wheat
114.087635,21,9603.966014,True,wheat
130.986371,19,9610.339707,True,wheat
116.391105,24,9616.716497,True,wheat
147.351767,18,9623.492172,True,wheat
119.8065,29,9631.04152,True,wheat
128.071008,24,9638.323668,True,wheat
132.714048,22,9644.885699,True,wheat
131.0165,20,9651.379793,True,wheat
147.685049,23,9657.724488,True,wheat
129.512477,31,9665.8045,True,wheat
150.619936,27,9672.731098,True,wheat
152.084193,35,9681.803552,True,wheat
153.899174,27,9689.711297,True,wheat
32.206992,26,9697.371373,False,wheat
132.362726,26,9704.897767,True,wheat
120.325049,17,9711.535596,True,wheat
127.425404,23,9718.615852,True,wheat
117.504783,21,9726.18397,True,wheat
128.468484,20,9733.428004,True,wheat
131.941766,27,9740.669759,True,wheat
119.628823,16,9746.594816,True,wheat
149.594218,20,9752.645089,True,wheat
151.644143,31,9759.898378,True,wheat
119.524783,15,9766.738249,True,wheat
148.485049,28,9773.925255,True,wheat
131.304048,26,9781.777983,True,wheat
132.602338,17,9788.322027,True,wheat
132.081507,21,9796.216779,True,wheat
119.544783,16,9803.188141,True,wheat
149.047992,24,9811.884852,True,wheat
141.125049,17,9818.567457,True,wheat
133.481507,21,9825.703475,True,wheat
118.457727,16,9831.63648,True,wheat
131.981507,21,9838.877054,True,wheat
128.877863,19,9847.318116,True,wheat
152.476992,23,9855.041528,True,wheat
149.58554,20,9862.082265,True,wheat
120.782105,18,9869.19665,True,wheat
113.199987,19,9876.875203,True,wheat
131.273557,21,9884.260206,True,wheat
146.54554,41,9893.212836,True,wheat
129.239315,18,9899.735514,True,wheat
131.136371,19,9906.030928,True,wheat
149.998823,18,9913.366676,True,wheat
131.059315,16,9920.08923,True,wheat
138.735404,19,9927.69683,True,wheat
149.92554,24,9934.908081,True,wheat
145.1865,37,9943.170647,True,wheat
131.823557,21,9950.785223,True,wheat
156.931767,16,9957.714456,True,wheat
113.322597,34,9965.341479,True,wheat
129.382105,23,9972.115628,True,wheat
115.686371,19,9979.506989,True,wheat
131.966992,22,9987.314121,True,wheat
132.028563,26,9994.53321,True,wheat
147.190275,26,10001.997545,True,wheat
132.142775,29,10012.9884,True,wheat
119.069169,19,10019.981725,True,wheat
111.067727,17,10027.417451,True,wheat
131.273557,21,10034.13996,True,wheat
129.995049,19,10040.80616,True,wheat
131.813557,20,10047.121608,True,wheat
133.144048,20,10053.824294,True,wheat
122.41655,22,10062.027382,True,wheat
149.2865,22,10068.424475,True,wheat
139.332726,33,10076.239754,True,wheat
133.952775,27,10084.435159,True,wheat
129.901008,17,10091.221174,True,wheat
162.098347,40,10098.882837,True,wheat
165.146115,52,10108.685688,True,wheat
168.057799,36,10116.444863,True,wheat
115.779315,15,10123.329998,True,wheat
-2.95,200,10146.748224,False,wheat
166.881767,18,10152.69433,True,wheat
150.8565,24,10159.113601,True,wheat
131.073217,34,10169.385991,True,wheat
127.91424,25,10178.726179,True,wheat
150.087992,18,10186.07075,True,wheat
128.884783,19,10193.010833,True,wheat
129.581008,25,10200.653176,True,wheat
119.733952,15,10206.443607,True,wheat
126.77246,38,10215.107402,True,wheat
150.695404,20,10221.32349,True,wheat
130.544048,30,10228.589568,True,wheat
147.251767,18,10235.558046,True,wheat
119.55067,15,10242.05066,True,wheat
150.4265,26,10248.637309,True,wheat
150.921507,20,10255.876653,True,wheat
126.533952,20,10263.504754,True,wheat
131.086371,19,10270.635123,True,wheat
132.736371,19,10277.598434,True,wheat
119.52246,23,10284.386229,True,wheat
128.926235,22,10292.926093,True,wheat
131.598484,21,10299.1482,True,wheat
128.44554,21,10306.613645,True,wheat
129.855049,20,10314.023118,True,wheat
129.98588,17,10321.119769,True,wheat
130.445049,18,10329.282383,True,wheat
129.21588,20,10336.378105,True,wheat
131.742338,21,10343.704281,True,wheat
131.502597,22,10350.701124,True,wheat
112.628823,16,10358.779792,True,wheat
151.522958,24,10367.205921,True,wheat
131.492597,21,10373.438367,True,wheat
146.080958,21,10379.724371,True,wheat
151.99445,22,10386.316055,True,wheat
132.274048,23,10392.578279,True,wheat
128.417727,17,10399.794814,True,wheat
118.828823,16,10406.656451,True,wheat
131.898822,23,10414.100904,True,wheat
131.00833,22,10421.1959,True,wheat
112.799277,22,10428.249858,True,wheat
130.851274,21,10435.749499,True,wheat
140.445404,20,10442.743307,True,wheat
132.103557,19,10449.043412,True,wheat
133.011767,14,10455.303141,True,wheat
130.769315,17,10464.128664,True,wheat
119.443952,16,10472.763295,True,wheat
128.578823,16,10482.348273,True,wheat
128.049315,20,10488.938352,True,wheat
135.065049,16,10494.205424,True,wheat
131.892338,21,10501.15571,True,wheat
131.035281,20,10508.227915,True,wheat
119.061008,20,10516.036385,True,wheat
168.168347,22,10523.281708,True,wheat
119.230177,21,10530.73932,True,wheat
112.427776,20,10538.638061,True,wheat
129.407823,25,10546.841038,True,wheat
121.871679,24,10553.841597,True,wheat
129.732105,23,10561.580794,True,wheat
130.822105,19,10570.701145,True,wheat
131.086371,19,10577.423808,True,wheat
129.652105,30,10585.281066,True,wheat
129.09246,25,10593.667481,True,wheat
131.322105,17,10600.262732,True,wheat
132.274048,23,10608.603203,True,wheat
131.34554,21,10616.106386,True,wheat
131.844048,25,10622.549798,True,wheat
150.3165,25,10630.380675,True,wheat
130.641629,28,10641.04325,True,wheat
131.539086,30,10656.569808,True,wheat
134.193267,31,10667.184429,True,wheat
131.069315,17,10675.262326,True,wheat
114.140653,20,10682.56413,True,wheat
130.62588,16,10689.64857,True,wheat
148.822259,17,10699.454643,True,wheat
131.322105,17,10706.481764,True,wheat
112.381839,19,10713.977293,True,wheat
132.414048,22,10720.664231,True,wheat
168.759444,24,10727.527497,True,wheat
130.925049,22,10735.01991,True,wheat
129.999315,20,10741.763915,True,wheat
129.665049,21,10748.426857,True,wheat
127.920958,19,10756.021519,True,wheat
130.223557,21,10764.314377,True,wheat
120.68246,19,10772.234042,True,wheat
129.738823,17,10779.401601,True,wheat
116.404048,21,10786.630737,True,wheat
130.302105,20,10794.545504,True,wheat
131.33554,20,10801.639637,True,wheat
111.190204,20,10809.253511,True,wheat
120.325049,17,10816.150665,True,wheat
129.385281,20,10824.193936,True,wheat
131.673557,21,10830.90644,True,wheat
134.316371,17,10837.752726,True,wheat
151.490767,22,10845.338085,True,wheat
151.68554,20,10853.435173,True,wheat
128.127727,18,10860.385172,True,wheat
133.967042,22,10867.911642,True,wheat
114.634556,31,10876.138864,True,wheat
133.510015,23,10884.087179,True,wheat
131.813557,20,10891.657785,True,wheat
134.094719,30,10901.208647,True,wheat
153.299986,25,10909.433235,True,wheat
150.086992,24,10917.093495,True,wheat
134.107042,21,10924.702929,True,wheat
129.048823,18,10931.373237,True,wheat
150.541274,30,10939.550654,True,wheat
131.423557,21,10946.848479,True,wheat
130.65246,21,10954.715344,True,wheat
132.24655,23,10962.646067,True,wheat
132.970274,24,10970.179847,True,wheat
130.992105,19,10977.140308,True,wheat
132.464048,22,10983.82531,True,wheat
126.956275,17,10990.787269,True,wheat
172.155902,27,10998.603519,True,wheat
113.293557,23,11005.846924,True,wheat
131.503557,23,11011.780163,True,wheat
107.113606,20,11017.690694,True,wheat
133.480015,25,11025.551318,True,wheat
132.38655,22,11032.170212,True,wheat
130.634048,29,11039.634675,True,wheat
128.77383,20,11046.741627,True,wheat
130.271274,23,11053.753348,True,wheat
133.794447,23,11061.577827,True,wheat
132.397727,25,11068.809692,True,wheat
130.596371,20,11080.184095,True,wheat
152.174503,32,11089.68478,True,wheat
135.634048,19,11097.416881,True,wheat
131.592597,21,11105.39513,True,wheat
150.341274,24,11113.259115,True,wheat
130.575049,17,11119.402357,True,wheat
167.572259,19,11126.707809,True,wheat
128.71246,22,11132.563674,True,wheat
130.756371,21,11139.822303,True,wheat
130.201055,26,11147.534668,True,wheat
102.504783,21,11154.367478,True,wheat
129.552105,25,11162.906637,True,wheat
115.41588,15,11168.611417,True,wheat
134.043008,26,11175.696577,True,wheat
133.577042,23,11182.131209,True,wheat
168.358484,32,11190.443427,True,wheat
149.25554,22,11196.854191,True,wheat
170.709936,21,11202.823827,True,wheat
135.549315,21,11208.792262,True,wheat
135.578211,22,11214.385111,True,wheat
149.1965,23,11219.674421,True,wheat
132.288563,22,11228.124152,True,wheat
132.824048,28,11237.208873,True,wheat
133.800015,22,11243.672277,True,wheat
129.72246,23,11250.401191,True,wheat
150.508484,17,11256.980923,True,wheat
154.459986,26,11264.646551,True,wheat
132.763482,26,11271.434642,True,wheat
114.61588,20,11278.028065,True,wheat
116.034832,16,11283.543797,True,wheat
132.474048,28,11290.684097,True,wheat
149.972958,24,11297.39449,True,wheat
167.412259,20,11303.980124,True,wheat
133.890015,23,11309.353903,True,wheat
130.465281,23,11315.455959,True,wheat
170.229936,23,11322.430296,True,wheat
134.190015,21,11328.673278,True,wheat
132.342338,18,11334.691199,True,wheat
132.448822,28,11342.61485,True,wheat
130.769315,17,11348.038082,True,wheat
132.122597,19,11355.675088,True,wheat
121.4265,18,11361.273362,True,wheat
131.733557,26,11367.826751,True,wheat
135.45677,24,11373.185884,True,wheat
128.928823,20,11379.425916,True,wheat
128.169315,21,11386.027566,True,wheat
168.828225,19,11391.318387,True,wheat
131.776371,17,11396.942819,True,wheat
116.154669,28,11403.902457,True,wheat
131.045924,24,11409.557294,True,wheat
133.407042,26,11415.566004,True,wheat
134.311166,30,11421.702948,True,wheat
129.77246,18,11426.803543,True,wheat
152.086992,24,11432.427445,True,wheat
132.282338,20,11438.276575,True,wheat
113.296168,20,11444.446227,True,wheat
140.845049,20,11450.353805,True,wheat
133.033557,22,11455.849844,True,wheat
153.702958,22,11461.257884,True,wheat
149.142259,16,11466.564553,True,wheat
132.082597,25,11472.205558,True,wheat
129.605049,20,11479.483758,True,wheat
131.536371,18,11485.54122,True,wheat
133.574048,18,11490.604033,True,wheat
130.96041,21,11496.16372,True,wheat
149.8665,20,11501.86671,True,wheat
130.446371,20,11507.61511,True,wheat
150.862105,21,11513.920146,True,wheat
151.32554,21,11519.22082,True,wheat
132.511507,19,11524.888326,True,wheat
132.864048,22,11530.571169,True,wheat
130.54246,20,11535.923047,True,wheat
132.592338,18,11541.041022,True,wheat
149.520767,21,11548.395691,True,wheat
115.37554,19,11555.8606,True,wheat
130.462105,21,11562.297257,True,wheat
131.303557,21,11568.676796,True,wheat
139.349315,17,11574.039345,True,wheat
152.27554,19,11580.821384,True,wheat
131.963557,20,11587.007063,True,wheat
149.907992,20,11592.557195,True,wheat
131.963557,20,11598.250619,True,wheat
133.728493,27,11605.413758,True,wheat
130.830325,25,11612.347856,True,wheat
131.032105,18,11618.538851,True,wheat
150.819315,19,11624.575136,True,wheat
131.852597,19,11630.453975,True,wheat
118.161105,22,11637.138289,True,wheat
150.906992,21,11643.641935,True,wheat
130.339315,19,11649.704705,True,wheat
167.585202,23,11657.1417,True,wheat
133.644227,28,11668.830327,True,wheat
117.37378,22,11675.929259,True,wheat
148.889315,19,11681.746063,True,wheat
131.103557,24,11693.881307,True,wheat
131.126371,18,11701.156518,True,wheat
130.489315,19,11707.400851,True,wheat
131.37554,19,11715.48835,True,wheat
154.019986,22,11724.284615,True,wheat
132.754048,21,11730.9898,True,wheat
132.63655,22,11738.598612,True,wheat
151.418484,18,11746.027049,True,wheat
131.828563,26,11753.316305,True,wheat
133.867042,22,11760.351886,True,wheat
136.81656,31,11767.714826,True,wheat
130.88554,20,11775.172746,True,wheat
131.573557,21,11781.962726,True,wheat
150.946992,20,11788.601018,True,wheat
152.039184,27,11795.798095,True,wheat
129.895049,19,11803.796794,True,wheat
132.864048,22,11811.644741,True,wheat
131.802597,22,11818.482298,True,wheat
129.14351,21,11826.335088,True,wheat
150.499315,20,11832.649593,True,wheat
131.991507,22,11840.113279,True,wheat
132.854048,21,11848.410665,True,wheat
130.596371,21,11856.297395,True,wheat
131.691507,22,11863.65629,True,wheat
152.02554,19,11870.164197,True,wheat
127.907892,24,11877.383828,True,wheat
129.63554,20,11884.022456,True,wheat
114.769315,17,11890.04487,True,wheat
151.93554,20,11896.924059,True,wheat
113.048823,18,11904.286471,True,wheat
131.222597,23,11914.281775,True,wheat
150.5965,23,11922.217251,True,wheat
151.676992,28,11929.648503,True,wheat
130.097331,22,11936.961039,True,wheat
130.45554,17,11945.989375,True,wheat
130.555281,17,11951.322789,True,wheat
131.842338,21,11961.662055,True,wheat
134.633008,25,11975.786505,True,wheat
131.918563,20,11984.846452,True,wheat
152.135281,25,11992.216932,True,wheat
132.747732,24,12003.082078,True,wheat
131.222597,29,12011.210492,True,wheat
171.099804,33,12019.290045,True,wheat
147.945049,29,12028.207187,True,wheat
151.146172,29,12036.197515,True,wheat
149.115281,28,12043.199023,True,wheat
148.850767,24,12050.333458,True,wheat
131.392597,21,12057.579904,True,wheat
130.596371,20,12064.072942,True,wheat
150.201507,23,12070.676977,True,wheat
152.815902,28,12077.765808,True,wheat
130.74246,19,12085.653324,True,wheat
135.533522,20,12092.016633,True,wheat
126.311274,37,12100.072442,True,wheat
132.122597,19,12106.728199,True,wheat
129.776474,30,12113.899844,True,wheat
118.749985,32,12123.666742,True,wheat
130.045049,19,12130.848754,True,wheat
150.732958,25,12139.53923,True,wheat
148.507372,19,12146.170973,True,wheat
132.763217,23,12153.673567,True,wheat
120.521008,17,12159.866446,True,wheat
129.898823,17,12168.207863,True,wheat
130.324048,28,12175.887491,True,wheat
129.263952,18,12183.642926,True,wheat
131.93554,17,12190.281368,True,wheat
131.789494,22,12197.567488,True,wheat
130.271274,23,12205.366199,True,wheat
130.822597,29,12213.094236,True,wheat
112.289315,19,12219.217326,True,wheat
134.190015,21,12225.47093,True,wheat
132.028484,19,12232.20323,True,wheat
132.406992,21,12239.199331,True,wheat
130.342105,21,12245.8073,True,wheat
151.01554,23,12252.716994,True,wheat
133.940015,21,12260.291015,True,wheat
132.072597,19,12268.830529,True,wheat
134.823008,24,12276.072551,True,wheat
151.009315,21,12283.393549,True,wheat
132.124048,23,12291.620213,True,wheat
114.715281,18,12298.438265,True,wheat
132.714048,22,12306.144564,True,wheat
133.800015,22,12313.290972,True,wheat
150.616992,22,12320.149856,True,wheat
130.25246,21,12327.146422,True,wheat
131.673557,21,12335.914412,True,wheat
115.357635,33,12343.258438,True,wheat
132.561507,19,12350.253868,True,wheat
122.324783,53,12360.700892,True,wheat
129.54588,18,12367.713466,True,wheat
125.88833,40,12375.767225,True,wheat
147.623952,19,12382.087326,True,wheat
130.141767,19,12388.20831,True,wheat
130.042105,21,12395.593185,True,wheat
145.110958,19,12402.112842,True,wheat
131.963557,25,12408.6916,True,wheat
132.50655,25,12416.411718,True,wheat
152.702958,27,12422.329678,True,wheat
153.385952,25,12428.132648,True,wheat
152.946992,20,12433.304572,True,wheat
154.815952,23,12438.812507,True,wheat
118.863952,18,12443.959505,True,wheat
132.994048,20,12449.205074,True,wheat
152.946992,20,12454.732858,True,wheat
103.929495,17,12459.710271,True,wheat
130.94554,21,12466.23632,True,wheat
115.66554,18,12472.789895,True,wheat
133.044048,20,12477.676725,True,wheat
132.464048,22,12483.157742,True,wheat
131.61554,18,12489.436004,True,wheat
151.832958,22,12495.729679,True,wheat
131.276371,18,12501.347957,True,wheat
151.57554,21,12506.98689,True,wheat
148.115049,21,12513.233258,True,wheat
132.174048,23,12519.771071,True,wheat
133.750015,22,12525.571556,True,wheat
130.857211,26,12532.868083,True,wheat
151.6465,20,12538.159053,True,wheat
129.878823,16,12543.519947,True,wheat
167.067992,20,12549.794387,True,wheat
131.47554,19,12555.607365,True,wheat
133.400015,26,12562.649064,True,wheat
131.006371,20,12569.735545,True,wheat
133.700274,29,12575.506793,True,wheat
150.83554,25,12581.22356,True,wheat
152.289986,24,12586.512698,True,wheat
134.040015,21,12592.817035,True,wheat
131.713557,20,12599.142054,True,wheat
150.487992,18,12606.569715,True,wheat
131.032105,18,12611.733684,True,wheat
114.583742,22,12618.640786,True,wheat
113.796112,20,12626.265811,True,wheat
152.376992,23,12632.077373,True,wheat
129.488823,17,12637.46239,True,wheat
149.21241,21,12643.212565,True,wheat
131.813557,20,12648.553469,True,wheat
132.780015,30,12655.630984,True,wheat
131.526371,18,12661.650195,True,wheat
130.492105,19,12667.729915,True,wheat
130.758822,39,12674.193327,True,wheat
132.847042,25,12680.172115,True,wheat
151.558397,21,12685.601787,True,wheat
150.094711,17,12690.754,True,wheat
132.878563,21,12697.46737,True,wheat
130.46554,22,12704.36606,True,wheat
132.543557,23,12709.577989,True,wheat
132.362597,18,12715.455063,True,wheat
153.672958,24,12721.274675,True,wheat
131.423557,21,12726.80692,True,wheat
153.662958,23,12733.21348,True,wheat
131.312338,23,12738.93753,True,wheat
132.054048,26,12745.873005,True,wheat
113.062105,21,12751.54529,True,wheat
118.547727,16,12758.787767,True,wheat
153.702958,22,12764.751589,True,wheat
132.211507,21,12770.009228,True,wheat
133.308563,19,12776.528923,True,wheat
132.132338,20,12782.965423,True,wheat
150.735404,19,12789.03887,True,wheat
132.894048,20,12795.629851,True,wheat
153.702958,22,12800.940791,True,wheat
136.240015,21,12807.126896,True,wheat
129.525049,24,12813.903651,True,wheat
133.510015,23,12825.554469,True,wheat
132.322338,19,12833.995875,True,wheat
120.839315,16,12841.362689,True,wheat
119.52726,25,12848.27329,True,wheat
129.55588,19,12853.837602,True,wheat
128.432032,23,12861.415948,True,wheat
111.791026,22,12867.203703,True,wheat
131.3565,19,12872.714215,True,wheat
129.54588,18,12878.840428,True,wheat
154.385952,25,12885.049021,True,wheat
130.446371,20,12890.754813,True,wheat
130.84246,21,12896.812625,True,wheat
132.148822,23,12903.719423,True,wheat
152.906992,21,12909.351109,True,wheat
131.594048,30,12916.668726,True,wheat
133.284048,19,12922.182785,True,wheat
130.691274,20,12927.782654,True,wheat
132.033789,24,12933.486813,True,wheat
152.756992,21,12939.32534,True,wheat
132.24655,23,12945.563251,True,wheat
131.3565,19,12951.542125,True,wheat
133.144048,20,12957.552794,True,wheat
132.344048,22,12963.870681,True,wheat
132.438563,22,12969.567329,True,wheat
150.555049,21,12974.885647,True,wheat
131.242597,21,12980.584227,True,wheat
132.754048,21,12986.463628,True,wheat
153.941507,22,12992.44763,True,wheat
132.464048,22,12999.435952,True,wheat
132.246992,20,13005.848992,True,wheat
151.512958,23,13012.358363,True,wheat
131.782338,20,13018.273709,True,wheat
133.192958,21,13025.762877,True,wheat
153.852958,22,13032.748632,True,wheat
129.79588,18,13038.504568,True,wheat
135.013008,23,13044.518792,True,wheat
153.056992,22,13051.218642,True,wheat
130.785049,22,13057.878227,True,wheat
132.932958,24,13065.5457,True,wheat
152.036733,24,13071.362206,True,wheat
129.895049,19,13077.03063,True,wheat
114.249469,18,13082.238162,True,wheat
150.225049,22,13087.994625,True,wheat
153.562958,23,13094.245811,True,wheat
134.050015,22,13100.351103,True,wheat
131.716992,22,13106.137978,True,wheat
131.853557,19,13111.582885,True,wheat
132.801507,18,13116.886014,True,wheat
130.64554,21,13122.920003,True,wheat
131.642338,21,13129.334312,True,wheat
149.535281,22,13135.100233,True,wheat
133.584048,24,13140.68377,True,wheat
151.992958,21,13147.781353,True,wheat
133.287042,24,13154.138894,True,wheat
132.634048,21,13159.665391,True,wheat
130.932105,18,13165.11585,True,wheat
152.946992,20,13171.015336,True,wheat
130.352105,20,13176.532793,True,wheat
114.854353,16,13181.929675,True,wheat
167.782259,18,13189.462619,True,wheat
132.072338,24,13195.22215,True,wheat
148.639315,19,13200.414906,True,wheat
113.169315,19,13206.26963,True,wheat
132.764048,27,13213.455879,True,wheat
131.938918,25,13219.141334,True,wheat
152.226992,23,13225.44437,True,wheat
151.929936,22,13231.187544,True,wheat
134.090015,21,13238.248037,True,wheat
116.083827,19,13244.792212,True,wheat
134.623008,24,13250.826955,True,wheat
134.333008,25,13257.686603,True,wheat
151.9165,25,13263.299549,True,wheat
115.133827,17,13268.762374,True,wheat
132.422338,19,13275.214904,True,wheat
151.815902,28,13281.039973,True,wheat
133.800015,22,13286.71813,True,wheat
132.524048,22,13292.250365,True,wheat
131.023557,23,13298.168153,True,wheat
133.810015,23,13303.844166,True,wheat
131.315281,20,13309.651966,True,wheat
131.423557,21,13315.64841,True,wheat
134.31624,25,13321.436236,True,wheat
132.464048,22,13326.935136,True,wheat
134.313008,28,13333.631319,True,wheat
132.618563,20,13339.714888,True,wheat
136.055939,30,13347.817026,True,wheat
151.312958,24,13353.700319,True,wheat
153.076992,20,13359.19131,True,wheat
149.395281,21,13365.037886,True,wheat
149.925404,22,13371.211657,True,wheat
132.754048,21,13377.27688,True,wheat
132.924048,20,13383.229735,True,wheat
132.334048,24,13389.207592,True,wheat
131.19554,21,13395.12651,True,wheat
131.713557,20,13401.368937,True,wheat
122.45833,22,13408.659117,True,wheat
133.800015,22,13414.591378,True,wheat
131.252597,22,13421.530561,True,wheat
129.759603,23,13428.133657,True,wheat
153.562958,23,13434.059833,True,wheat
128.918823,20,13440.538611,True,wheat
131.61554,18,13446.026275,True,wheat
153.339986,24,13451.765605,True,wheat
131.632338,20,13457.224317,True,wheat
134.723008,24,13463.077132,True,wheat
133.244048,20,13470.180411,True,wheat
150.226992,23,13475.887926,True,wheat
132.784048,21,13481.970452,True,wheat
133.610015,23,13487.709717,True,wheat
152.516992,22,13494.209584,True,wheat
132.494048,22,13499.631873,True,wheat
134.190015,21,13505.397321,True,wheat
-8.07555,25,13511.295523,False,wheat
134.623008,24,13517.560187,True,wheat
131.32554,19,13522.915573,True,wheat
129.6915,23,13528.74741,True,wheat
131.011507,29,13534.741393,True,wheat
134.003008,27,13549.449833,True,wheat
134.190015,21,13559.015752,True,wheat
132.680015,30,13567.747374,True,wheat
134.723008,24,13575.539713,True,wheat
152.221507,25,13583.030845,True,wheat
152.002958,27,13590.566257,True,wheat
132.411507,19,13598.700061,True,wheat
132.868563,20,13606.392767,True,wheat
130.652259,20,13614.244382,True,wheat
131.622338,26,13622.154665,True,wheat
149.452958,37,13630.048248,True,wheat
134.303008,27,13637.908363,True,wheat
111.917517,24,13645.872883,True,wheat
113.354353,21,13654.625762,True,wheat
147.468823,25,13661.925792,True,wheat
132.441507,19,13668.341444,True,wheat
153.779986,28,13676.460912,True,wheat
114.298994,32,13684.641515,True,wheat
131.512105,21,13691.748438,True,wheat
130.026371,23,13699.454026,True,wheat
154.302958,26,13708.604586,True,wheat
170.895902,26,13716.352012,True,wheat
151.712958,23,13723.885445,True,wheat
153.769986,22,13731.840778,True,wheat
114.119628,18,13739.078428,True,wheat
151.012958,38,13746.824284,True,wheat
134.623008,24,13754.314648,True,wheat
166.211767,19,13761.100769,True,wheat
131.813557,20,13770.083117,True,wheat
153.702958,22,13778.099,True,wheat
130.48246,19,13785.334196,True,wheat
115.293557,22,13792.698655,True,wheat
153.662958,23,13800.28082,True,wheat
134.623008,24,13808.753259,True,wheat
132.177732,27,13816.886265,True,wheat
133.735952,24,13825.785511,True,wheat
133.510015,23,13834.111173,True,wheat
148.622547,24,13840.754298,True,wheat
132.248563,23,13847.940187,True,wheat
134.330015,20,13855.167518,True,wheat
150.201507,23,13863.559848,True,wheat
129.486371,24,13870.553239,True,wheat
131.692597,26,13878.039365,True,wheat
134.590015,23,13885.439916,True,wheat
130.25588,18,13892.941178,True,wheat
129.87137,24,13899.596531,True,wheat
133.168563,25,13906.599109,True,wheat
132.314048,22,13913.922623,True,wheat
134.590015,41,13922.193787,True,wheat
133.800015,22,13930.537833,True,wheat
130.29246,22,13939.481136,True,wheat
133.194048,25,13946.489048,True,wheat
133.800015,22,13952.950733,True,wheat
132.770015,29,13960.961251,True,wheat
130.552597,29,13969.949659,True,wheat
154.320015,29,13978.829073,True,wheat
134.480015,20,13986.014497,True,wheat
134.623008,24,13993.01212,True,wheat
151.55554,21,13999.553361,True,wheat
132.100015,22,14006.686377,True,wheat
132.42655,23,14016.582719,True,wheat
133.484048,24,14024.186344,True,wheat
151.447732,29,14031.299406,True,wheat
134.190015,21,14038.385313,True,wheat
131.423557,21,14045.819507,True,wheat
132.835281,20,14053.032768,True,wheat
151.412958,23,14060.100753,True,wheat
131.133557,22,14068.250663,True,wheat
152.516992,22,14075.365207,True,wheat
131.932338,25,14083.196637,True,wheat
130.165281,28,14091.622646,True,wheat
134.863531,31,14099.644465,True,wheat
151.241478,25,14107.451203,True,wheat
132.92655,21,14115.006155,True,wheat
152.457732,30,14123.517048,True,wheat
133.677042,23,14131.105358,True,wheat
147.09241,21,14138.53734,True,wheat
150.675281,19,14146.867535,True,wheat
129.922105,22,14153.781602,True,wheat
133.817042,22,14161.903338,True,wheat
134.623008,24,14170.349327,True,wheat
132.062597,20,14177.735241,True,wheat
131.894048,25,14185.574852,True,wheat
133.940015,21,14192.954833,True,wheat
150.211507,29,14200.796451,True,wheat
129.895049,19,14206.943067,True,wheat
133.900015,22,14215.379885,True,wheat
152.06445,21,14223.521172,True,wheat
152.53445,21,14232.106748,True,wheat
131.423557,21,14239.493042,True,wheat
152.832958,25,14247.821565,True,wheat
133.144048,20,14255.268602,True,wheat
131.603557,21,14262.721304,True,wheat
131.211507,24,14269.452306,True,wheat
132.314048,22,14277.660531,True,wheat
151.702958,22,14285.117522,True,wheat
134.090015,21,14292.191601,True,wheat
131.252105,17,14299.21413,True,wheat
128.502597,37,14306.254905,True,wheat
130.921055,23,14312.49021,True,wheat
153.189986,24,14319.327557,True,wheat
131.222105,17,14324.555328,True,wheat
151.59554,26,14330.501118,True,wheat
152.509494,23,14335.783039,True,wheat
149.433952,19,14341.3566,True,wheat
132.006992,21,14348.24024,True,wheat
151.02445,20,14354.188353,True,wheat
151.985281,25,14360.4249,True,wheat
152.092958,21,14366.439491,True,wheat
131.952105,20,14372.023918,True,wheat
148.492259,18,14377.214687,True,wheat
117.880052,23,14384.976151,True,wheat
132.062338,20,14391.311994,True,wheat
129.789315,24,14399.379622,True,wheat
135.013008,23,14407.163263,True,wheat
130.736371,24,14415.586312,True,wheat
153.022958,24,14421.360588,True,wheat
134.763008,23,14427.565587,True,wheat
134.037042,21,14432.822832,True,wheat
149.366161,28,14438.791425,True,wheat
131.752338,22,14443.90591,True,wheat
130.41246,24,14450.092162,True,wheat
132.522597,18,14456.337548,True,wheat
150.649936,30,14462.953968,True,wheat
131.782338,20,14469.032645,True,wheat
130.53554,22,14475.706569,True,wheat
133.033008,35,14482.381658,True,wheat
132.233557,21,14487.980017,True,wheat
134.407042,26,14493.47734,True,wheat
130.865366,18,14499.745835,True,wheat
131.492338,21,14505.16896,True,wheat
135.710015,23,14510.88653,True,wheat
131.565281,18,14516.030187,True,wheat
131.472105,22,14522.139821,True,wheat
132.253557,24,14528.502233,True,wheat
130.285049,18,14534.268537,True,wheat
130.331274,23,14539.499128,True,wheat
133.790015,23,14544.953713,True,wheat
130.86655,27,14550.735647,True,wheat
128.090958,17,14555.623016,True,wheat
142.759494,21,14562.173744,True,wheat
132.163557,19,14567.163735,True,wheat
116.923827,16,14572.011734,True,wheat
131.202338,22,14577.596977,True,wheat
151.509444,25,14585.22756,True,wheat
133.314048,19,14590.39302,True,wheat
134.333008,25,14596.814819,True,wheat
129.559315,23,14603.17609,True,wheat
131.981507,21,14608.570345,True,wheat
114.294353,20,14613.772413,True,wheat
150.74445,21,14619.101214,True,wheat
152.1865,19,14624.137133,True,wheat
134.623008,24,14630.4385,True,wheat
129.359315,21,14637.368892,True,wheat
153.205902,22,14644.270396,True,wheat
128.724783,19,14649.984507,True,wheat
151.89445,22,14655.049778,True,wheat
133.460015,23,14660.450784,True,wheat
152.17554,24,14665.816074,True,wheat
151.315281,20,14671.035075,True,wheat
152.656992,21,14676.339485,True,wheat
134.190015,21,14681.599754,True,wheat
115.519315,22,14686.792852,True,wheat
131.662597,27,14693.028691,True,wheat
150.742547,26,14700.077621,True,wheat
132.878563,26,14706.443611,True,wheat
133.044048,25,14711.877514,True,wheat
152.430676,22,14717.723112,True,wheat
134.017042,27,14723.982326,True,wheat
131.375281,19,14731.949144,True,wheat
121.6865,17,14736.863774,True,wheat
133.360015,23,14742.37479,True,wheat
133.510015,23,14748.255911,True,wheat
154.576523,29,14754.221816,True,wheat
132.098444,26,14760.251563,True,wheat
134.250015,27,14766.053049,True,wheat
131.483557,23,14771.294632,True,wheat
130.843557,23,14776.736313,True,wheat
152.696992,22,14781.485183,True,wheat
131.275281,19,14787.369757,True,wheat
142.6665,22,14792.604579,True,wheat
132.411507,19,14797.716104,True,wheat
132.174048,30,14803.423554,True,wheat
2.340673,29,14810.193585,False,wheat
134.473008,24,14815.833408,True,wheat
148.891191,22,14821.130099,True,wheat
131.492338,21,14827.328682,True,wheat
152.46445,19,14833.543177,True,wheat
135.893008,26,14839.712828,True,wheat
140.303952,16,14845.219923,True,wheat
133.287042,24,14851.293149,True,wheat
152.17445,20,14857.234229,True,wheat
121.083557,19,14862.340726,True,wheat
131.581507,31,14869.091491,True,wheat
119.014783,16,14874.721299,True,wheat
134.920015,24,14880.030113,True,wheat
133.950015,27,14885.53927,True,wheat
149.521766,35,14892.424359,True,wheat
132.564048,22,14897.877276,True,wheat
132.183557,24,14904.022529,True,wheat
131.596992,22,14909.304903,True,wheat
132.511507,19,14914.488029,True,wheat
129.354556,43,14923.722704,True,wheat
133.25554,19,14928.906924,True,wheat
134.052177,33,14935.06588,True,wheat
129.895049,19,14940.224572,True,wheat
115.14203,25,14946.609762,True,wheat
130.86588,25,14952.141765,True,wheat
152.656992,21,14957.408462,True,wheat
152.42445,20,14962.604271,True,wheat
131.061895,26,14968.233696,True,wheat
129.567992,18,14973.90511,True,wheat
132.701504,24,14980.009746,True,wheat
132.904048,21,14985.141567,True,wheat
132.438563,22,14990.940006,True,wheat
110.427457,73,15001.06418,True,wheat
130.331507,31,15006.927426,True,wheat
129.705404,20,15012.075433,True,wheat
132.438563,22,15017.365864,True,wheat
149.191507,22,15023.312988,True,wheat
131.644048,25,15029.805617,True,wheat
132.69655,22,15034.93597,True,wheat
134.333008,25,15040.458908,True,wheat
133.437042,24,15046.154109,True,wheat
132.652597,17,15051.857455,True,wheat
133.359986,21,15056.895635,True,wheat
133.967042,22,15062.310488,True,wheat
154.242958,21,15067.876594,True,wheat
130.93554,20,15074.140071,True,wheat
18.148484,21,15079.44865,False,wheat
130.995281,21,15084.455295,True,wheat
132.443557,23,15089.915155,True,wheat
131.78559,25,15095.496576,True,wheat
149.869184,45,15103.000729,True,wheat
150.365049,26,15108.66518,True,wheat
133.427042,23,15113.984641,True,wheat
131.744048,25,15120.171087,True,wheat
152.501507,28,15126.483158,True,wheat
132.634048,21,15131.785725,True,wheat
151.015281,23,15137.916664,True,wheat
130.64554,21,15143.097892,True,wheat
130.156371,21,15148.551305,True,wheat
150.585049,25,15154.250535,True,wheat
130.185049,18,15159.093365,True,wheat
133.230274,30,15165.820005,True,wheat
130.99441,30,15171.690443,True,wheat
152.03445,21,15176.716374,True,wheat
149.762259,21,15182.593421,True,wheat
133.220015,24,15188.077141,True,wheat
154.012958,28,15195.644604,True,wheat
131.04554,21,15200.972326,True,wheat
135.445024,25,15206.469752,True,wheat
128.907863,19,15212.342407,True,wheat
153.562958,23,15218.583555,True,wheat
131.392958,31,15224.19719,True,wheat
134.623008,24,15230.308641,True,wheat
151.189936,29,15236.143053,True,wheat
133.212929,26,15242.373806,True,wheat
130.355049,17,15247.37407,True,wheat
133.550635,37,15253.499868,True,wheat
153.562958,23,15258.978354,True,wheat
131.252597,22,15266.180765,True,wheat
132.894048,22,15271.795687,True,wheat
150.359315,22,15276.953393,True,wheat
132.714048,22,15282.028716,True,wheat
133.287042,24,15287.511797,True,wheat
131.852597,19,15292.609801,True,wheat
111.283426,20,15298.121664,True,wheat
132.360676,30,15304.812961,True,wheat
170.029936,25,15310.372069,True,wheat
131.911766,21,15315.688027,True,wheat
151.89445,22,15321.350571,True,wheat
149.458823,19,15326.338499,True,wheat
130.456371,26,15332.53772,True,wheat
134.530015,25,15337.953252,True,wheat
151.5365,21,15344.78949,True,wheat
151.198225,21,15350.132416,True,wheat
134.270015,26,15357.061595,True,wheat
152.646992,22,15363.369037,True,wheat
132.332929,23,15368.759434,True,wheat
151.138484,20,15373.722835,True,wheat
128.15588,24,15379.4539,True,wheat
150.669315,19,15384.567425,True,wheat
17.677992,24,15390.069918,False,wheat
128.506896,18,15394.95805,True,wheat
153.562958,23,15403.931661,True,wheat
150.518225,23,15409.758731,True,wheat
130.7165,27,15415.578306,True,wheat
134.763008,23,15421.070543,True,wheat
134.333008,25,15426.42489,True,wheat
132.174048,23,15432.142716,True,wheat
129.892105,21,15437.307621,True,wheat
132.341766,19,15443.063235,True,wheat
127.923952,23,15447.988548,True,wheat
150.145281,21,15452.988339,True,wheat
150.59445,22,15458.252824,True,wheat
152.491507,22,15463.657586,True,wheat
130.76554,20,15469.646694,True,wheat
134.670015,24,15477.347503,True,wheat
151.01554,23,15483.801417,True,wheat
154.195952,26,15489.474991,True,wheat
131.282597,22,15495.255109,True,wheat
168.388484,25,15501.579378,True,wheat
130.309315,25,15508.453962,True,wheat
131.981507,21,15514.398232,True,wheat
134.583008,30,15520.222271,True,wheat
133.677042,23,15525.421895,True,wheat
152.18445,21,15530.757828,True,wheat
152.095281,20,15536.288771,True,wheat
130.766371,19,15543.259248,True,wheat
151.94445,22,15549.273641,True,wheat
151.336992,21,15555.174152,True,wheat
153.789184,32,15561.194785,True,wheat
132.762996,26,15567.5941,True,wheat
151.955902,27,15574.780162,True,wheat
153.852958,22,15580.885984,True,wheat
133.370015,24,15587.110193,True,wheat
132.634048,21,15593.130395,True,wheat
133.624048,23,15598.374701,True,wheat
130.945281,21,15605.008821,True,wheat
131.305281,19,15612.294629,True,wheat
133.320015,24,15618.720709,True,wheat
131.898563,33,15624.779477,True,wheat
130.956733,21,15629.820166,True,wheat
131.502338,27,15635.418668,True,wheat
152.776992,23,15640.819511,True,wheat
132.421507,25,15646.562999,True,wheat
131.22554,24,15651.881973,True,wheat
131.407823,22,15657.109811,True,wheat
132.455902,22,15662.427504,True,wheat
150.535902,25,15667.76836,True,wheat
132.273789,23,15672.834584,True,wheat
132.036992,21,15677.925174,True,wheat
133.018563,20,15682.989533,True,wheat
131.392597,21,15688.191234,True,wheat
151.695281,21,15694.234225,True,wheat
150.72554,29,15700.113989,True,wheat
129.922105,22,15705.392212,True,wheat
131.935281,30,15711.236559,True,wheat
134.090015,21,15716.684667,True,wheat
133.220015,24,15722.031585,True,wheat
113.711409,17,15728.824066,True,wheat
127.435281,55,15736.343318,True,wheat
133.610015,23,15741.793381,True,wheat
128.995281,21,15747.183626,True,wheat
132.982958,30,15753.849607,True,wheat
152.171507,25,15759.380367,True,wheat
133.695952,26,15771.862407,True,wheat
29.345049,23,15780.123681,False,wheat
151.795281,21,15795.123421,True,wheat
133.653267,27,15803.847726,True,wheat
155.101346,29,15814.872544,True,wheat
132.21445,24,15822.056189,True,wheat
128.242259,24,15832.261549,True,wheat
131.652958,27,15843.280987,True,wheat
152.491507,22,15849.265754,True,wheat
132.464048,22,15854.88586,True,wheat
131.782338,20,15861.436683,True,wheat
151.89445,22,15867.163427,True,wheat
131.562597,20,15872.821559,True,wheat
151.085902,25,15879.87063,True,wheat
130.949494,25,15886.607554,True,wheat
154.385952,25,15893.812698,True,wheat
130.192338,21,15899.521272,True,wheat
151.04554,23,15904.947853,True,wheat
130.3565,24,15910.607486,True,wheat
132.912958,23,15921.068892,True,wheat
131.991507,22,15929.540308,True,wheat
132.271507,20,15936.786817,True,wheat
131.981507,21,15947.190887,True,wheat
130.845281,21,15955.571478,True,wheat
130.93554,20,15963.678412,True,wheat
134.913008,23,15971.692154,True,wheat
130.50554,22,15979.410781,True,wheat
132.828563,21,15987.06936,True,wheat
127.740836,22,15994.577458,True,wheat
150.686992,21,16002.538202,True,wheat
132.927732,22,16010.495605,True,wheat
151.157732,30,16018.672592,True,wheat
131.005281,22,16027.627794,True,wheat
132.153557,26,16037.228466,True,wheat
150.825281,24,16045.58074,True,wheat
132.784048,21,16053.851302,True,wheat
134.873008,24,16061.250227,True,wheat
133.940015,21,16069.915848,True,wheat
134.623008,24,16077.354563,True,wheat
152.806992,26,16085.702653,True,wheat
133.370015,24,16093.852232,True,wheat
135.063008,28,16102.246596,True,wheat
132.185281,22,16110.313865,True,wheat
131.535281,20,16119.704438,True,wheat
131.989086,22,16127.593987,True,wheat
134.623008,24,16135.161512,True,wheat
116.258563,19,16142.320147,True,wheat
131.968563,25,16150.994041,True,wheat
151.562958,23,16157.650886,True,wheat
133.475331,24,16166.548637,True,wheat
151.985281,25,16173.759965,True,wheat
150.902958,27,16181.126992,True,wheat
132.526783,28,16190.362184,True,wheat
171.325902,24,16198.628563,True,wheat
149.482958,25,16206.156274,True,wheat
129.887892,22,16214.128378,True,wheat
131.868563,25,16223.168798,True,wheat
152.631507,21,16230.920765,True,wheat
152.975952,34,16240.69528,True,wheat
153.157732,30,16248.777596,True,wheat
133.867042,22,16257.304206,True,wheat
151.562958,23,16265.177149,True,wheat
134.190015,21,16273.438528,True,wheat
133.903008,27,16280.712392,True,wheat
147.172259,27,16288.829989,True,wheat
154.152958,27,16297.092665,True,wheat
130.200767,24,16304.885956,True,wheat
133.950015,27,16312.874096,True,wheat
130.081507,21,16320.614891,True,wheat
130.092597,26,16328.102812,True,wheat
117.164098,24,16337.186872,True,wheat
132.940015,26,16345.844186,True,wheat
150.939494,36,16357.505905,True,wheat
134.623008,24,16365.146792,True,wheat
134.190015,21,16372.457128,True,wheat
127.330015,65,16383.81149,True,wheat
134.633008,25,16391.866081,True,wheat
131.483557,21,16401.722783,True,wheat
134.623008,24,16409.508971,True,wheat
130.435049,18,16416.847775,True,wheat
130.959653,30,16427.153056,True,wheat
132.634048,21,16434.762138,True,wheat
131.812338,28,16445.064645,True,wheat
151.599184,28,16453.650788,True,wheat
131.608563,29,16462.550285,True,wheat
115.089714,17,16470.387657,True,wheat
132.207732,25,16478.657284,True,wheat
131.392597,21,16486.663478,True,wheat
132.464048,22,16494.784719,True,wheat
131.463557,22,16501.333039,True,wheat
148.779315,20,16508.937812,True,wheat
131.841507,22,16517.843465,True,wheat
133.650015,22,16525.654331,True,wheat
134.193008,26,16533.926433,True,wheat
147.347677,21,16541.30435,True,wheat
133.827071,25,16549.362078,True,wheat
168.918484,23,16557.490766,True,wheat
154.618896,27,16566.222523,True,wheat
135.303008,22,16573.352568,True,wheat
131.556371,16,16581.99626,True,wheat
130.005202,25,16591.188127,True,wheat
132.464048,22,16599.553039,True,wheat
152.491507,22,16606.918909,True,wheat
133.760015,23,16614.867894,True,wheat
131.972597,19,16622.287777,True,wheat
132.324048,23,16633.002858,True,wheat
131.858563,24,16641.646446,True,wheat
133.287042,24,16649.778064,True,wheat
133.220015,24,16657.26737,True,wheat
131.32554,19,16666.763559,True,wheat
133.817042,22,16675.486049,True,wheat
113.699086,26,16683.861365,True,wheat
152.806992,21,16690.790195,True,wheat
134.100015,27,16698.487952,True,wheat
129.606896,19,16706.091666,True,wheat
129.449315,20,16714.098357,True,wheat
132.156992,21,16721.907136,True,wheat
132.828563,21,16729.080836,True,wheat
153.272958,24,16737.0171,True,wheat
133.220015,24,16745.615023,True,wheat
133.004048,21,16753.34429,True,wheat
134.473008,26,16760.257713,True,wheat
151.531507,25,16768.914721,True,wheat
128.772259,22,16776.116804,True,wheat
131.542597,21,16784.405901,True,wheat
131.009936,23,16792.190855,True,wheat
133.660015,22,16800.365307,True,wheat
132.131507,21,16807.835817,True,wheat
131.912958,28,16816.779474,True,wheat
149.038347,24,16826.645143,True,wheat
129.732862,21,16833.992487,True,wheat
150.069315,22,16842.295014,True,wheat
131.156992,26,16850.297153,True,wheat
150.18445,26,16858.718917,True,wheat
133.875952,24,16866.809594,True,wheat
130.5365,22,16874.831562,True,wheat
151.572958,24,16883.132135,True,wheat
132.762958,23,16891.407286,True,wheat
130.93554,20,16899.250675,True,wheat
152.04445,22,16907.755217,True,wheat
129.22445,25,16915.408956,True,wheat
131.868563,30,16923.843562,True,wheat
132.008563,24,16933.549006,True,wheat
130.79554,21,16942.232047,True,wheat
151.9365,19,16951.660299,True,wheat
131.311507,24,16960.354363,True,wheat
151.562958,23,16967.93936,True,wheat
131.950015,32,16976.959795,True,wheat
150.576733,23,16985.260373,True,wheat
132.421507,20,16993.96368,True,wheat
148.258225,32,17003.388087,True,wheat
133.138896,25,17012.128627,True,wheat
147.710275,25,17019.884538,True,wheat
168.438225,30,17028.247502,True,wheat
133.167042,27,17036.36277,True,wheat
133.230015,25,17043.607017,True,wheat
151.432958,25,17051.303392,True,wheat
134.483008,25,17058.542075,True,wheat
133.452958,22,17066.421355,True,wheat
132.53655,22,17074.74657,True,wheat
149.545281,21,17082.286094,True,wheat
132.324048,23,17090.202262,True,wheat
130.210767,25,17098.475569,True,wheat
150.239315,21,17106.935505,True,wheat
130.94554,21,17114.551528,True,wheat
130.781507,26,17123.618614,True,wheat
129.456371,26,17132.334203,True,wheat
129.278169,20,17140.012035,True,wheat
134.483008,25,17148.28229,True,wheat
131.423557,21,17156.58303,True,wheat
153.852958,22,17164.551031,True,wheat
132.271507,20,17171.559177,True,wheat
133.370015,24,17180.386526,True,wheat
132.575902,29,17188.906044,True,wheat
132.511507,19,17196.43178,True,wheat
132.614048,22,17203.654086,True,wheat
132.281507,26,17212.093048,True,wheat
133.495952,26,17221.595167,True,wheat
151.805902,22,17229.570417,True,wheat
149.835049,23,17237.401752,True,wheat
130.93554,20,17244.765382,True,wheat
151.201507,22,17252.789063,True,wheat
133.052958,22,17259.678688,True,wheat
131.701507,23,17267.51623,True,wheat
131.11554,20,17275.029676,True,wheat
134.77624,36,17283.869966,True,wheat
131.492338,21,17292.172616,True,wheat
133.342958,21,17301.885611,True,wheat
131.991507,22,17309.771278,True,wheat
132.298563,23,17317.923412,True,wheat
133.940015,21,17327.739671,True,wheat
150.59445,22,17336.838736,True,wheat
133.727042,23,17344.020641,True,wheat
129.765049,20,17350.016285,True,wheat
134.047042,27,17356.25983,True,wheat
131.812338,28,17362.77943,True,wheat
147.165049,20,17369.054031,True,wheat
152.791507,27,17375.022295,True,wheat
131.273789,23,17381.163292,True,wheat
131.502338,22,17386.624513,True,wheat
129.57588,18,17392.01251,True,wheat
152.965902,23,17398.60513,True,wheat
135.053008,22,17404.430078,True,wheat
132.878563,21,17409.832429,True,wheat
154.675952,24,17416.266249,True,wheat
151.901169,21,17421.638445,True,wheat
134.672177,25,17427.577581,True,wheat
153.629986,23,17434.352152,True,wheat
132.59655,22,17439.70755,True,wheat
152.04445,22,17447.064299,True,wheat
132.421507,20,17452.46281,True,wheat
154.815952,23,17458.980875,True,wheat
132.421507,20,17466.083613,True,wheat
132.634048,21,17471.68822,True,wheat
133.018563,20,17476.942004,True,wheat
131.588397,25,17482.379503,True,wheat
131.536733,24,17488.001443,True,wheat
133.940015,21,17494.454367,True,wheat
133.510015,23,17500.258378,True,wheat
150.385404,22,17506.385986,True,wheat
151.8265,26,17511.885067,True,wheat
152.965902,23,17517.358095,True,wheat
152.21445,24,17523.953279,True,wheat
130.97554,21,17530.519607,True,wheat
131.362338,23,17536.245926,True,wheat
152.631507,21,17541.649844,True,wheat
150.255404,22,17546.867315,True,wheat
153.245902,21,17552.385611,True,wheat
129.382338,40,17560.655987,True,wheat
131.547823,21,17567.254463,True,wheat
132.912958,23,17572.931828,True,wheat
133.158563,19,17578.068466,True,wheat
132.438563,22,17586.320521,True,wheat
133.028225,29,17592.218861,True,wheat
132.238822,29,17599.600252,True,wheat
131.782338,20,17606.172814,True,wheat
131.281507,23,17612.399097,True,wheat
148.54445,22,17618.521977,True,wheat
114.465281,18,17623.979816,True,wheat
152.666992,22,17629.352047,True,wheat
115.526371,25,17635.807935,True,wheat
114.864353,17,17640.696762,True,wheat
152.225281,19,17646.609071,True,wheat
149.051507,23,17653.788028,True,wheat
153.712958,23,17659.66426,True,wheat
131.267499,23,17665.166256,True,wheat
132.291507,27,17670.948382,True,wheat
150.789315,19,17676.19285,True,wheat
132.421507,20,17681.364419,True,wheat
130.250676,34,17687.573507,True,wheat
155.325031,28,17693.512644,True,wheat
151.934709,21,17699.190497,True,wheat
130.302958,27,17706.083343,True,wheat
133.875952,24,17713.794475,True,wheat
152.686992,21,17719.223192,True,wheat
134.390015,26,17725.940042,True,wheat
130.336371,21,17732.119096,True,wheat
128.764783,18,17738.20193,True,wheat
132.968563,20,17744.18313,True,wheat
132.082338,25,17750.680778,True,wheat
135.013008,23,17756.11481,True,wheat
133.018563,20,17761.470002,True,wheat
131.05833,23,17766.8126,True,wheat
156.020635,29,17773.388047,True,wheat
131.782338,20,17778.818767,True,wheat
128.588015,24,17784.844835,True,wheat
131.986783,24,17790.225677,True,wheat
131.713557,20,17796.297575,True,wheat
133.018563,20,17801.57035,True,wheat
153.852958,22,17807.819068,True,wheat
134.995952,26,17814.259885,True,wheat
132.186992,21,17819.822296,True,wheat
133.408563,19,17826.291845,True,wheat
154.125902,24,17831.717974,True,wheat
119.013008,23,17838.654821,True,wheat
150.325049,21,17845.432926,True,wheat
151.447991,29,17852.211622,True,wheat
133.577042,23,17857.736843,True,wheat
116.505281,17,17864.481298,True,wheat
114.092338,31,17870.343355,True,wheat
132.446992,25,17876.982096,True,wheat
170.569936,22,17883.305637,True,wheat
131.6365,21,17889.760569,True,wheat
150.658225,22,17896.243569,True,wheat
130.916371,24,17901.789164,True,wheat
114.555281,22,17907.071222,True,wheat
131.036371,24,17912.594898,True,wheat
133.583957,24,17918.908935,True,wheat
122.487079,36,17926.003778,True,wheat
133.607042,23,17931.966215,True,wheat
131.00655,23,17938.020445,True,wheat
130.596371,20,17943.225054,True,wheat
113.925281,19,17949.788492,True,wheat
129.017416,22,17957.895155,True,wheat
152.705281,22,17963.464402,True,wheat
131.230325,24,17968.792269,True,wheat
132.858896,27,17975.250439,True,wheat
131.716992,22,17980.512582,True,wheat
132.438563,22,17986.54894,True,wheat
151.5465,22,17991.941327,True,wheat
153.629986,23,17998.384065,True,wheat
130.572105,26,18004.565797,True,wheat
151.545281,21,18009.942185,True,wheat
132.762338,23,18015.651061,True,wheat
116.098563,23,18021.515219,True,wheat
149.235281,20,18026.899604,True,wheat
134.207071,23,18032.206256,True,wheat
133.800015,22,18037.777161,True,wheat
132.438563,22,18044.273981,True,wheat
133.520015,24,18051.5478,True,wheat
153.071507,20,18058.795356,True,wheat
133.577042,23,18067.540623,True,wheat
148.28554,20,18073.849275,True,wheat
130.532338,25,18081.317249,True,wheat
152.19445,27,18087.724278,True,wheat
133.220015,24,18093.949537,True,wheat
131.1865,26,18099.567867,True,wheat
130.299315,19,18106.040714,True,wheat
132.968563,20,18111.125502,True,wheat
132.614048,22,18117.405542,True,wheat
133.370015,24,18123.895894,True,wheat
153.19445,22,18130.943337,True,wheat
132.372338,24,18137.213011,True,wheat
134.477042,25,18142.986829,True,wheat
152.34554,23,18148.49012,True,wheat
133.370015,24,18155.023905,True,wheat
131.642338,21,18161.030448,True,wheat
151.032958,25,18167.635936,True,wheat
134.257042,26,18173.613308,True,wheat
133.220015,24,18179.198139,True,wheat
132.019653,21,18184.481232,True,wheat
152.04445,22,18190.219292,True,wheat
131.510613,24,18197.438903,True,wheat
152.491507,22,18203.806462,True,wheat
132.060816,25,18209.469649,True,wheat
134.623008,24,18215.069486,True,wheat
134.007042,21,18220.904139,True,wheat
134.190015,21,18227.955963,True,wheat
134.763008,23,18233.198997,True,wheat
132.271507,20,18238.310705,True,wheat
134.558138,24,18243.745326,True,wheat
152.742958,26,18250.4884,True,wheat
150.585281,25,18255.837398,True,wheat
132.661507,19,18261.701959,True,wheat
134.623008,24,18267.449121,True,wheat
131.39554,18,18273.414768,True,wheat
130.736371,19,18279.372879,True,wheat
149.348823,20,18285.682331,True,wheat
132.532597,17,18292.458735,True,wheat
133.984788,33,18300.101026,True,wheat
130.736371,19,18305.44922,True,wheat
132.721507,30,18311.210669,True,wheat
114.325281,19,18316.282153,True,wheat
133.717042,22,18321.532092,True,wheat
131.642338,21,18327.823226,True,wheat
119.019117,36,18335.483651,True,wheat
136.17629,31,18341.330501,True,wheat
133.800015,22,18347.215894,True,wheat
151.695281,21,18353.514733,True,wheat
133.510015,23,18359.685738,True,wheat
133.018563,20,18365.847067,True,wheat
131.111507,19,18370.972054,True,wheat
117.561507,19,18377.165925,True,wheat
150.17554,29,18383.77371,True,wheat
134.090015,21,18391.381092,True,wheat
171.865902,23,18398.454786,True,wheat
131.26554,20,18404.597087,True,wheat
133.520015,24,18411.01488,True,wheat
153.992958,21,18417.151018,True,wheat
131.765281,23,18422.280085,True,wheat
133.468563,30,18428.267902,True,wheat
129.419315,22,18433.838439,True,wheat
132.222338,24,18440.206734,True,wheat
135.285409,33,18446.602932,True,wheat
135.643008,26,18452.26056,True,wheat
152.71445,19,18458.121623,True,wheat
133.867042,22,18463.706842,True,wheat
134.773008,29,18470.489761,True,wheat
132.614048,22,18477.195506,True,wheat
131.452338,22,18483.630391,True,wheat
133.558563,24,18489.892636,True,wheat
133.030015,25,18495.446809,True,wheat
133.018563,20,18501.835963,True,wheat
131.981507,21,18507.498641,True,wheat
134.763008,23,18512.948218,True,wheat
132.141507,27,18519.44375,True,wheat
129.715049,20,18524.51748,True,wheat
133.370015,24,18531.748101,True,wheat
131.866992,22,18538.388179,True,wheat
131.035281,20,18543.961172,True,wheat
129.856371,23,18551.200072,True,wheat
152.341169,25,18557.735872,True,wheat
132.39655,23,18563.217972,True,wheat
131.288563,27,18569.79632,True,wheat
128.78554,24,18575.300805,True,wheat
133.940015,21,18581.191174,True,wheat
129.04554,21,18586.628128,True,wheat
133.520015,24,18592.609946,True,wheat
131.048484,23,18599.9053,True,wheat
131.991507,27,18606.519984,True,wheat
152.725281,29,18613.451507,True,wheat
132.912958,23,18619.633944,True,wheat
150.007992,19,18625.497101,True,wheat
132.611507,29,18631.279125,True,wheat
134.623008,24,18636.933244,True,wheat
152.666992,22,18643.482073,True,wheat
151.544218,24,18648.942545,True,wheat
132.962338,28,18655.09552,True,wheat
146.222259,22,18661.581903,True,wheat
135.503008,27,18667.478728,True,wheat
134.873008,24,18673.94722,True,wheat
131.315454,23,18683.007326,True,wheat
132.204048,23,18688.602742,True,wheat
132.28655,24,18696.866255,True,wheat
131.742597,18,18702.250183,True,wheat
153.562958,23,18708.842588,True,wheat
133.018563,20,18714.481519,True,wheat
130.156371,21,18722.488724,True,wheat
134.333008,25,18738.19868,True,wheat
134.193008,26,18748.091154,True,wheat
6.120015,24,18755.649515,False,wheat
131.502597,22,18764.294036,True,wheat
150.996992,30,18771.766578,True,wheat
21.732958,25,18778.8506,False,wheat
131.2565,19,18785.602333,True,wheat
133.168563,20,18792.333632,True,wheat
130.9665,20,18799.650728,True,wheat
131.312338,23,18805.914825,True,wheat
130.645924,24,18813.164183,True,wheat
131.723557,26,18820.676051,True,wheat
170.68445,21,18827.203989,True,wheat
151.88554,25,18834.315559,True,wheat
134.913008,23,18840.002456,True,wheat
150.992958,26,18847.838678,True,wheat
132.314048,22,18854.47601,True,wheat
134.623008,24,18861.06151,True,wheat
132.466992,22,18867.595227,True,wheat
134.623008,24,18874.535933,True,wheat
134.128138,26,18885.896826,True,wheat
132.174048,23,18894.534076,True,wheat
130.325281,24,18903.571828,True,wheat
131.392597,21,18911.819407,True,wheat
134.138138,27,18921.564742,True,wheat
131.713557,20,18929.553532,True,wheat
132.924048,20,18937.781688,True,wheat
132.615619,25,18945.85973,True,wheat
116.731507,21,18953.897961,True,wheat
131.202338,22,18961.121184,True,wheat
134.473008,24,18969.77507,True,wheat
131.178822,26,18980.053033,True,wheat
134.379727,23,18988.511053,True,wheat
132.350015,27,18999.786794,True,wheat
131.17833,24,19010.488968,True,wheat
133.12655,26,19020.821552,True,wheat
134.633008,30,19030.780681,True,wheat
151.562958,23,19039.79448,True,wheat
130.379315,18,19047.783044,True,wheat
132.060816,25,19056.262331,True,wheat
154.675952,24,19064.289438,True,wheat
134.025952,24,19073.282124,True,wheat
133.660015,23,19081.654099,True,wheat
130.971507,25,19091.970007,True,wheat
154.815952,23,19100.759805,True,wheat
131.145281,21,19109.086408,True,wheat
130.335049,18,19117.341045,True,wheat
133.427042,23,19125.819014,True,wheat
132.474048,23,19135.407621,True,wheat
131.988225,20,19143.834778,True,wheat
130.79554,21,19151.201006,True,wheat
152.8945,27,19160.99002,True,wheat
135.174105,27,19170.436675,True,wheat
149.369315,22,19179.295668,True,wheat
153.412958,23,19188.168072,True,wheat
150.415281,23,19196.403462,True,wheat
133.287042,24,19206.420494,True,wheat
151.448397,22,19214.237153,True,wheat
152.002958,27,19222.905433,True,wheat
150.766992,22,19231.501962,True,wheat
153.459184,34,19240.997675,True,wheat
133.287042,24,19249.074394,True,wheat
134.873008,24,19257.741431,True,wheat
154.395952,26,19266.7479,True,wheat
136.054105,30,19275.055373,True,wheat
134.623008,24,19284.254131,True,wheat
154.535952,25,19293.410462,True,wheat
150.986378,28,19301.982188,True,wheat
133.34655,23,19309.857591,True,wheat
133.437042,24,19317.436636,True,wheat
132.894048,20,19326.109013,True,wheat
133.437042,24,19334.770296,True,wheat
132.564048,22,19343.074538,True,wheat
133.717042,22,19351.641823,True,wheat
130.269315,19,19360.807077,True,wheat
150.9965,23,19368.972561,True,wheat
133.147042,25,19377.727842,True,wheat
134.090015,21,19387.659422,True,wheat
133.827071,25,19396.112193,True,wheat
151.422958,24,19405.088623,True,wheat
151.448484,18,19412.272204,True,wheat
130.792105,24,19420.76201,True,wheat
133.510015,23,19429.160383,True,wheat
148.7865,24,19436.901461,True,wheat
134.483008,25,19445.508935,True,wheat
4.924048,23,19453.323735,False,wheat
133.800015,22,19461.156334,True,wheat
129.677863,21,19471.39079,True,wheat
153.572958,24,19480.556811,True,wheat
133.220015,24,19488.862633,True,wheat
129.55588,19,19497.047673,True,wheat
132.156992,21,19504.264247,True,wheat
131.454048,26,19511.577448,True,wheat
131.758563,24,19520.340476,True,wheat
150.376992,23,19528.619068,True,wheat
130.694048,25,19536.070667,True,wheat
110.807727,18,19542.685262,True,wheat
133.370015,24,19550.818427,True,wheat
132.714048,22,19559.73841,True,wheat
132.83445,21,19570.205628,True,wheat
133.20655,24,19580.133181,True,wheat
150.976992,20,19590.058666,True,wheat
130.13246,23,19599.014668,True,wheat
131.934048,24,19607.878395,True,wheat
132.686733,24,19616.541711,True,wheat
133.660015,23,19624.780531,True,wheat
151.702958,22,19632.668797,True,wheat
152.919986,27,19641.629362,True,wheat
133.967071,24,19650.741316,True,wheat
133.080015,25,19659.91271,True,wheat
114.294353,20,19667.709494,True,wheat
135.053008,22,19675.297506,True,wheat
150.226992,23,19683.878982,True,wheat
132.324048,23,19692.394919,True,wheat
130.299315,25,19700.886113,True,wheat
134.483008,25,19709.151751,True,wheat
133.510015,23,19716.678435,True,wheat
19.651507,23,19726.802227,False,wheat
133.810015,22,19735.4835,True,wheat
134.623008,24,19744.390749,True,wheat
132.980015,24,19752.509132,True,wheat
130.605281,22,19759.914978,True,wheat
151.2565,23,19768.796467,True,wheat
133.687071,26,19778.110955,True,wheat
128.064783,23,19785.774206,True,wheat
149.919936,22,19794.126789,True,wheat
148.510767,25,19803.371565,True,wheat
132.53655,22,19811.71475,True,wheat
132.282597,30,19820.704521,True,wheat
155.957049,30,19829.855411,True,wheat
134.913008,23,19838.970356,True,wheat
132.070015,24,19847.249807,True,wheat
130.795281,21,19855.205954,True,wheat
132.755619,24,19863.386863,True,wheat
133.266733,22,19871.629161,True,wheat
133.894098,25,19880.244083,True,wheat
14.971507,25,19888.952449,False,wheat
131.192259,19,19897.555424,True,wheat
132.016992,22,19906.111238,True,wheat
115.979086,24,19916.053804,True,wheat
149.685281,20,19925.400052,True,wheat
148.611507,24,19933.88511,True,wheat
151.412958,23,19941.740613,True,wheat
133.950015,22,19952.089328,True,wheat
132.39655,23,19960.585797,True,wheat
134.333008,25,19969.693434,True,wheat
150.516992,22,19979.831887,True,wheat
152.466992,22,19988.595283,True,wheat
131.47554,19,19996.931398,True,wheat
151.722958,29,20006.041624,True,wheat
133.950015,22,20015.293373,True,wheat
136.373296,31,20024.828339,True,wheat
132.887042,26,20032.528233,True,wheat
154.610015,28,20041.210936,True,wheat
132.438563,22,20049.048333,True,wheat
152.18445,21,20058.567115,True,wheat
132.857042,26,20067.669416,True,wheat
133.660015,23,20075.137017,True,wheat
132.561507,19,20083.609226,True,wheat
134.193008,26,20092.262198,True,wheat
152.976992,20,20100.892975,True,wheat
153.992958,21,20107.513765,True,wheat
134.193008,26,20114.483797,True,wheat
134.483008,25,20121.165066,True,wheat
151.680676,22,20127.746095,True,wheat
134.223008,24,20134.345285,True,wheat
153.852958,22,20140.729138,True,wheat
127.150958,21,20145.978225,True,wheat
133.287042,24,20152.427401,True,wheat
134.623008,24,20159.057201,True,wheat
128.288015,26,20165.658828,True,wheat
131.215202,21,20172.330337,True,wheat
132.339986,26,20179.166241,True,wheat
134.307042,26,20185.714353,True,wheat
132.324048,23,20192.12286,True,wheat
131.112597,23,20198.809805,True,wheat
132.299727,25,20205.63033,True,wheat
133.558563,24,20211.537498,True,wheat
132.804048,26,20218.422978,True,wheat
150.239315,21,20224.698863,True,wheat
129.509466,20,20230.931554,True,wheat
131.874048,25,20237.542583,True,wheat
152.329986,23,20243.909008,True,wheat
155.065952,23,20250.36269,True,wheat
129.975099,26,20257.078913,True,wheat
154.535952,25,20263.593288,True,wheat
154.815952,23,20270.10933,True,wheat
153.189986,24,20278.747534,True,wheat
133.121557,25,20285.601554,True,wheat
151.562958,23,20291.947811,True,wheat
132.513789,22,20297.860694,True,wheat
153.712958,23,20304.367642,True,wheat
131.713557,20,20309.887308,True,wheat
115.464048,22,20316.928104,True,wheat
131.177823,22,20323.560367,True,wheat
133.727042,28,20329.741003,True,wheat
134.623008,24,20336.337548,True,wheat
127.797727,19,20342.420952,True,wheat
151.702958,22,20348.983265,True,wheat
132.324048,23,20354.996635,True,wheat
132.704048,21,20361.703162,True,wheat
134.913008,23,20367.935659,True,wheat
133.800015,22,20376.168599,True,wheat
3.590274,31,20383.686957,False,wheat
132.271507,20,20389.952103,True,wheat
129.949315,25,20395.628382,True,wheat
131.773557,20,20401.912544,True,wheat
133.950015,22,20408.532353,True,wheat
134.343008,26,20417.15976,True,wheat
153.852958,22,20424.13861,True,wheat
134.623008,24,20431.517982,True,wheat
128.911008,24,20438.557448,True,wheat
114.185281,20,20445.657354,True,wheat
151.985281,25,20452.3949,True,wheat
134.873008,29,20459.151543,True,wheat
132.904048,26,20467.288292,True,wheat
133.577042,23,20473.607048,True,wheat
151.278484,19,20479.586219,True,wheat
133.820015,29,20486.459092,True,wheat
132.787732,28,20493.070529,True,wheat
132.771105,23,20499.586938,True,wheat
131.849653,22,20505.995986,True,wheat
135.139233,27,20512.462814,True,wheat
153.035952,25,20519.316091,True,wheat
132.131507,21,20525.469577,True,wheat
133.437042,24,20531.663302,True,wheat
154.63441,24,20538.28572,True,wheat
133.800015,22,20543.712102,True,wheat
147.89554,23,20549.052096,True,wheat
151.422958,24,20555.419651,True,wheat
132.421507,20,20562.547805,True,wheat
134.623008,24,20569.299037,True,wheat
131.606992,23,20575.552578,True,wheat
152.225281,24,20582.451208,True,wheat
131.451507,23,20587.905822,True,wheat
134.390015,26,20594.240069,True,wheat
135.407049,30,20601.332547,True,wheat
130.20246,24,20607.401938,True,wheat
151.422958,24,20612.840714,True,wheat
151.272958,24,20619.194032,True,wheat
134.623008,24,20625.021099,True,wheat
152.425281,24,20631.448306,True,wheat
133.915619,25,20637.715715,True,wheat
133.320015,24,20643.949313,True,wheat
149.005281,22,20649.645029,True,wheat
133.717042,22,20655.895514,True,wheat
133.800015,22,20662.26574,True,wheat
133.607042,23,20672.107691,True,wheat
132.083789,24,20680.652736,True,wheat
133.577042,23,20687.623728,True,wheat
134.913008,23,20695.021327,True,wheat
132.874048,20,20702.018869,True,wheat
146.11309,20,20709.570677,True,wheat
133.758563,24,20716.879899,True,wheat
129.585281,25,20724.081682,True,wheat
133.520015,24,20732.817627,True,wheat
133.735952,25,20740.027019,True,wheat
149.76554,20,20747.261019,True,wheat
130.432338,25,20758.78265,True,wheat
133.178563,26,20766.858487,True,wheat
133.230015,25,20775.843188,True,wheat
153.422958,24,20784.81993,True,wheat
132.354048,23,20794.386705,True,wheat
133.940015,21,20802.755693,True,wheat
131.633557,21,20811.684544,True,wheat
151.272958,24,20820.423842,True,wheat
131.502338,22,20829.522734,True,wheat
130.405281,22,20838.430181,True,wheat
132.755619,24,20847.167813,True,wheat
148.901507,23,20855.910731,True,wheat
134.30733,28,20864.909556,True,wheat
135.20624,34,20874.408943,True,wheat
133.045619,23,20882.877416,True,wheat
114.932338,20,20893.61895,True,wheat
131.536733,24,20908.041089,True,wheat
-17.8,200,20935.610212,False,wheat
133.510015,23,20945.366921,True,wheat
149.061507,29,20954.99128,True,wheat
132.283789,24,20963.987971,True,wheat
132.644048,22,20979.049262,True,wheat
134.193008,26,20987.624184,True,wheat
150.546992,22,20996.78475,True,wheat
113.898484,21,21005.03498,True,wheat
131.991507,22,21013.46528,True,wheat
150.126992,23,21022.968599,True,wheat
154.815952,23,21032.352435,True,wheat
132.271507,20,21040.66679,True,wheat
152.32445,20,21049.985639,True,wheat
131.591766,22,21059.778804,True,wheat
132.723789,28,21070.610212,True,wheat
151.762597,23,21078.622755,True,wheat
133.520015,24,21087.760598,True,wheat
132.258426,23,21096.592499,True,wheat
129.293952,21,21107.3282,True,wheat
133.007042,26,21117.746793,True,wheat
149.545281,21,21127.277711,True,wheat
134.930064,25,21137.595022,True,wheat
149.355281,22,21146.269498,True,wheat
152.519184,30,21155.642138,True,wheat
131.252597,22,21163.64533,True,wheat
133.202958,22,21172.939781,True,wheat
129.842105,23,21181.713004,True,wheat
133.660015,23,21189.755048,True,wheat
133.853008,27,21199.247873,True,wheat
131.237823,23,21208.059368,True,wheat
133.530015,30,21216.655799,True,wheat
133.800015,22,21224.834124,True,wheat
134.230015,20,21233.669469,True,wheat
171.195902,26,21242.436577,True,wheat
132.912958,23,21252.316523,True,wheat
134.623008,24,21261.266986,True,wheat
133.168563,25,21271.107139,True,wheat
133.360015,23,21279.125725,True,wheat
132.471507,30,21289.98622,True,wheat
133.44624,28,21299.405332,True,wheat
133.747042,22,21309.837775,True,wheat
131.11554,20,21317.703514,True,wheat
115.073296,171,21339.167555,True,wheat
134.577049,27,21348.047059,True,wheat
133.660015,23,21356.904266,True,wheat
132.989184,27,21366.025919,True,wheat
134.894105,29,21374.689101,True,wheat
134.053008,27,21383.757517,True,wheat
134.193008,26,21392.605255,True,wheat
133.950015,22,21402.353327,True,wheat
131.451507,28,21410.620536,True,wheat
134.483008,25,21419.171706,True,wheat
135.184105,28,21428.436093,True,wheat
134.623008,24,21437.782911,True,wheat
133.520015,24,21447.336237,True,wheat
152.965902,23,21456.0581,True,wheat
133.903008,27,21464.715225,True,wheat
133.370015,24,21474.458494,True,wheat
132.598563,28,21482.475303,True,wheat
151.272958,24,21491.105075,True,wheat
133.187042,26,21500.389802,True,wheat
134.193008,26,21509.096342,True,wheat
134.333008,25,21516.991736,True,wheat
154.825952,29,21525.040411,True,wheat
113.695281,21,21533.680929,True,wheat
134.623008,24,21542.464484,True,wheat
134.623008,24,21551.32945,True,wheat
131.832597,20,21560.762273,True,wheat
134.333008,25,21568.851967,True,wheat
151.002958,27,21579.34698,True,wheat
135.995902,21,21587.881125,True,wheat
155.377049,27,21596.953636,True,wheat
134.343008,26,21606.190411,True,wheat
132.07559,24,21615.17496,True,wheat
133.475331,24,21623.716014,True,wheat
134.043008,26,21632.723427,True,wheat
132.063267,33,21642.852777,True,wheat
130.819161,22,21653.325191,True,wheat
127.232281,23,21663.137726,True,wheat
130.5465,23,21671.372946,True,wheat
131.652338,26,21682.55236,True,wheat
132.39655,23,21691.17933,True,wheat
149.33554,27,21701.491231,True,wheat
153.489986,24,21710.083447,True,wheat
130.045049,24,21718.399017,True,wheat
132.762958,23,21727.516542,True,wheat
153.629986,23,21735.878524,True,wheat
131.841507,22,21744.325974,True,wheat
131.980613,22,21752.385101,True,wheat
135.620685,29,21761.272666,True,wheat
134.193008,26,21770.692614,True,wheat
154.305952,26,21779.518268,True,wheat
131.521507,30,21788.620684,True,wheat
150.376992,23,21796.80781,True,wheat
132.912958,23,21805.803702,True,wheat
132.614048,22,21814.159309,True,wheat
133.800015,22,21820.871606,True,wheat
149.191507,22,21828.330673,True,wheat
135.133267,27,21835.191296,True,wheat
131.988225,20,21842.09898,True,wheat
151.508397,22,21849.153352,True,wheat
134.623008,24,21855.989511,True,wheat
133.530015,30,21863.34309,True,wheat
135.213008,28,21870.506393,True,wheat
153.712958,23,21880.05686,True,wheat
134.117071,24,21887.089723,True,wheat
152.021507,25,21893.314941,True,wheat
133.287042,24,21900.477164,True,wheat
155.377049,27,21908.048423,True,wheat
154.815952,23,21914.809429,True,wheat
151.562958,23,21922.490042,True,wheat
133.879986,25,21929.730276,True,wheat
130.798484,18,21936.016418,True,wheat
133.897042,22,21942.545822,True,wheat
133.222958,29,21949.373964,True,wheat
129.983557,23,21957.491827,True,wheat
133.670015,24,21964.086889,True,wheat
153.172958,24,21970.885382,True,wheat
134.89624,28,21977.580125,True,wheat
132.156992,21,21983.678338,True,wheat
149.085404,22,21993.77028,True,wheat
150.351507,23,21999.958278,True,wheat
133.885952,25,22007.04484,True,wheat
132.688138,27,22015.344359,True,wheat
155.517049,26,22023.784416,True,wheat
133.437042,24,22032.559496,True,wheat
131.148563,28,22041.469413,True,wheat
151.702958,22,22049.63167,True,wheat
131.262597,23,22058.922906,True,wheat
154.535952,25,22068.296491,True,wheat
135.194105,29,22077.51964,True,wheat
133.447042,25,22086.36792,True,wheat
149.985281,25,22096.068462,True,wheat
129.411629,29,22104.47106,True,wheat
117.336686,22,22113.144912,True,wheat
132.070015,24,22122.262602,True,wheat
149.836992,26,22131.503594,True,wheat
132.813557,20,22139.729802,True,wheat
133.725952,24,22148.541855,True,wheat
130.551507,23,22157.245146,True,wheat
133.08142,25,22165.848123,True,wheat
133.045619,23,22174.281027,True,wheat
135.034105,28,22184.579023,True,wheat
149.956992,26,22193.970209,True,wheat
131.49371,28,22203.081204,True,wheat
153.515952,23,22211.430884,True,wheat
133.660015,23,22219.767097,True,wheat
133.57966,29,22228.538216,True,wheat
132.096783,25,22237.802761,True,wheat
149.545281,21,22246.8885,True,wheat
134.913008,23,22255.827045,True,wheat
132.754048,21,22264.543721,True,wheat
131.501507,23,22272.659819,True,wheat
134.447049,29,22282.210231,True,wheat
132.912958,23,22291.111324,True,wheat
153.880015,25,22302.276732,True,wheat
131.625281,24,22311.239775,True,wheat
132.728563,21,22317.798761,True,wheat
133.800015,22,22324.788176,True,wheat
155.657049,25,22331.04928,True,wheat
132.438563,22,22338.662607,True,wheat
131.88655,26,22347.084694,True,wheat
151.44554,21,22356.102306,True,wheat
152.425902,24,22363.569226,True,wheat
132.500015,22,22370.220231,True,wheat
132.848563,28,22377.38944,True,wheat
134.333008,25,22386.851363,True,wheat
151.30554,22,22395.530612,True,wheat
133.247071,27,22405.515248,True,wheat
130.575049,21,22414.452546,True,wheat
117.031507,21,22424.640431,True,wheat
150.982958,25,22433.664198,True,wheat
132.121507,20,22442.381107,True,wheat
135.324105,27,22451.776285,True,wheat
151.562958,23,22461.460338,True,wheat
134.763008,23,22471.896196,True,wheat
133.437042,24,22481.442687,True,wheat
151.312958,23,22491.238876,True,wheat
130.129315,18,22500.934973,True,wheat
155.239184,27,22510.161187,True,wheat
149.756733,26,22519.216853,True,wheat
131.701507,23,22527.632344,True,wheat
132.332958,25,22536.624388,True,wheat
131.726992,23,22545.226228,True,wheat
132.034048,24,22554.485054,True,wheat
132.792775,26,22564.020025,True,wheat
130.222,22,22573.780226,True,wheat
134.924105,27,22584.127043,True,wheat
152.881507,21,22595.295509,True,wheat
132.222626,26,22604.717483,True,wheat
151.835281,20,22613.724845,True,wheat
133.308563,24,22622.635635,True,wheat
134.333008,25,22632.273486,True,wheat
154.020015,24,22640.488386,True,wheat
149.918225,23,22649.051248,True,wheat
153.880015,25,22657.672313,True,wheat
133.810015,23,22667.777669,True,wheat
151.412958,23,22677.096978,True,wheat
134.483008,25,22686.330418,True,wheat
153.282958,25,22697.383443,True,wheat
134.333008,25,22706.088323,True,wheat
150.852958,32,22715.082064,True,wheat
130.912338,23,22723.717114,True,wheat
134.483008,25,22732.421365,True,wheat
134.333008,25,22742.593822,True,wheat
132.605619,24,22750.838804,True,wheat
154.675952,24,22762.450967,True,wheat
131.559936,21,22771.399996,True,wheat
132.214048,24,22780.626683,True,wheat
132.512338,23,22790.062101,True,wheat
170.289936,24,22799.120884,True,wheat
134.053008,27,22808.535135,True,wheat
134.884105,28,22818.090154,True,wheat
153.992958,21,22827.203323,True,wheat
154.342603,25,22835.972248,True,wheat
151.132958,25,22845.535254,True,wheat
130.895281,21,22854.589507,True,wheat
130.782338,25,22867.058173,True,wheat
132.895619,23,22875.524113,True,wheat
134.427049,27,22884.709599,True,wheat
133.800015,22,22893.065314,True,wheat
134.333008,25,22901.995279,True,wheat
129.644428,24,22910.963014,True,wheat
134.343008,26,22919.858021,True,wheat
149.59554,26,22928.864762,True,wheat
128.723952,19,22937.218029,True,wheat
130.903428,21,22945.757339,True,wheat
151.272958,24,22954.56609,True,wheat
151.562958,23,22963.406534,True,wheat
135.324105,27,22972.406507,True,wheat
133.652127,28,22981.836086,True,wheat
134.193008,26,22990.742145,True,wheat
133.782775,28,23000.822028,True,wheat
149.3365,22,23009.405609,True,wheat
134.894105,29,23018.910839,True,wheat
150.992958,26,23028.057783,True,wheat
135.314105,26,23037.342916,True,wheat
130.222597,26,23046.994698,True,wheat
134.623008,24,23058.876214,True,wheat
170.289936,24,23067.430779,True,wheat
134.673267,29,23077.638908,True,wheat
131.11554,20,23087.560733,True,wheat
134.418138,25,23096.728433,True,wheat
133.537071,26,23105.538264,True,wheat
115.144353,15,23116.219603,True,wheat
114.895145,22,23126.168324,True,wheat
149.0465,23,23135.640181,True,wheat
131.285454,23,23146.081984,True,wheat
132.184048,24,23154.467864,True,wheat
152.542958,26,23170.715322,True,wheat
133.868138,27,23180.432467,True,wheat
129.26588,20,23187.68351,True,wheat
48.268225,23,23195.612277,False,wheat
134.894105,29,23203.556089,True,wheat
132.561507,19,23210.214716,True,wheat
134.894105,29,23218.601448,True,wheat
132.329986,25,23230.047893,True,wheat
135.174105,27,23241.062152,True,wheat
