#{"t_start": 1780821122.5057628, "env_id": "None"}
r,l,t,target
11.276796,80,9.046908,diamond_ore
-44.927227,100,19.674087,diamond_ore
-57.558748,100,28.221202,diamond_ore
46.047626,75,34.738669,diamond_ore
18.511698,91,42.713016,diamond_ore
66.837937,37,46.720685,diamond_ore
-40.025966,100,55.374682,diamond_ore
76.779913,26,59.557847,diamond_ore
67.199129,15,64.036414,diamond_ore
-48.448451,100,71.571381,diamond_ore
29.251539,37,76.052415,diamond_ore
-48.177126,100,84.020409,diamond_ore
55.976401,41,90.120848,diamond_ore
66.957445,32,93.959744,diamond_ore
-55.493318,100,102.605731,N/A
-34.557251,100,110.844649,diamond_ore
-20.341928,100,118.637979,diamond_ore
-57.09579,100,126.940514,diamond_ore
-71.119949,100,134.911822,diamond_ore
-37.482143,100,143.275458,diamond_ore
-34.643178,100,151.503538,N/A
-45.907096,100,158.54793,N/A
42.877552,76,165.128899,diamond_ore
-63.69495,100,174.29876,diamond_ore
63.01258,28,178.437787,diamond_ore
53.996707,61,184.912634,diamond_ore
-16.258147,99,194.400436,diamond_ore
-45.622861,100,202.857851,diamond_ore
54.971502,31,206.727699,diamond_ore
-54.751855,100,214.08666,diamond_ore
-48.54928,100,222.18564,diamond_ore
-24.534254,100,229.323049,diamond_ore
-42.796829,100,237.923526,diamond_ore
-66.121983,100,248.00999,diamond_ore
48.076982,86,255.178931,diamond_ore
13.881914,70,261.718531,diamond_ore
-38.411093,100,269.665762,diamond_ore
-40.572123,100,277.745713,diamond_ore
-47.481212,100,286.199907,diamond_ore
-39.453654,100,294.417528,diamond_ore
57.666625,41,298.81192,diamond_ore
54.817627,40,303.669457,diamond_ore
13.264227,68,309.856224,diamond_ore
23.905753,95,318.074578,diamond_ore
-37.479346,100,325.880611,diamond_ore
18.641264,74,332.232654,diamond_ore
-30.370886,100,340.083948,diamond_ore
84.477641,24,343.668417,diamond_ore
13.748836,67,349.908423,diamond_ore
54.00097,30,354.115391,diamond_ore
12.153732,95,362.18204,diamond_ore
62.806588,35,366.986619,diamond_ore
-38.787362,100,375.626275,diamond_ore
-37.07261,100,383.433162,diamond_ore
5.303592,100,392.242449,diamond_ore
-42.008168,100,400.698107,N/A
-43.582945,100,409.128811,diamond_ore
-31.507329,100,417.395106,diamond_ore
-38.480945,100,425.358747,diamond_ore
-42.041553,100,434.499987,diamond_ore
-40.629986,100,442.004785,diamond_ore
32.579263,57,447.44718,diamond_ore
54.130552,56,452.54375,diamond_ore
-66.991972,100,461.491039,diamond_ore
-44.192563,100,469.115363,N/A
-17.149381,100,477.051963,diamond_ore
-17.57512,100,484.82227,diamond_ore
91.021364,14,487.604761,diamond_ore
33.611301,62,493.808248,diamond_ore
85.544799,21,497.172121,diamond_ore
-38.866932,100,505.65807,diamond_ore
-45.229523,100,514.201125,diamond_ore
-48.833626,100,522.20805,diamond_ore
35.617416,25,526.272944,diamond_ore
93.017336,13,530.127465,diamond_ore
53.053913,32,534.465308,diamond_ore
-19.334537,100,542.800171,diamond_ore
11.842879,94,551.703212,diamond_ore
-40.348434,100,561.174454,diamond_ore
-46.303581,100,568.871752,diamond_ore
-34.531426,100,578.543732,diamond_ore
21.090327,64,584.416662,diamond_ore
48.328373,76,592.292652,diamond_ore
55.136993,30,596.605099,diamond_ore
53.557022,63,603.120645,diamond_ore
-74.964273,100,611.202132,diamond_ore
-28.441245,100,619.697861,diamond_ore
-43.045468,100,627.393241,diamond_ore
11.005573,97,636.885907,diamond_ore
-19.114452,100,645.383683,diamond_ore
13.433089,78,652.471285,diamond_ore
-47.207962,100,660.490071,diamond_ore
53.253442,39,665.15955,diamond_ore
-45.95655,100,673.084917,diamond_ore
25.079884,72,679.913105,diamond_ore
62.473305,52,685.306091,diamond_ore
-39.641626,100,694.333035,diamond_ore
57.316625,77,701.581717,diamond_ore
72.433126,13,704.743192,diamond_ore
-14.721781,100,712.808891,diamond_ore
32.261285,72,719.682153,diamond_ore
49.318184,23,723.273949,diamond_ore
-20.216032,100,731.45956,diamond_ore
-7.08076,100,739.907847,diamond_ore
-41.921403,100,749.3388,diamond_ore
48.245964,77,756.25673,diamond_ore
-50.000595,100,764.395252,diamond_ore
-42.38197,100,772.198481,diamond_ore
-41.142477,100,780.423877,diamond_ore
-67.305702,100,788.564763,diamond_ore
-38.84502,100,796.834567,diamond_ore
-44.910673,100,804.823532,diamond_ore
47.162425,72,810.87088,diamond_ore
27.540927,57,816.664975,diamond_ore
50.493882,36,821.383521,diamond_ore
87.877982,12,824.291954,diamond_ore
18.86819,84,833.55841,diamond_ore
-8.288941,100,842.212627,diamond_ore
-53.126367,100,851.245613,diamond_ore
54.619051,31,854.990365,diamond_ore
51.926625,30,860.544266,diamond_ore
-18.592828,100,868.555559,diamond_ore
-41.032635,100,878.142273,diamond_ore
32.677385,40,883.350241,diamond_ore
28.879733,29,888.14292,diamond_ore
65.336242,40,892.839688,diamond_ore
62.268364,31,896.636805,diamond_ore
63.387065,47,901.585338,diamond_ore
42.134875,81,908.71978,diamond_ore
84.724926,10,911.45615,diamond_ore
79.972687,10,915.943991,diamond_ore
61.850224,35,921.066468,diamond_ore
14.580286,78,928.707844,diamond_ore
-44.584555,100,936.645555,diamond_ore
-47.024415,100,946.933881,diamond_ore
94.436559,13,949.756829,diamond_ore
3.941656,47,955.319822,diamond_ore
-46.547374,100,965.441627,diamond_ore
38.282861,28,970.147938,diamond_ore
87.43,7,973.096255,diamond_ore
52.033848,49,978.896556,diamond_ore
82.31,10,981.541362,diamond_ore
-43.828286,100,990.318593,diamond_ore
-67.121385,100,998.805096,diamond_ore
22.976111,72,1006.193072,diamond_ore
44.617416,39,1010.876277,diamond_ore
1.156949,65,1016.716188,diamond_ore
-43.713483,100,1025.058237,diamond_ore
-37.598263,100,1032.93021,diamond_ore
60.185388,35,1037.647394,diamond_ore
-34.624391,100,1045.183387,N/A
10.163676,72,1052.619111,diamond_ore
82.395138,16,1055.853232,diamond_ore
-71.508443,100,1064.089413,diamond_ore
-69.758059,100,1071.961373,diamond_ore
31.914076,52,1077.056014,diamond_ore
-39.250801,100,1084.673207,diamond_ore
57.540323,38,1089.289852,diamond_ore
48.931903,42,1094.309674,diamond_ore
-61.12498,100,1102.288059,diamond_ore
-67.426603,100,1110.837732,diamond_ore
-44.631666,100,1118.997353,diamond_ore
-68.281288,100,1127.503511,N/A
62.191145,47,1133.691768,diamond_ore
77.783951,25,1137.422934,diamond_ore
11.839411,90,1146.372747,diamond_ore
55.737684,56,1151.70616,diamond_ore
-45.38096,100,1159.909813,diamond_ore
31.809102,31,1164.040977,diamond_ore
11.64026,80,1170.833019,diamond_ore
41.44945,73,1177.153903,diamond_ore
33.372851,62,1183.027853,diamond_ore
42.239136,78,1189.810864,diamond_ore
42.182283,84,1197.159348,diamond_ore
31.02869,41,1201.664438,diamond_ore
29.161946,31,1205.858363,diamond_ore
-37.011055,100,1213.847934,diamond_ore
53.549754,83,1221.178903,diamond_ore
88.306458,6,1223.689878,diamond_ore
64.722698,24,1227.488521,diamond_ore
36.350029,37,1232.527112,diamond_ore
28.196807,44,1237.949494,diamond_ore
-41.234149,100,1246.339736,diamond_ore
-32.054209,100,1254.783871,diamond_ore
28.492051,72,1261.266369,diamond_ore
24.020772,46,1266.410971,diamond_ore
76.77,13,1270.524774,diamond_ore
78.363615,24,1274.111376,diamond_ore
23.330699,83,1281.434988,diamond_ore
-8.869441,100,1289.723898,diamond_ore
93.81,4,1293.739993,diamond_ore
41.612995,48,1298.838043,diamond_ore
-16.372139,100,1307.425504,diamond_ore
-6.079325,73,1314.836122,diamond_ore
32.552482,72,1321.362176,diamond_ore
22.799929,60,1327.396147,diamond_ore
40.423187,64,1333.471179,diamond_ore
40.508444,48,1338.923778,diamond_ore
-38.794953,100,1348.01091,diamond_ore
61.796087,43,1352.546468,diamond_ore
34.984823,69,1358.998368,diamond_ore
93.18,7,1362.865883,diamond_ore
35.431834,40,1367.628114,diamond_ore
26.263841,43,1373.626749,diamond_ore
51.404644,87,1380.837669,diamond_ore
-37.283153,100,1389.574085,diamond_ore
55.543744,66,1395.475219,diamond_ore
-31.522167,100,1403.517167,diamond_ore
-9.991744,82,1411.639645,diamond_ore
41.289169,44,1416.304225,diamond_ore
15.805659,52,1421.135546,diamond_ore
79.625641,25,1425.104587,diamond_ore
-38.092034,100,1433.458641,N/A
66.16827,36,1437.341681,diamond_ore
48.939465,46,1442.24577,diamond_ore
49.759014,48,1447.428585,diamond_ore
-2.687838,64,1455.110946,diamond_ore
-3.741197,62,1461.39271,diamond_ore
-63.275471,100,1469.549375,N/A
68.145536,56,1475.116705,diamond_ore
76.47884,15,1477.995157,diamond_ore
-38.712921,100,1486.741308,diamond_ore
39.549174,35,1490.454625,diamond_ore
68.634975,30,1494.630571,diamond_ore
65.031131,42,1499.172669,diamond_ore
31.820717,63,1505.360065,diamond_ore
79.890395,24,1509.192996,diamond_ore
30.301554,67,1515.021852,diamond_ore
50.303638,75,1521.658626,diamond_ore
61.407864,36,1527.413354,diamond_ore
85.563313,19,1531.511628,diamond_ore
45.902455,57,1537.45897,diamond_ore
57.349958,28,1543.355283,diamond_ore
-30.812551,100,1551.787932,diamond_ore
22.839417,67,1559.074996,diamond_ore
80.555966,14,1561.886807,diamond_ore
18.615271,99,1571.058941,diamond_ore
77.832721,21,1574.500901,diamond_ore
36.47246,36,1579.538547,diamond_ore
30.222135,35,1584.86252,diamond_ore
80.027428,13,1587.825844,diamond_ore
62.950418,18,1591.215285,diamond_ore
17.293459,97,1599.601169,diamond_ore
22.995,70,1605.359099,diamond_ore
58.842099,69,1612.709495,diamond_ore
38.015857,51,1618.055576,diamond_ore
81.8,22,1621.392637,diamond_ore
54.183449,38,1625.975438,diamond_ore
61.470012,42,1631.346186,diamond_ore
80.522096,18,1635.785307,diamond_ore
33.938983,35,1641.924568,diamond_ore
29.248631,28,1645.687146,diamond_ore
29.944255,42,1650.031071,diamond_ore
74.420002,20,1653.394276,diamond_ore
89.064214,18,1657.038451,diamond_ore
54.504494,22,1660.442482,diamond_ore
50.659782,54,1666.493721,diamond_ore
26.77,28,1670.578238,diamond_ore
19.526718,55,1676.955381,diamond_ore
49.898709,47,1681.715208,diamond_ore
28.141422,65,1689.418341,diamond_ore
56.185667,73,1695.91714,diamond_ore
56.042831,46,1700.814234,diamond_ore
-3.905581,83,1707.777262,diamond_ore
60.820712,73,1714.140648,diamond_ore
109.45,6,1716.735299,diamond_ore
77.468268,23,1720.38271,diamond_ore
105.240492,9,1723.829382,diamond_ore
54.101584,73,1730.527352,diamond_ore
73.004013,23,1734.570726,diamond_ore
-11.57126,98,1743.678116,diamond_ore
60.487332,34,1747.848237,diamond_ore
-37.941988,100,1756.54494,diamond_ore
-4.941347,100,1764.536358,diamond_ore
36.070363,25,1768.685219,diamond_ore
59.154974,28,1773.044779,diamond_ore
65.759267,33,1777.103211,diamond_ore
69.651219,16,1780.431943,diamond_ore
23.358851,70,1787.66509,diamond_ore
32.498837,98,1796.01456,diamond_ore
88.495925,19,1799.707246,diamond_ore
98.235925,15,1803.494354,diamond_ore
89.530492,7,1806.44877,diamond_ore
44.781965,25,1811.304051,diamond_ore
24.240744,80,1818.290274,diamond_ore
-6.915508,57,1823.965084,diamond_ore
40.739807,50,1829.148073,diamond_ore
82.838366,16,1832.149655,diamond_ore
58.044433,51,1837.229682,diamond_ore
-35.674674,100,1846.134154,diamond_ore
3.094768,43,1850.965875,diamond_ore
100.75,10,1853.734241,diamond_ore
51.701357,28,1858.441646,diamond_ore
79.121914,25,1861.835541,diamond_ore
3.80945,76,1868.909305,diamond_ore
30.292771,40,1873.663281,diamond_ore
72.196692,23,1879.047836,diamond_ore
-11.114468,100,1887.291447,diamond_ore
15.776424,83,1894.251911,diamond_ore
74.703431,21,1897.913749,diamond_ore
74.409033,26,1901.649284,diamond_ore
62.396732,42,1906.728752,diamond_ore
69.560911,29,1910.728936,diamond_ore
56.04331,47,1915.448565,diamond_ore
39.777242,62,1922.06376,diamond_ore
20.976647,66,1927.394365,diamond_ore
70.475222,37,1932.300211,diamond_ore
27.548886,57,1937.715226,diamond_ore
100.549973,13,1940.906006,diamond_ore
51.595709,26,1944.682444,diamond_ore
60.972944,35,1949.25613,diamond_ore
85.625966,6,1952.033533,diamond_ore
111.16,5,1954.497414,diamond_ore
83.350562,14,1958.05709,diamond_ore
29.722216,74,1963.991851,diamond_ore
63.633371,42,1968.972453,diamond_ore
61.660479,35,1972.930978,diamond_ore
68.572676,41,1977.871236,diamond_ore
-6.020021,100,1986.110065,diamond_ore
75.646858,24,1990.089137,diamond_ore
61.643501,66,1995.963016,diamond_ore
-34.487455,100,2004.374141,diamond_ore
95.427063,14,2008.917353,diamond_ore
88.020548,7,2011.512339,diamond_ore
75.361097,11,2014.502861,diamond_ore
29.631137,43,2019.087802,diamond_ore
28.22301,96,2027.192553,diamond_ore
75.310472,18,2030.461308,diamond_ore
83.801219,21,2035.423727,diamond_ore
29.303767,45,2040.120736,diamond_ore
69.486528,19,2044.325186,diamond_ore
63.597883,36,2049.570442,diamond_ore
94.465589,16,2052.850114,diamond_ore
41.171068,25,2056.475217,diamond_ore
78.0898,21,2060.17549,diamond_ore
83.796251,22,2063.448141,diamond_ore
70.558647,26,2067.377163,diamond_ore
104.321502,11,2070.996781,diamond_ore
31.670397,38,2076.731132,diamond_ore
101.614944,12,2079.595081,diamond_ore
33.316863,54,2085.204225,diamond_ore
104.077063,9,2088.399264,diamond_ore
74.263403,16,2092.045152,diamond_ore
57.008117,20,2095.590407,diamond_ore
70.94199,38,2100.479371,diamond_ore
93.772339,15,2103.540598,diamond_ore
91.66,19,2106.977088,diamond_ore
44.012429,28,2111.683249,diamond_ore
71.016944,25,2115.622071,diamond_ore
-58.144413,100,2123.686037,diamond_ore
75.784668,28,2127.388487,diamond_ore
32.222028,50,2133.011206,diamond_ore
63.926802,57,2138.479425,diamond_ore
91.344974,19,2142.916846,diamond_ore
67.629846,43,2147.998289,diamond_ore
96.318366,13,2151.288183,diamond_ore
38.559519,35,2156.073706,diamond_ore
110.036001,9,2159.120871,diamond_ore
41.372068,35,2163.526731,diamond_ore
77.899783,27,2167.427763,diamond_ore
65.951252,18,2171.051186,diamond_ore
63.749896,27,2176.010796,diamond_ore
94.08853,17,2179.248673,diamond_ore
29.333434,42,2185.046472,diamond_ore
67.244486,32,2188.982854,diamond_ore
71.372474,44,2194.173532,diamond_ore
46.322139,42,2199.118871,diamond_ore
92.980205,18,2202.150959,diamond_ore
92.868079,16,2205.883927,diamond_ore
85.228127,8,2208.553454,diamond_ore
88.54093,19,2212.03774,diamond_ore
103.1295,11,2215.146479,diamond_ore
57.777202,45,2221.151623,diamond_ore
90.331097,6,2224.075839,diamond_ore
97.250492,13,2227.419472,diamond_ore
59.963385,75,2233.666567,diamond_ore
69.594621,47,2238.563046,diamond_ore
100.580142,13,2242.70646,diamond_ore
76.739902,20,2246.449571,diamond_ore
88.063781,20,2250.07918,diamond_ore
54.714163,40,2255.176457,diamond_ore
43.450039,16,2258.357696,diamond_ore
97.478252,15,2261.910683,diamond_ore
44.105994,19,2265.660811,diamond_ore
80.461228,16,2269.007909,diamond_ore
79.659084,16,2271.798786,diamond_ore
48.685451,62,2278.035847,diamond_ore
64.077912,43,2282.728155,diamond_ore
73.252574,24,2286.457127,diamond_ore
30.380969,32,2290.309077,diamond_ore
99.0,11,2293.961527,diamond_ore
20.859363,41,2298.677155,diamond_ore
80.411754,26,2302.804624,diamond_ore
60.531595,42,2306.980851,diamond_ore
77.77155,12,2310.447404,diamond_ore
78.369272,17,2313.83453,diamond_ore
93.368366,13,2317.463858,diamond_ore
41.977529,89,2324.720909,diamond_ore
46.496577,15,2327.706353,diamond_ore
40.834442,49,2333.995158,diamond_ore
92.019019,19,2337.775471,diamond_ore
70.96195,44,2342.212,diamond_ore
96.268127,15,2345.42138,diamond_ore
76.398891,21,2349.101113,diamond_ore
91.370612,14,2353.402602,diamond_ore
57.620104,46,2358.635596,diamond_ore
49.060942,70,2365.144178,diamond_ore
64.898382,32,2369.554627,diamond_ore
71.487656,20,2374.490167,diamond_ore
95.918366,14,2377.468166,diamond_ore
86.3914,20,2380.8464,diamond_ore
100.13,12,2384.086036,diamond_ore
70.445372,35,2388.916701,diamond_ore
74.052871,21,2392.991391,diamond_ore
91.218146,19,2397.117838,diamond_ore
22.715318,87,2405.167841,diamond_ore
49.831077,46,2409.891465,diamond_ore
67.411006,29,2413.869751,diamond_ore
47.558656,22,2417.65445,diamond_ore
66.544834,82,2424.986249,diamond_ore
98.681122,15,2428.004197,diamond_ore
72.695433,22,2431.412156,diamond_ore
92.545966,5,2433.892725,diamond_ore
100.39,11,2437.652682,diamond_ore
100.196559,12,2440.91587,diamond_ore
61.218245,35,2445.495178,diamond_ore
37.707187,77,2452.478828,diamond_ore
36.785196,62,2458.277259,diamond_ore
74.194789,15,2461.4479,diamond_ore
99.00816,16,2465.135719,diamond_ore
100.160601,14,2468.576544,diamond_ore
59.941116,62,2474.426777,diamond_ore
87.641703,20,2478.29048,diamond_ore
38.674622,47,2483.486306,diamond_ore
94.86,9,2486.311622,diamond_ore
82.585966,10,2489.408077,diamond_ore
76.472006,26,2493.209073,diamond_ore
68.278874,31,2497.807449,diamond_ore
36.091881,37,2502.015307,diamond_ore
18.560071,38,2506.230524,diamond_ore
95.109141,16,2509.464801,diamond_ore
62.741763,59,2516.612775,diamond_ore
70.658507,39,2521.464539,diamond_ore
31.292882,81,2528.532425,diamond_ore
101.129585,14,2531.494761,diamond_ore
58.345906,49,2536.575711,diamond_ore
97.836458,8,2539.24788,diamond_ore
95.334113,16,2543.650615,diamond_ore
57.397386,48,2549.628671,diamond_ore
51.35498,78,2556.711517,diamond_ore
58.458192,32,2561.115164,diamond_ore
90.052426,8,2563.831283,diamond_ore
61.144002,39,2568.297901,diamond_ore
70.339058,40,2572.801762,diamond_ore
74.093282,25,2576.726174,diamond_ore
96.952213,15,2580.150023,diamond_ore
74.257575,31,2585.245879,diamond_ore
80.621781,18,2588.483834,diamond_ore
44.089564,20,2591.933906,diamond_ore
69.663307,38,2596.432083,diamond_ore
74.608873,29,2600.262084,diamond_ore
88.480492,7,2603.417345,diamond_ore
42.882882,20,2606.613995,diamond_ore
85.77057,18,2610.212356,diamond_ore
80.048025,19,2613.759405,diamond_ore
75.106628,59,2620.382987,diamond_ore
61.716194,24,2624.078955,diamond_ore
85.977812,22,2628.037921,diamond_ore
31.310899,27,2631.99425,diamond_ore
109.365966,7,2634.805795,diamond_ore
96.185372,15,2639.209054,diamond_ore
95.07,4,2641.47104,diamond_ore
56.966452,47,2647.914684,diamond_ore
47.861066,64,2653.541555,diamond_ore
84.530518,19,2658.631068,diamond_ore
77.363405,16,2661.812599,diamond_ore
71.034704,16,2665.419909,diamond_ore
55.792033,30,2669.299305,diamond_ore
89.509897,19,2672.853851,diamond_ore
80.972395,23,2676.722925,diamond_ore
85.776558,21,2680.364083,diamond_ore
101.772526,8,2684.120555,diamond_ore
88.764214,8,2687.011085,diamond_ore
80.115433,24,2692.172369,diamond_ore
81.384168,13,2695.142759,diamond_ore
64.99,36,2700.596119,diamond_ore
35.288608,46,2705.348689,diamond_ore
73.161914,12,2708.739489,diamond_ore
45.917731,36,2713.378253,diamond_ore
60.062721,57,2718.792528,diamond_ore
69.535259,40,2723.343486,diamond_ore
64.736118,35,2728.433981,diamond_ore
85.372017,22,2732.101687,diamond_ore
43.474983,57,2738.88652,diamond_ore
83.373413,8,2741.558249,diamond_ore
-26.183899,100,2749.99157,diamond_ore
53.841794,33,2754.228486,diamond_ore
89.980672,13,2756.930212,diamond_ore
104.01,9,2759.845337,diamond_ore
71.721394,22,2763.195239,diamond_ore
83.400699,25,2767.17648,diamond_ore
54.757888,64,2773.890671,diamond_ore
78.624453,18,2777.560752,diamond_ore
67.759519,30,2781.800406,diamond_ore
65.637453,18,2785.190558,diamond_ore
84.922824,22,2789.128186,diamond_ore
96.161499,14,2792.454641,diamond_ore
61.562703,23,2796.458529,diamond_ore
69.441351,43,2801.273138,diamond_ore
98.159101,16,2804.086796,diamond_ore
61.292015,61,2809.853333,diamond_ore
83.092871,12,2814.631402,diamond_ore
10.776924,79,2822.110641,diamond_ore
50.551645,63,2828.38289,diamond_ore
87.12445,21,2831.6183,diamond_ore
85.97,8,2834.542233,diamond_ore
54.604886,30,2838.49864,diamond_ore
72.28476,50,2844.992844,diamond_ore
51.943994,68,2851.476404,diamond_ore
88.711507,20,2854.909885,diamond_ore
85.885004,16,2857.93987,diamond_ore
38.955659,22,2861.462417,diamond_ore
82.878497,25,2866.560447,diamond_ore
65.811558,28,2870.474859,diamond_ore
66.302099,41,2875.011287,diamond_ore
78.277673,18,2877.864775,diamond_ore
69.982193,31,2882.155423,diamond_ore
81.729233,9,2884.98577,diamond_ore
62.794085,28,2888.906854,diamond_ore
61.51358,27,2892.875415,diamond_ore
87.43,7,2895.996884,diamond_ore
40.563258,29,2900.322885,diamond_ore
69.667731,38,2904.536664,diamond_ore
78.390472,20,2907.974617,diamond_ore
72.397794,19,2912.747118,diamond_ore
75.84449,22,2917.78259,diamond_ore
84.890195,21,2922.212434,diamond_ore
93.71,14,2925.486143,diamond_ore
108.319081,9,2929.6671,diamond_ore
84.215966,9,2932.630726,diamond_ore
87.903341,9,2935.457489,diamond_ore
68.425433,28,2939.554962,diamond_ore
76.816596,14,2943.104828,diamond_ore
70.914298,30,2948.097447,diamond_ore
80.208127,26,2951.636339,diamond_ore
40.772497,58,2957.550521,diamond_ore
96.308284,16,2960.901804,diamond_ore
104.495433,11,2963.787561,diamond_ore
86.189162,10,2967.745741,diamond_ore
80.934052,24,2971.497051,diamond_ore
93.046559,14,2974.418551,diamond_ore
68.788274,29,2979.230083,diamond_ore
66.523064,45,2983.925628,diamond_ore
76.387871,29,2987.762089,diamond_ore
93.238384,17,2991.002285,diamond_ore
95.822302,16,2994.364221,diamond_ore
81.03,17,2997.942774,diamond_ore
100.583845,14,3001.178196,diamond_ore
97.988284,13,3004.904494,diamond_ore
85.970205,8,3007.869117,diamond_ore
82.90765,24,3011.497241,diamond_ore
72.907495,30,3015.235108,diamond_ore
61.885013,29,3019.557106,diamond_ore
95.57,13,3023.063363,diamond_ore
86.995966,5,3025.848323,diamond_ore
75.948551,15,3029.179619,diamond_ore
88.97766,18,3032.517615,diamond_ore
68.203294,29,3037.137506,diamond_ore
96.196625,13,3040.431112,diamond_ore
79.150492,18,3043.821474,diamond_ore
104.81,9,3046.517171,diamond_ore
87.187843,23,3050.694641,diamond_ore
33.488483,80,3058.572134,diamond_ore
94.213921,19,3062.117869,diamond_ore
65.331653,64,3067.917169,diamond_ore
55.245346,42,3072.366656,diamond_ore
79.418996,21,3075.978102,diamond_ore
86.517526,24,3079.996743,diamond_ore
104.138148,13,3083.13669,diamond_ore
70.009039,34,3087.611971,diamond_ore
85.53063,19,3091.273243,diamond_ore
71.650492,18,3094.421454,diamond_ore
91.696458,7,3096.932344,diamond_ore
78.269933,25,3101.776899,diamond_ore
88.663759,21,3105.35543,diamond_ore
68.260562,18,3108.905246,diamond_ore
70.603053,28,3113.010269,diamond_ore
82.031521,23,3116.652423,diamond_ore
69.117636,43,3121.422821,diamond_ore
84.965619,21,3126.420581,diamond_ore
67.673003,18,3131.056576,diamond_ore
92.35,16,3134.097496,diamond_ore
108.626206,10,3138.26754,diamond_ore
95.729506,16,3141.96478,diamond_ore
74.310221,31,3145.933698,diamond_ore
63.418206,19,3149.474484,diamond_ore
111.670492,6,3152.300291,diamond_ore
72.878597,19,3155.700239,diamond_ore
79.365946,12,3158.752011,diamond_ore
75.485304,26,3162.936565,diamond_ore
57.283146,24,3166.477697,diamond_ore
90.696828,16,3170.408375,diamond_ore
90.282286,18,3173.888297,diamond_ore
72.78118,22,3177.595819,diamond_ore
89.460492,7,3180.418071,diamond_ore
92.448763,19,3184.049716,diamond_ore
85.27,19,3187.978897,diamond_ore
60.492047,38,3193.029794,diamond_ore
80.315338,18,3196.983629,diamond_ore
85.55107,11,3200.051248,diamond_ore
84.032802,23,3203.703413,diamond_ore
87.67,13,3206.944755,diamond_ore
94.362218,17,3210.154931,diamond_ore
81.703084,25,3214.224182,diamond_ore
66.357834,49,3219.165493,diamond_ore
75.303063,22,3223.246758,diamond_ore
101.618408,13,3226.341176,diamond_ore
72.780476,25,3230.110496,diamond_ore
71.11155,35,3234.541553,diamond_ore
84.759973,11,3237.464522,diamond_ore
68.136695,41,3242.142427,diamond_ore
75.897378,30,3246.007684,diamond_ore
75.257533,18,3250.586926,diamond_ore
95.07,4,3253.165205,diamond_ore
60.74059,31,3257.913293,diamond_ore
91.468405,19,3262.847613,diamond_ore
72.021762,37,3267.159374,diamond_ore
80.083392,27,3271.310449,diamond_ore
31.694846,58,3278.183678,diamond_ore
86.992721,15,3281.52325,diamond_ore
69.414456,32,3285.539345,diamond_ore
56.639648,24,3289.033728,diamond_ore
77.625494,27,3292.766033,diamond_ore
71.256068,33,3296.712316,diamond_ore
89.531914,8,3299.734766,diamond_ore
95.07,4,3302.090257,diamond_ore
90.758294,19,3305.443695,diamond_ore
85.215115,17,3308.554171,diamond_ore
74.509034,29,3312.412366,diamond_ore
96.690666,15,3315.525729,diamond_ore
86.751097,8,3318.746191,diamond_ore
102.6,10,3321.716355,diamond_ore
72.841967,28,3325.825512,diamond_ore
82.034802,13,3328.893522,diamond_ore
68.098554,32,3333.40701,diamond_ore
64.336125,35,3337.577642,diamond_ore
76.388029,29,3341.163569,diamond_ore
79.069608,26,3345.557327,diamond_ore
94.772021,16,3349.896069,diamond_ore
76.841569,16,3353.084512,diamond_ore
83.110056,24,3357.089987,diamond_ore
98.460067,13,3360.097733,diamond_ore
99.589229,14,3363.291572,diamond_ore
78.721914,10,3365.684336,diamond_ore
80.8,12,3368.837461,diamond_ore
110.601588,7,3371.840171,diamond_ore
94.180486,18,3375.600347,diamond_ore
57.881885,47,3380.849401,diamond_ore
93.110257,14,3384.242041,diamond_ore
56.981517,37,3388.973235,diamond_ore
45.994028,32,3392.933245,diamond_ore
80.416535,24,3396.541243,diamond_ore
88.334915,22,3400.045761,diamond_ore
68.463031,40,3404.336205,diamond_ore
81.95329,25,3408.394161,diamond_ore
82.748735,11,3411.417448,diamond_ore
94.272146,17,3414.875235,diamond_ore
103.335995,13,3418.16729,diamond_ore
108.966128,9,3421.805162,diamond_ore
92.99,16,3425.349169,diamond_ore
93.510836,18,3428.747104,diamond_ore
78.392297,13,3432.817493,diamond_ore
79.219157,14,3435.831344,diamond_ore
81.307165,19,3439.309108,diamond_ore
100.79,11,3442.086548,diamond_ore
90.903464,16,3445.349094,diamond_ore
99.483363,13,3448.760846,diamond_ore
91.66,6,3451.390701,diamond_ore
102.805603,13,3454.600615,diamond_ore
85.014944,11,3457.851008,diamond_ore
83.135586,24,3461.551522,diamond_ore
90.406331,18,3465.110014,diamond_ore
107.341548,10,3468.413464,diamond_ore
60.004745,30,3472.68908,diamond_ore
74.836482,22,3477.855439,diamond_ore
72.560571,20,3481.556355,diamond_ore
47.822337,30,3485.530329,diamond_ore
87.395966,14,3488.478785,diamond_ore
70.093063,38,3493.047294,diamond_ore
91.423626,17,3496.104764,diamond_ore
85.883442,13,3499.02854,diamond_ore
90.938846,17,3502.303546,diamond_ore
58.771133,31,3505.894291,diamond_ore
77.089509,23,3509.773474,diamond_ore
85.751967,24,3513.544446,diamond_ore
100.29,12,3516.581619,diamond_ore
104.294547,10,3519.430108,diamond_ore
84.946458,7,3522.476611,diamond_ore
74.659141,18,3525.912979,diamond_ore
66.167018,58,3531.434483,diamond_ore
63.077676,36,3536.475353,diamond_ore
80.768011,12,3540.364208,diamond_ore
76.830278,21,3543.927291,diamond_ore
107.62,8,3546.566259,diamond_ore
99.30788,14,3549.876198,diamond_ore
81.934214,16,3553.53908,diamond_ore
100.237288,10,3556.380427,diamond_ore
60.427427,30,3560.780544,diamond_ore
93.45571,18,3564.536173,diamond_ore
97.445857,16,3567.830095,diamond_ore
84.860039,20,3571.251476,diamond_ore
105.78352,10,3574.543463,diamond_ore
93.783642,19,3578.041542,diamond_ore
55.490995,36,3582.288308,diamond_ore
89.420195,22,3585.500521,diamond_ore
57.332903,34,3589.523308,diamond_ore
76.482672,26,3593.6384,diamond_ore
102.194214,11,3597.597852,diamond_ore
99.728602,15,3601.334184,diamond_ore
87.927549,14,3604.447379,diamond_ore
84.350769,21,3608.022,diamond_ore
95.67,15,3611.072361,diamond_ore
103.349346,13,3614.032068,diamond_ore
99.695047,13,3617.37841,diamond_ore
81.65063,23,3621.307487,diamond_ore
87.481146,21,3625.754106,diamond_ore
88.865966,7,3628.455225,diamond_ore
87.701074,19,3631.880678,diamond_ore
57.786253,39,3636.674804,diamond_ore
77.773296,18,3640.267957,diamond_ore
81.960292,24,3644.304973,diamond_ore
89.816458,5,3647.134558,diamond_ore
78.355517,17,3650.372616,diamond_ore
65.316512,25,3655.248871,diamond_ore
80.837155,25,3658.827567,diamond_ore
74.920735,13,3661.867602,diamond_ore
83.65174,14,3665.119127,diamond_ore
72.46581,36,3669.486505,diamond_ore
96.962949,14,3672.600993,diamond_ore
84.740472,10,3675.533784,diamond_ore
84.731363,23,3678.978108,diamond_ore
87.180767,21,3682.917554,diamond_ore
94.153485,19,3686.485626,diamond_ore
102.908726,13,3690.00295,diamond_ore
97.608366,15,3693.208017,diamond_ore
107.808473,8,3695.911677,diamond_ore
106.825966,8,3698.721867,diamond_ore
83.895966,15,3701.846682,diamond_ore
87.776754,22,3705.676573,diamond_ore
103.626452,11,3708.837617,diamond_ore
98.86081,16,3712.500305,diamond_ore
81.700117,14,3715.915778,diamond_ore
88.495125,14,3719.079772,diamond_ore
89.491548,16,3721.937473,diamond_ore
93.718459,18,3725.787174,diamond_ore
88.414114,9,3728.751156,diamond_ore
91.696458,7,3731.735953,diamond_ore
79.650947,26,3737.373189,diamond_ore
84.594255,24,3741.210874,diamond_ore
63.185973,28,3746.384047,diamond_ore
83.920018,18,3749.918126,diamond_ore
70.586135,41,3754.402656,diamond_ore
100.858842,13,3757.504744,diamond_ore
88.932994,8,3760.344702,diamond_ore
106.897985,9,3763.422391,diamond_ore
76.361067,24,3767.447032,diamond_ore
82.200948,13,3770.839028,diamond_ore
83.531132,13,3774.014232,diamond_ore
79.635923,20,3777.496053,diamond_ore
98.644582,13,3780.961431,diamond_ore
69.461459,47,3785.863455,diamond_ore
94.067063,15,3790.003007,diamond_ore
78.799989,24,3794.039352,diamond_ore
88.715412,20,3797.119402,diamond_ore
91.499304,20,3801.929029,diamond_ore
96.567549,15,3805.25347,diamond_ore
84.62,15,3808.281006,diamond_ore
90.66358,16,3812.390331,diamond_ore
104.652526,10,3816.256415,diamond_ore
69.195703,45,3821.051491,diamond_ore
79.004764,14,3824.292325,diamond_ore
82.733793,18,3827.383071,diamond_ore
103.8613,13,3830.509885,diamond_ore
97.286625,14,3833.506077,diamond_ore
72.402331,29,3838.03329,diamond_ore
78.490916,22,3841.463387,diamond_ore
84.98,7,3844.218255,diamond_ore
89.701028,20,3847.620918,diamond_ore
85.85234,11,3851.065598,diamond_ore
94.494434,15,3854.614247,diamond_ore
58.740889,39,3859.368133,diamond_ore
72.843186,19,3862.906352,diamond_ore
79.829714,19,3866.386035,diamond_ore
100.805356,12,3869.512264,diamond_ore
90.1736,19,3874.464052,diamond_ore
86.14223,22,3878.417037,diamond_ore
93.411097,18,3881.835258,diamond_ore
95.039514,16,3885.152986,diamond_ore
101.423361,12,3887.965995,diamond_ore
108.408366,9,3891.32743,diamond_ore
85.761499,9,3894.238294,diamond_ore
101.439481,11,3896.832706,diamond_ore
105.230031,11,3901.765318,diamond_ore
99.292642,13,3904.683893,diamond_ore
81.650472,13,3907.957442,diamond_ore
107.426559,9,3911.162862,diamond_ore
88.789054,18,3914.87233,diamond_ore
63.265325,48,3920.141408,diamond_ore
43.364813,18,3923.682802,diamond_ore
76.300386,23,3927.586431,diamond_ore
105.321914,10,3930.574795,diamond_ore
88.975581,19,3934.364753,diamond_ore
73.141784,32,3938.686255,diamond_ore
91.830492,6,3941.379514,diamond_ore
68.592731,45,3946.590683,diamond_ore
75.706332,23,3950.27018,diamond_ore
77.346682,34,3955.71606,diamond_ore
80.272418,22,3959.401623,diamond_ore
83.934749,24,3963.17764,diamond_ore
87.42439,21,3966.610619,diamond_ore
103.247181,13,3969.951539,diamond_ore
105.678127,10,3973.282615,diamond_ore
91.25722,14,3976.384084,diamond_ore
93.747982,15,3979.460112,diamond_ore
97.017222,12,3982.545034,diamond_ore
97.49,11,3985.603023,diamond_ore
74.843449,18,3989.221291,diamond_ore
90.951097,7,3991.836484,diamond_ore
95.450492,9,3994.90596,diamond_ore
62.912561,32,3998.968063,diamond_ore
85.14831,25,4002.886968,diamond_ore
88.333799,12,4005.906538,diamond_ore
88.474582,9,4008.911072,diamond_ore
98.245045,13,4011.806396,diamond_ore
103.765966,7,4014.474293,diamond_ore
71.467055,39,4019.095488,diamond_ore
75.454194,17,4022.989752,diamond_ore
86.491502,14,4026.16784,diamond_ore
91.152994,7,4029.104008,diamond_ore
84.086258,14,4032.746218,diamond_ore
103.97018,11,4035.810831,diamond_ore
68.203282,26,4039.796236,diamond_ore
77.987964,28,4043.636762,diamond_ore
69.526739,47,4049.020131,diamond_ore
84.381908,24,4052.544193,diamond_ore
102.418665,13,4056.773369,diamond_ore
95.70554,14,4060.765743,diamond_ore
73.54772,34,4064.849496,diamond_ore
95.726128,13,4068.090677,diamond_ore
101.280486,11,4071.257102,diamond_ore
107.40057,10,4075.08821,diamond_ore
87.573913,15,4078.34038,diamond_ore
71.916417,15,4081.771975,diamond_ore
57.288724,48,4086.364545,diamond_ore
80.294593,26,4090.370032,diamond_ore
104.671914,10,4093.733997,diamond_ore
94.916458,16,4097.11478,diamond_ore
91.77409,7,4099.85528,diamond_ore
95.17636,14,4103.212952,diamond_ore
97.238284,13,4106.421149,diamond_ore
104.250039,11,4109.292313,diamond_ore
85.19195,23,4113.089174,diamond_ore
102.826625,10,4116.674171,diamond_ore
97.885691,13,4119.881893,diamond_ore
85.385548,25,4123.740244,diamond_ore
91.738127,17,4127.741251,diamond_ore
76.158305,18,4131.327706,diamond_ore
95.113847,10,4133.98467,diamond_ore
92.037185,12,4137.132583,diamond_ore
89.497863,20,4140.419252,diamond_ore
104.77,9,4143.418039,diamond_ore
96.800359,17,4147.291742,diamond_ore
95.099346,17,4150.591248,diamond_ore
93.109481,13,4154.353398,diamond_ore
83.102672,22,4158.120188,diamond_ore
85.866584,19,4161.809381,diamond_ore
78.545476,25,4165.582979,diamond_ore
72.982205,33,4169.24964,diamond_ore
68.762584,35,4173.92584,diamond_ore
68.369434,37,4178.348182,diamond_ore
102.35,11,4181.337774,diamond_ore
74.059618,30,4186.684574,diamond_ore
83.478127,13,4189.900264,diamond_ore
88.343888,11,4193.261527,diamond_ore
101.128127,13,4197.32141,diamond_ore
86.634214,16,4200.808508,diamond_ore
100.055966,13,4203.948696,diamond_ore
75.088081,31,4208.581713,diamond_ore
94.936106,12,4211.721436,diamond_ore
95.025217,17,4214.841889,diamond_ore
92.909985,19,4218.270445,diamond_ore
78.624445,14,4222.384481,diamond_ore
93.721528,19,4226.270388,diamond_ore
83.381764,23,4230.053345,diamond_ore
74.406731,30,4234.330941,diamond_ore
70.762017,33,4238.558576,diamond_ore
94.442761,18,4242.096083,diamond_ore
100.970492,11,4246.05647,diamond_ore
88.751873,16,4248.977565,diamond_ore
103.114926,11,4252.028136,diamond_ore
82.037471,25,4256.452753,diamond_ore
101.650472,13,4259.528956,diamond_ore
82.99358,8,4262.339065,diamond_ore
87.10886,11,4265.292974,diamond_ore
91.488954,21,4268.912184,diamond_ore
101.100492,13,4271.931864,diamond_ore
89.408551,9,4275.102868,diamond_ore
68.68224,32,4279.797987,diamond_ore
93.62,4,4282.101472,diamond_ore
105.465966,7,4284.79166,diamond_ore
84.69061,18,4288.291575,diamond_ore
107.94,7,4290.919147,diamond_ore
105.840492,9,4294.056022,diamond_ore
101.651502,13,4296.854048,diamond_ore
79.044949,18,4301.181065,diamond_ore
100.954358,12,4304.008048,diamond_ore
85.891513,21,4307.705784,diamond_ore
90.305554,19,4311.004509,diamond_ore
105.601992,8,4314.325538,diamond_ore
92.587201,20,4318.065452,diamond_ore
94.213505,13,4321.170896,diamond_ore
74.747882,20,4324.783549,diamond_ore
85.085765,25,4328.706265,diamond_ore
91.392804,19,4332.121539,diamond_ore
97.0495,14,4335.316845,diamond_ore
84.951097,7,4338.635151,diamond_ore
104.369898,8,4341.370462,diamond_ore
90.946458,7,4344.275598,diamond_ore
94.789763,19,4347.707286,diamond_ore
83.81,10,4351.049076,diamond_ore
105.931914,9,4354.012652,diamond_ore
70.235678,38,4358.802223,diamond_ore
68.131399,27,4362.682529,diamond_ore
103.234617,12,4366.368115,diamond_ore
98.844624,14,4369.848943,diamond_ore
104.640205,11,4373.428974,diamond_ore
83.739835,19,4377.23943,diamond_ore
83.336212,19,4381.199166,diamond_ore
87.688459,21,4384.963925,diamond_ore
92.518473,11,4387.985941,diamond_ore
96.090472,14,4390.84787,diamond_ore
101.36409,13,4393.765204,diamond_ore
87.684704,7,4397.588834,diamond_ore
71.011101,17,4401.357498,diamond_ore
95.171424,14,4404.527263,diamond_ore
91.646063,19,4408.05826,diamond_ore
96.893211,16,4412.396705,diamond_ore
68.453701,31,4416.736615,diamond_ore
86.768842,11,4419.402286,diamond_ore
92.874806,17,4422.974766,diamond_ore
108.406458,8,4425.885362,diamond_ore
85.667063,9,4429.074041,diamond_ore
87.318691,11,4432.314652,diamond_ore
79.741282,14,4435.231007,diamond_ore
101.39,12,4438.315061,diamond_ore
90.3,7,4441.227236,diamond_ore
95.562402,17,4444.628326,diamond_ore
85.675995,17,4448.062409,diamond_ore
87.535421,10,4451.71215,diamond_ore
101.251502,13,4455.193775,diamond_ore
92.351115,17,4458.533635,diamond_ore
80.446422,27,4462.423888,diamond_ore
103.253442,10,4465.218918,diamond_ore
105.802789,13,4468.449581,diamond_ore
88.857338,22,4472.213749,diamond_ore
83.866924,21,4475.603296,diamond_ore
90.550205,15,4479.225726,diamond_ore
98.400562,14,4482.510158,diamond_ore
107.455966,8,4485.72057,diamond_ore
83.184986,21,4490.478583,diamond_ore
81.621331,27,4494.490889,diamond_ore
104.818473,11,4497.527314,diamond_ore
98.290078,14,4500.809854,diamond_ore
84.685167,22,4505.551815,diamond_ore
87.350492,8,4508.489042,diamond_ore
98.27,13,4512.637848,diamond_ore
89.516187,20,4516.070481,diamond_ore
52.887868,27,4520.18181,diamond_ore
98.304656,14,4523.423961,diamond_ore
95.116734,14,4527.814195,diamond_ore
105.126559,9,4530.93328,diamond_ore
97.33,12,4533.852694,diamond_ore
111.16,5,4537.241239,diamond_ore
109.365966,7,4540.837384,diamond_ore
94.776458,5,4543.445984,diamond_ore
88.009389,18,4547.633834,diamond_ore
90.241422,20,4551.176817,diamond_ore
61.013755,34,4555.558665,diamond_ore
92.002021,17,4558.724916,diamond_ore
88.254563,10,4561.841895,diamond_ore
68.324941,32,4566.4472,diamond_ore
55.153078,49,4571.620914,diamond_ore
104.18,12,4574.544892,diamond_ore
79.776458,14,4577.786409,diamond_ore
83.756834,26,4581.706295,diamond_ore
104.551499,10,4585.66915,diamond_ore
87.461499,9,4588.444794,diamond_ore
104.717068,11,4592.102283,diamond_ore
104.606407,11,4594.873194,diamond_ore
89.778256,20,4598.693131,diamond_ore
70.511542,26,4602.791492,diamond_ore
99.85,10,4605.95335,diamond_ore
91.685217,12,4608.637705,diamond_ore
89.660492,7,4611.409684,diamond_ore
101.875194,13,4614.696412,diamond_ore
72.544427,35,4619.747434,diamond_ore
83.596516,13,4622.970069,diamond_ore
103.255911,13,4625.855095,diamond_ore
82.991952,15,4629.354285,diamond_ore
83.972503,25,4633.192991,diamond_ore
82.24,8,4636.508032,diamond_ore
87.751069,15,4639.652865,diamond_ore
89.179973,14,4642.914573,diamond_ore
81.367427,25,4647.546563,diamond_ore
89.526836,18,4651.241054,diamond_ore
100.741914,12,4655.213532,diamond_ore
91.746458,7,4658.09983,diamond_ore
55.437655,25,4662.015303,diamond_ore
105.521606,10,4665.13622,diamond_ore
89.517656,19,4668.693345,diamond_ore
99.871,14,4671.887047,diamond_ore
104.064658,12,4675.539773,diamond_ore
109.981569,9,4678.105776,diamond_ore
79.70817,17,4681.62236,diamond_ore
83.414437,11,4684.820902,diamond_ore
104.888836,13,4688.258661,diamond_ore
61.414304,31,4692.786469,diamond_ore
106.2,5,4695.686613,diamond_ore
111.49,6,4698.447791,diamond_ore
106.39,8,4701.554961,diamond_ore
88.229585,18,4706.10253,diamond_ore
82.391499,11,4710.085059,diamond_ore
84.672708,20,4715.034712,diamond_ore
72.611341,32,4719.670228,diamond_ore
90.325589,19,4723.125215,diamond_ore
99.991992,14,4726.974591,diamond_ore
70.82998,27,4730.472123,diamond_ore
99.468579,11,4733.371963,diamond_ore
87.84785,18,4736.708454,diamond_ore
101.84,11,4739.948475,diamond_ore
87.592331,20,4743.711144,diamond_ore
88.38,7,4746.461906,diamond_ore
56.209548,24,4750.210359,diamond_ore
104.414926,11,4752.77387,diamond_ore
68.149229,19,4756.038448,diamond_ore
88.43,7,4758.731874,diamond_ore
71.400756,39,4763.250808,diamond_ore
101.593442,11,4766.331257,diamond_ore
98.09522,16,4769.293421,diamond_ore
91.513509,20,4772.991758,diamond_ore
100.429583,14,4776.111484,diamond_ore
65.878045,30,4780.198717,diamond_ore
96.606576,18,4784.525943,diamond_ore
101.198579,13,4787.387583,diamond_ore
107.015966,9,4790.133171,diamond_ore
100.188867,14,4793.893947,diamond_ore
108.08,7,4796.607356,diamond_ore
85.273442,19,4800.333536,diamond_ore
86.829308,24,4804.469523,diamond_ore
102.988866,14,4809.00077,diamond_ore
77.553523,15,4812.226694,diamond_ore
89.077014,21,4815.771733,diamond_ore
93.159135,20,4819.636308,diamond_ore
93.075033,17,4823.386108,diamond_ore
95.651914,16,4826.843524,diamond_ore
91.637308,18,4830.766637,diamond_ore
90.943228,19,4834.193918,diamond_ore
93.118366,18,4837.69267,diamond_ore
86.290958,23,4841.723317,diamond_ore
105.357063,10,4845.40621,diamond_ore
106.413932,10,4848.323695,diamond_ore
96.945217,14,4851.822097,diamond_ore
99.910793,14,4856.452004,diamond_ore
94.828079,15,4859.727432,diamond_ore
96.402923,13,4864.489048,diamond_ore
104.716458,10,4867.575621,diamond_ore
108.13,7,4870.602246,diamond_ore
89.476436,19,4874.167778,diamond_ore
77.904671,27,4878.225342,diamond_ore
87.702383,20,4881.511012,diamond_ore
79.640543,28,4885.850411,diamond_ore
97.254214,14,4889.277108,diamond_ore
99.84445,14,4892.541728,diamond_ore
102.85,10,4895.601792,diamond_ore
85.821677,24,4899.417181,diamond_ore
78.736106,12,4902.755862,diamond_ore
83.778334,18,4906.459217,diamond_ore
101.449261,10,4909.521156,diamond_ore
89.138122,21,4913.431425,diamond_ore
101.269733,12,4916.919069,diamond_ore
70.923726,34,4921.41738,diamond_ore
98.704472,15,4926.372906,diamond_ore
97.756084,16,4929.696865,diamond_ore
95.012893,17,4934.722023,diamond_ore
99.78,12,4937.606196,diamond_ore
94.65,16,4940.782262,diamond_ore
65.149484,20,4944.477131,diamond_ore
95.541991,13,4947.768293,diamond_ore
85.257982,15,4951.136915,diamond_ore
99.229481,13,4954.359646,diamond_ore
82.572633,26,4958.107761,diamond_ore
101.521078,14,4961.121238,diamond_ore
89.796091,21,4964.611513,diamond_ore
99.274686,15,4969.305622,diamond_ore
90.423053,20,4972.713371,diamond_ore
90.184445,8,4975.587518,diamond_ore
109.69,7,4978.494872,diamond_ore
72.435517,25,4982.25872,diamond_ore
103.323626,11,4985.433984,diamond_ore
104.2,11,4989.587053,diamond_ore
92.007627,19,4993.182349,diamond_ore
97.010289,15,4996.359653,diamond_ore
105.840492,9,4999.321177,diamond_ore
94.731405,17,5002.542119,diamond_ore
87.459567,10,5006.443,diamond_ore
100.248349,12,5009.484281,diamond_ore
98.326288,13,5012.754757,diamond_ore
76.256245,18,5016.435129,diamond_ore
74.095564,33,5020.797003,diamond_ore
96.876125,16,5023.854405,diamond_ore
105.950975,10,5027.394346,diamond_ore
102.104113,14,5030.917099,diamond_ore
96.42,14,5034.358754,diamond_ore
83.401781,21,5038.079134,diamond_ore
80.790983,25,5041.956801,diamond_ore
96.67,14,5044.970618,diamond_ore
84.947288,10,5050.064207,diamond_ore
73.726692,41,5054.931828,diamond_ore
91.718956,20,5060.253202,diamond_ore
81.618272,13,5064.973217,diamond_ore
77.674952,29,5069.200344,diamond_ore
104.364926,11,5072.186153,diamond_ore
91.696458,7,5074.953734,diamond_ore
92.23214,19,5078.259374,diamond_ore
97.285141,17,5081.806928,diamond_ore
101.256625,12,5084.873128,diamond_ore
76.307288,23,5088.457941,diamond_ore
108.101569,10,5091.27637,diamond_ore
106.22,8,5094.319028,diamond_ore
103.412199,12,5097.270932,diamond_ore
92.722807,19,5100.903475,diamond_ore
83.981489,22,5104.492182,diamond_ore
104.324214,12,5107.458665,diamond_ore
84.978473,10,5111.50387,diamond_ore
94.973013,14,5114.246151,diamond_ore
73.87802,29,5118.080367,diamond_ore
84.452383,22,5121.916279,diamond_ore
97.81,14,5125.572246,diamond_ore
98.291914,13,5128.878998,diamond_ore
107.12,8,5131.608053,diamond_ore
73.856343,28,5135.598804,diamond_ore
88.669989,17,5138.870893,diamond_ore
80.682179,21,5142.342003,diamond_ore
111.675966,6,5145.24677,diamond_ore
100.458459,15,5148.619991,diamond_ore
87.448547,18,5152.0614,diamond_ore
89.523247,17,5155.790854,diamond_ore
103.101502,14,5158.686283,diamond_ore
89.80041,21,5162.152107,diamond_ore
92.54803,18,5165.634315,diamond_ore
98.358127,15,5168.92217,diamond_ore
95.898874,15,5172.116325,diamond_ore
101.070492,12,5175.414363,diamond_ore
81.107533,19,5179.397688,diamond_ore
96.33136,17,5183.055057,diamond_ore
110.44,6,5185.810814,diamond_ore
93.345966,5,5188.167403,diamond_ore
88.84,7,5190.744771,diamond_ore
100.191282,14,5194.025443,diamond_ore
100.38,13,5197.309122,diamond_ore
95.725763,17,5200.712745,diamond_ore
89.406022,18,5204.507311,diamond_ore
100.947425,15,5209.215751,diamond_ore
82.689499,24,5213.605133,diamond_ore
82.228956,24,5217.6235,diamond_ore
74.192855,33,5222.199846,diamond_ore
105.140612,12,5225.006881,diamond_ore
86.198569,22,5228.870375,diamond_ore
97.250515,16,5232.413883,diamond_ore
108.93,7,5235.106017,diamond_ore
107.941097,8,5238.019303,diamond_ore
93.894606,18,5241.575914,diamond_ore
72.11,29,5245.754675,diamond_ore
89.575356,13,5249.323643,diamond_ore
77.092107,38,5253.628282,diamond_ore
105.003012,10,5256.68898,diamond_ore
103.378366,12,5260.069393,diamond_ore
102.91,10,5264.206768,diamond_ore
105.520078,10,5268.031195,diamond_ore
105.107985,10,5270.856175,diamond_ore
91.558672,20,5275.946367,diamond_ore
86.036334,11,5279.096979,diamond_ore
79.844399,26,5284.66252,diamond_ore
97.877922,15,5287.771242,diamond_ore
69.044974,48,5292.654315,diamond_ore
101.03,12,5296.054268,diamond_ore
69.330091,29,5300.213519,diamond_ore
97.254399,15,5305.243099,diamond_ore
107.48,7,5308.108555,diamond_ore
111.196458,7,5311.055169,diamond_ore
71.811697,32,5315.571054,diamond_ore
102.504944,12,5318.807799,diamond_ore
91.658145,18,5322.491589,diamond_ore
85.689481,21,5326.707139,diamond_ore
81.342105,26,5330.477698,diamond_ore
80.636125,24,5333.95832,diamond_ore
103.163913,11,5336.603645,diamond_ore
75.687308,18,5340.019243,diamond_ore
89.009249,23,5343.20455,diamond_ore
96.737514,13,5346.453721,diamond_ore
91.250933,20,5349.770858,diamond_ore
76.867935,12,5353.085786,diamond_ore
98.221914,15,5356.183077,diamond_ore
74.424113,42,5360.356263,diamond_ore
95.06,4,5362.61015,diamond_ore
90.352893,19,5366.063936,diamond_ore
97.345734,17,5370.589175,diamond_ore
102.070295,15,5373.578263,diamond_ore
98.655115,13,5376.906984,diamond_ore
96.693665,16,5380.274644,diamond_ore
94.695634,15,5384.109233,diamond_ore
73.932129,30,5388.369667,diamond_ore
111.396458,7,5391.403188,diamond_ore
96.274214,17,5394.917341,diamond_ore
93.36,5,5398.684279,diamond_ore
87.752253,18,5402.075806,diamond_ore
97.053622,18,5405.207514,diamond_ore
95.664704,13,5409.244218,diamond_ore
105.067982,9,5412.511427,diamond_ore
88.43,7,5415.710539,diamond_ore
106.945966,9,5419.976716,diamond_ore
79.310562,23,5423.595158,diamond_ore
79.338424,23,5427.273578,diamond_ore
90.57,13,5430.684659,diamond_ore
103.946169,11,5433.523694,diamond_ore
100.38784,14,5436.89057,diamond_ore
100.928579,10,5440.016962,diamond_ore
108.260492,8,5442.705818,diamond_ore
90.288939,21,5446.449194,diamond_ore
78.995268,27,5450.656158,diamond_ore
94.604258,19,5453.973827,diamond_ore
88.46,16,5457.356048,diamond_ore
100.656706,13,5460.325219,diamond_ore
83.792721,20,5464.346464,diamond_ore
102.151502,9,5467.135874,diamond_ore
101.935047,12,5470.308276,diamond_ore
84.44424,24,5474.119074,diamond_ore
93.345966,5,5476.652725,diamond_ore
91.825966,6,5479.337433,diamond_ore
75.044176,30,5483.754259,diamond_ore
102.679159,14,5487.451086,diamond_ore
79.483869,21,5491.038143,diamond_ore
100.300781,15,5494.256866,diamond_ore
92.661588,6,5497.084121,diamond_ore
103.050492,8,5499.710815,diamond_ore
62.927611,30,5503.771152,diamond_ore
85.51306,18,5507.046116,diamond_ore
78.610357,31,5511.321815,diamond_ore
100.998579,13,5515.789413,diamond_ore
80.737649,26,5519.918609,diamond_ore
102.316533,13,5523.084776,diamond_ore
106.923913,9,5526.025347,diamond_ore
93.31669,18,5530.899366,diamond_ore
94.163626,17,5534.520631,diamond_ore
83.337595,23,5538.771641,diamond_ore
97.333975,17,5542.047093,diamond_ore
90.312331,14,5545.08428,diamond_ore
95.07,4,5548.73309,diamond_ore
92.933681,19,5552.147361,diamond_ore
100.084245,14,5555.7441,diamond_ore
97.311097,11,5558.992655,diamond_ore
68.058095,57,5564.627201,diamond_ore
106.063913,10,5569.044163,diamond_ore
65.546322,54,5574.336875,diamond_ore
107.997555,9,5577.309398,diamond_ore
89.421588,8,5580.459266,diamond_ore
92.308849,16,5584.200377,diamond_ore
100.912283,16,5587.564394,diamond_ore
106.561078,10,5590.995868,diamond_ore
93.024704,12,5594.180281,diamond_ore
108.157656,10,5597.272113,diamond_ore
85.274823,18,5602.191024,diamond_ore
110.601097,7,5605.150033,diamond_ore
95.01,14,5608.283933,diamond_ore
100.924214,12,5611.523145,diamond_ore
100.079102,14,5615.013776,diamond_ore
91.334582,20,5619.332728,diamond_ore
101.420927,14,5622.748727,diamond_ore
87.891914,9,5625.672097,diamond_ore
96.448118,13,5628.707805,diamond_ore
87.501499,9,5632.368182,diamond_ore
99.644113,15,5636.121759,diamond_ore
77.302833,29,5640.057506,diamond_ore
106.38,8,5642.970161,diamond_ore
100.798674,14,5646.651122,diamond_ore
86.786156,12,5649.826117,diamond_ore
74.857765,24,5654.014558,diamond_ore
104.913293,11,5657.057678,diamond_ore
74.284126,29,5662.367581,diamond_ore
101.619973,12,5665.68679,diamond_ore
81.101483,25,5669.52402,diamond_ore
103.693847,11,5672.644253,diamond_ore
97.969519,16,5676.13097,diamond_ore
103.576668,12,5679.525437,diamond_ore
99.926011,13,5684.051197,diamond_ore
93.345966,5,5686.495928,diamond_ore
107.562554,11,5689.739077,diamond_ore
73.155733,34,5694.110588,diamond_ore
92.513626,17,5697.649584,diamond_ore
106.494108,10,5700.995525,diamond_ore
102.421545,13,5704.149329,diamond_ore
101.516206,11,5707.023453,diamond_ore
109.64,6,5709.758634,diamond_ore
107.805966,8,5712.774019,diamond_ore
106.57,8,5716.261351,diamond_ore
104.7,10,5719.315678,diamond_ore
84.8995,15,5722.687973,diamond_ore
98.26,14,5725.979931,diamond_ore
99.788842,14,5729.204225,diamond_ore
96.308928,14,5732.135249,diamond_ore
106.878146,11,5736.29686,diamond_ore
73.657751,31,5740.416282,diamond_ore
89.603371,21,5744.689143,diamond_ore
78.536827,26,5748.522908,diamond_ore
104.888473,10,5751.492669,diamond_ore
90.812035,20,5755.282984,diamond_ore
106.54,6,5758.234352,diamond_ore
107.990472,9,5761.21063,diamond_ore
89.565601,14,5764.424038,diamond_ore
100.49062,14,5767.678035,diamond_ore
80.312604,26,5773.208034,diamond_ore
95.781991,15,5776.433084,diamond_ore
101.681085,13,5779.638004,diamond_ore
77.793328,29,5784.245903,diamond_ore
100.370067,10,5787.209419,diamond_ore
94.572239,19,5790.184616,diamond_ore
103.776128,8,5793.630659,diamond_ore
62.364986,53,5799.424067,diamond_ore
104.317051,10,5803.842365,diamond_ore
103.714063,13,5807.192128,diamond_ore
83.953061,12,5810.776555,diamond_ore
73.716676,48,5816.027587,diamond_ore
92.047638,18,5819.292072,diamond_ore
104.905015,12,5823.950367,diamond_ore
92.585247,19,5827.21999,diamond_ore
106.100492,9,5830.121824,diamond_ore
104.236546,12,5833.600208,diamond_ore
108.771097,7,5836.612289,diamond_ore
95.201401,17,5840.107602,diamond_ore
95.39222,17,5843.843317,diamond_ore
91.17,14,5847.028907,diamond_ore
105.867655,11,5849.947044,diamond_ore
86.869973,22,5853.617738,diamond_ore
94.697187,17,5857.297137,diamond_ore
90.397455,19,5860.642483,diamond_ore
107.509898,9,5863.823145,diamond_ore
111.196458,7,5868.131488,diamond_ore
106.634926,10,5870.845033,diamond_ore
77.240613,21,5874.34493,diamond_ore
98.054632,16,5877.55639,diamond_ore
89.254949,20,5881.619355,diamond_ore
96.8595,14,5884.869612,diamond_ore
95.494475,16,5888.533558,diamond_ore
75.685517,29,5892.464914,diamond_ore
71.794236,29,5896.528958,diamond_ore
90.884658,17,5900.128426,diamond_ore
88.484907,16,5904.757478,diamond_ore
76.391599,28,5908.65249,diamond_ore
109.770492,7,5911.47187,diamond_ore
108.68,7,5914.496118,diamond_ore
92.76,5,5916.997328,diamond_ore
110.160492,7,5920.07624,diamond_ore
102.376625,12,5923.274963,diamond_ore
98.82,13,5926.449783,diamond_ore
89.544292,22,5930.01198,diamond_ore
94.464011,19,5933.597632,diamond_ore
71.296669,38,5938.653211,diamond_ore
102.516828,14,5941.878722,diamond_ore
92.097325,19,5945.603468,diamond_ore
93.925614,20,5949.894503,diamond_ore
96.647286,17,5953.760442,diamond_ore
108.73,7,5956.759549,diamond_ore
99.602504,13,5960.27552,diamond_ore
95.033403,14,5963.119458,diamond_ore
96.781728,17,5966.588058,diamond_ore
104.49258,11,5969.842191,diamond_ore
104.409973,11,5972.949125,diamond_ore
87.382331,21,5977.167383,diamond_ore
99.544358,13,5980.367516,diamond_ore
102.068473,11,5983.547312,diamond_ore
100.591097,13,5986.865449,diamond_ore
105.793442,11,5989.927977,diamond_ore
101.605463,13,5993.246859,diamond_ore
103.247425,14,5997.195318,diamond_ore
97.94,11,6000.356638,diamond_ore
102.635437,13,6003.996326,diamond_ore
108.571097,7,6006.915484,diamond_ore
107.721914,9,6010.051558,diamond_ore
107.400492,8,6013.238757,diamond_ore
97.171078,15,6016.610035,diamond_ore
96.763835,16,6019.809433,diamond_ore
99.0095,13,6023.17753,diamond_ore
83.498154,24,6027.303782,diamond_ore
100.093061,13,6031.661185,diamond_ore
80.77409,10,6034.648707,diamond_ore
56.887824,21,6038.331932,diamond_ore
107.30057,10,6041.359199,diamond_ore
108.986625,9,6044.428516,diamond_ore
95.07,4,6046.878267,diamond_ore
99.501914,13,6050.271948,diamond_ore
107.27,8,6053.109267,diamond_ore
83.871323,22,6056.962227,diamond_ore
76.458097,33,6061.314649,diamond_ore
94.065292,19,6065.364359,diamond_ore
75.842676,31,6069.011114,diamond_ore
84.677288,11,6072.013549,diamond_ore
86.142499,23,6075.510853,diamond_ore
90.265966,7,6078.320266,diamond_ore
85.661914,21,6081.692475,diamond_ore
91.24,6,6084.569249,diamond_ore
99.262335,13,6087.798743,diamond_ore
93.774434,16,6090.879672,diamond_ore
104.753413,10,6093.95691,diamond_ore
85.089974,19,6097.22822,diamond_ore
93.670205,13,6101.257766,diamond_ore
108.457982,9,6104.124917,diamond_ore
109.071588,8,6106.927794,diamond_ore
99.29409,13,6110.853913,diamond_ore
74.3514,24,6114.575346,diamond_ore
65.105785,35,6118.529209,diamond_ore
79.229973,14,6121.476301,diamond_ore
103.253961,12,6124.854601,diamond_ore
91.27409,7,6127.302802,diamond_ore
109.18,7,6130.124554,diamond_ore
83.762624,18,6133.855416,diamond_ore
95.847288,16,6137.043847,diamond_ore
102.511069,13,6140.489994,diamond_ore
106.201569,10,6143.462923,diamond_ore
98.038366,12,6146.588323,diamond_ore
97.981961,17,6150.00418,diamond_ore
88.419348,22,6153.612409,diamond_ore
107.470205,9,6156.785681,diamond_ore
97.715217,12,6161.547984,diamond_ore
96.976106,15,6164.757382,diamond_ore
93.850196,18,6168.22586,diamond_ore
89.056234,10,6171.346446,diamond_ore
99.651558,12,6174.790646,diamond_ore
109.760492,7,6178.30553,diamond_ore
97.969123,16,6181.510388,diamond_ore
74.494725,23,6185.074755,diamond_ore
89.800472,8,6188.013083,diamond_ore
100.317627,13,6191.541634,diamond_ore
76.504023,28,6195.829315,diamond_ore
91.51,5,6198.989363,diamond_ore
93.36,5,6201.469982,diamond_ore
102.7,10,6204.906597,diamond_ore
103.427422,12,6207.991762,diamond_ore
88.93432,20,6211.717412,diamond_ore
86.144187,22,6215.652484,diamond_ore
82.916334,24,6219.556438,diamond_ore
91.346543,20,6223.090587,diamond_ore
93.694187,18,6226.61987,diamond_ore
108.53,7,6229.438488,diamond_ore
98.17,13,6232.82606,diamond_ore
90.310492,7,6235.982058,diamond_ore
102.051512,14,6239.303383,diamond_ore
93.257375,18,6242.916184,diamond_ore
104.278618,11,6245.833032,diamond_ore
95.873364,18,6249.335428,diamond_ore
85.073609,23,6252.607388,diamond_ore
100.031219,13,6256.220226,diamond_ore
98.606452,13,6259.558481,diamond_ore
83.43065,13,6262.544963,diamond_ore
87.643913,13,6265.700706,diamond_ore
90.530518,20,6268.998012,diamond_ore
103.471881,12,6273.615669,diamond_ore
76.118835,12,6276.685054,diamond_ore
85.341108,24,6280.650409,diamond_ore
98.33057,12,6283.946648,diamond_ore
79.334214,21,6288.047104,diamond_ore
89.530362,21,6291.934176,diamond_ore
107.67,8,6295.742198,diamond_ore
103.106053,12,6298.933696,diamond_ore
92.199779,20,6302.49643,diamond_ore
102.082953,13,6307.107175,diamond_ore
94.820472,18,6311.218396,diamond_ore
101.028835,13,6315.842383,diamond_ore
96.486049,13,6318.960786,diamond_ore
87.643442,21,6322.478443,diamond_ore
98.770585,16,6326.664668,diamond_ore
88.596452,19,6330.865604,diamond_ore
88.792426,9,6333.80781,diamond_ore
87.4,7,6338.224626,diamond_ore
93.052708,18,6341.673715,diamond_ore
97.82,13,6344.899238,diamond_ore
104.241499,11,6347.84106,diamond_ore
94.325204,16,6351.338485,diamond_ore
89.653415,21,6354.670042,diamond_ore
103.690472,10,6357.659675,diamond_ore
100.156817,13,6362.512053,diamond_ore
74.061348,30,6366.809834,diamond_ore
91.79,16,6370.281657,diamond_ore
110.26,6,6373.013977,diamond_ore
102.381097,10,6375.982924,diamond_ore
98.750906,16,6379.460701,diamond_ore
96.171499,12,6382.536971,diamond_ore
99.47,14,6385.760433,diamond_ore
98.077786,13,6388.934081,diamond_ore
106.325966,6,6391.527715,diamond_ore
100.82,8,6394.285625,diamond_ore
106.100493,10,6397.043659,diamond_ore
98.394214,10,6400.227135,diamond_ore
80.123265,20,6403.742952,diamond_ore
101.139692,14,6407.042703,diamond_ore
102.127336,12,6410.193583,diamond_ore
99.775926,12,6413.766751,diamond_ore
88.27726,14,6417.154485,diamond_ore
76.351565,30,6423.414409,diamond_ore
99.191606,13,6426.6266,diamond_ore
107.800492,8,6429.43469,diamond_ore
107.02,8,6432.527753,diamond_ore
101.55,10,6435.636,diamond_ore
102.066348,13,6439.324699,diamond_ore
86.603442,9,6442.51778,diamond_ore
93.57857,18,6447.46724,diamond_ore
97.176145,16,6451.220082,diamond_ore
104.609973,11,6454.451303,diamond_ore
105.612099,11,6458.692621,diamond_ore
107.800492,8,6462.970327,diamond_ore
96.317656,12,6466.312176,diamond_ore
106.37,8,6469.527973,diamond_ore
92.16599,19,6473.38289,diamond_ore
103.64,11,6476.728457,diamond_ore
80.269676,13,6480.091864,diamond_ore
102.483442,11,6483.27129,diamond_ore
104.726559,9,6486.391295,diamond_ore
72.071905,40,6490.89934,diamond_ore
99.18,7,6495.142786,diamond_ore
104.187985,11,6498.05902,diamond_ore
95.1,15,6501.807841,diamond_ore
77.665925,27,6506.143968,diamond_ore
79.850601,25,6512.345598,diamond_ore
100.872708,14,6515.446975,diamond_ore
89.37466,18,6518.969288,diamond_ore
104.613913,10,6522.300354,diamond_ore
87.057288,10,6525.192703,diamond_ore
81.963913,25,6529.667919,diamond_ore
102.813913,11,6534.226166,diamond_ore
72.452261,42,6539.02281,diamond_ore
111.470492,6,6541.715393,diamond_ore
110.04,6,6544.475197,diamond_ore
69.4,47,6550.547776,diamond_ore
77.113054,28,6555.513455,diamond_ore
95.581364,12,6558.760412,diamond_ore
93.541502,15,6561.984217,diamond_ore
103.797288,10,6565.228136,diamond_ore
82.324332,26,6569.280248,diamond_ore
99.964639,14,6572.604702,diamond_ore
101.81,10,6575.862605,diamond_ore
111.76,5,6579.444447,diamond_ore
103.567325,12,6582.760555,diamond_ore
97.079878,16,6587.417335,diamond_ore
90.501167,22,6591.091436,diamond_ore
102.43,12,6594.43104,diamond_ore
97.99,11,6597.386547,diamond_ore
104.91,10,6600.276142,diamond_ore
83.841715,12,6603.58648,diamond_ore
74.736342,35,6607.652977,diamond_ore
81.911489,21,6611.061076,diamond_ore
94.559847,18,6616.223445,diamond_ore
74.260727,45,6621.478779,diamond_ore
96.645457,13,6624.956416,diamond_ore
96.305217,13,6628.344895,diamond_ore
83.005256,24,6632.320226,diamond_ore
102.818551,13,6635.506998,diamond_ore
79.501205,28,6640.259774,diamond_ore
97.600764,16,6643.145143,diamond_ore
103.751364,10,6646.182896,diamond_ore
94.118835,17,6650.035246,diamond_ore
104.632035,13,6653.304974,diamond_ore
81.455331,25,6657.486354,diamond_ore
106.47,9,6660.294494,diamond_ore
106.47,8,6663.030096,diamond_ore
105.867051,9,6665.871478,diamond_ore
93.73,12,6669.896037,diamond_ore
95.977288,16,6673.276194,diamond_ore
98.405614,17,6676.786248,diamond_ore
100.157288,13,6680.428585,diamond_ore
63.545285,32,6685.381995,diamond_ore
98.173186,16,6689.195917,diamond_ore
107.69444,9,6692.046299,diamond_ore
98.641069,15,6696.61966,diamond_ore
97.171169,17,6700.298068,diamond_ore
104.75,10,6703.58355,diamond_ore
104.37,9,6706.277587,diamond_ore
107.02,8,6710.769256,diamond_ore
110.44,6,6714.532465,diamond_ore
90.707523,20,6718.200287,diamond_ore
101.668735,13,6723.050072,diamond_ore
87.134834,23,6726.988192,diamond_ore
81.023913,24,6731.062314,diamond_ore
68.554955,38,6735.99665,diamond_ore
73.227922,30,6740.491579,diamond_ore
84.023736,22,6744.509898,diamond_ore
97.965966,14,6747.878795,diamond_ore
83.043366,23,6753.249309,diamond_ore
101.096125,12,6756.413783,diamond_ore
100.334358,14,6759.843309,diamond_ore
91.592812,21,6763.430575,diamond_ore
91.583431,20,6767.111516,diamond_ore
89.804481,22,6771.635445,diamond_ore
111.378127,8,6774.774706,diamond_ore
93.113626,17,6778.173651,diamond_ore
91.365553,20,6781.980681,diamond_ore
95.942969,12,6784.984783,diamond_ore
93.51,15,6788.394606,diamond_ore
79.215107,24,6791.934061,diamond_ore
99.19,11,6795.351212,diamond_ore
104.063847,10,6798.143555,diamond_ore
85.597631,24,6801.961722,diamond_ore
97.823847,14,6805.322745,diamond_ore
92.132944,18,6808.74527,diamond_ore
75.397569,41,6813.220403,diamond_ore
95.526436,12,6816.47942,diamond_ore
100.864187,15,6820.145314,diamond_ore
86.856149,18,6823.996491,diamond_ore
104.691569,11,6826.778704,diamond_ore
107.5,7,6829.714287,diamond_ore
107.065356,9,6833.057605,diamond_ore
109.98,7,6836.00718,diamond_ore
71.375031,43,6841.662558,diamond_ore
92.852504,17,6845.209525,diamond_ore
82.62286,19,6850.502257,diamond_ore
113.01,5,6853.072402,diamond_ore
83.78,7,6855.933797,diamond_ore
107.93,7,6858.947375,diamond_ore
70.430007,33,6862.900268,diamond_ore
94.265364,16,6867.867414,diamond_ore
101.681569,12,6870.785621,diamond_ore
102.532526,12,6873.950371,diamond_ore
109.78,7,6877.042545,diamond_ore
109.321097,7,6879.976351,diamond_ore
81.533576,24,6884.152079,diamond_ore
90.268579,13,6887.618073,diamond_ore
88.739723,18,6891.517042,diamond_ore
90.532614,19,6895.204426,diamond_ore
91.897722,12,6898.306719,diamond_ore
102.211253,14,6901.987121,diamond_ore
98.989503,16,6905.108295,diamond_ore
72.592019,52,6910.718426,diamond_ore
99.5855,15,6914.323076,diamond_ore
78.891848,28,6918.567581,diamond_ore
95.167288,17,6922.210891,diamond_ore
85.173847,10,6926.693452,diamond_ore
92.26,5,6929.384953,diamond_ore
107.112994,9,6932.313439,diamond_ore
98.527677,12,6935.319036,diamond_ore
105.73,8,6938.285043,diamond_ore
106.33,8,6941.322702,diamond_ore
101.843442,12,6944.549649,diamond_ore
94.018874,18,6947.965691,diamond_ore
98.435047,14,6951.026317,diamond_ore
101.304032,15,6954.627587,diamond_ore
103.813913,10,6957.686,diamond_ore
99.415655,14,6961.215819,diamond_ore
99.009481,13,6964.57847,diamond_ore
100.767052,14,6968.201904,diamond_ore
101.029141,10,6971.176756,diamond_ore
98.576945,15,6974.802765,diamond_ore
86.997656,9,6978.050031,diamond_ore
106.57,8,6981.593889,diamond_ore
107.48,7,6984.517531,diamond_ore
97.727605,12,6987.742172,diamond_ore
109.286625,9,6991.027265,diamond_ore
89.942017,22,6994.367512,diamond_ore
108.310492,8,6997.194261,diamond_ore
76.431943,11,7000.330943,diamond_ore
92.04,6,7004.44207,diamond_ore
106.801569,10,7007.649994,diamond_ore
100.742258,15,7011.045427,diamond_ore
74.321241,29,7016.573108,diamond_ore
94.385551,18,7020.946151,diamond_ore
103.131569,12,7024.058086,diamond_ore
101.937288,12,7026.939684,diamond_ore
108.53,7,7031.464677,diamond_ore
102.791097,10,7034.759834,diamond_ore
104.001097,7,7037.61335,diamond_ore
96.47,13,7040.760895,diamond_ore
101.078127,13,7044.53863,diamond_ore
104.488117,12,7047.667422,diamond_ore
96.716559,15,7051.346843,diamond_ore
87.573505,22,7055.921109,diamond_ore
75.194113,35,7060.456154,diamond_ore
96.074686,16,7063.514349,diamond_ore
93.596559,17,7067.359107,diamond_ore
94.99,16,7070.668511,diamond_ore
95.07,4,7073.281688,diamond_ore
89.398814,17,7078.653891,diamond_ore
107.11,9,7081.659623,diamond_ore
99.12,13,7085.931744,diamond_ore
98.9,15,7089.225191,diamond_ore
99.634787,15,7093.011145,diamond_ore
69.882483,32,7097.740273,diamond_ore
100.418473,13,7101.089251,diamond_ore
91.947288,19,7105.239905,diamond_ore
74.297761,30,7109.455544,diamond_ore
93.99,16,7113.602011,diamond_ore
84.107844,25,7117.360106,diamond_ore
92.54795,19,7120.929851,diamond_ore
105.09,6,7123.700063,diamond_ore
102.2,10,7126.695179,diamond_ore
100.906559,11,7130.216741,diamond_ore
88.997617,21,7134.426229,diamond_ore
80.492331,15,7137.937304,diamond_ore
101.607288,13,7141.362328,diamond_ore
81.423913,24,7145.495903,diamond_ore
95.849225,15,7149.026133,diamond_ore
93.137275,18,7152.817864,diamond_ore
93.81294,16,7156.20936,diamond_ore
105.494658,10,7161.506776,diamond_ore
100.170758,15,7165.162418,diamond_ore
102.249973,12,7168.782261,diamond_ore
107.914704,9,7171.793145,diamond_ore
100.177063,13,7175.210054,diamond_ore
71.745882,37,7180.853839,diamond_ore
106.38,8,7183.822908,diamond_ore
91.509426,17,7187.713688,diamond_ore
105.247288,10,7190.903298,diamond_ore
95.218079,15,7194.494779,diamond_ore
95.746568,14,7198.1999,diamond_ore
100.055966,13,7201.864837,diamond_ore
74.510278,22,7206.004047,diamond_ore
69.020415,44,7213.909543,diamond_ore
106.46,9,7216.683126,diamond_ore
91.982394,19,7221.000346,diamond_ore
93.401203,17,7224.858071,diamond_ore
99.23,13,7228.408195,diamond_ore
95.21171,17,7232.404935,diamond_ore
104.560492,7,7235.247126,diamond_ore
106.295966,9,7238.496842,diamond_ore
110.04,6,7241.229051,diamond_ore
85.228405,12,7244.792181,diamond_ore
82.856516,25,7249.820114,diamond_ore
102.320472,11,7253.104473,diamond_ore
98.725689,14,7256.954686,diamond_ore
103.643781,12,7260.960095,diamond_ore
76.145434,32,7265.375113,diamond_ore
95.716906,16,7268.620133,diamond_ore
98.107922,15,7271.861677,diamond_ore
86.751569,10,7275.068772,diamond_ore
109.271588,8,7278.746404,diamond_ore
107.324445,9,7281.52546,diamond_ore
108.09,7,7284.27917,diamond_ore
77.112788,29,7289.080406,diamond_ore
94.390267,19,7292.896158,diamond_ore
91.309202,19,7296.799977,diamond_ore
90.74,6,7299.633108,diamond_ore
105.385217,10,7303.017218,diamond_ore
98.418911,13,7306.245187,diamond_ore
98.646625,13,7309.278136,diamond_ore
75.400154,49,7314.421832,diamond_ore
105.411715,10,7317.708035,diamond_ore
107.277922,9,7320.722138,diamond_ore
100.283913,13,7324.861692,diamond_ore
86.8818,24,7328.75549,diamond_ore
95.836559,15,7331.847032,diamond_ore
95.190835,18,7335.635761,diamond_ore
72.651175,30,7339.828594,diamond_ore
92.925963,19,7343.727835,diamond_ore
73.718025,34,7348.203831,diamond_ore
100.677032,12,7351.292355,diamond_ore
103.207555,13,7355.515644,diamond_ore
101.04,12,7358.27713,diamond_ore
107.93,7,7361.431586,diamond_ore
108.780078,9,7364.572416,diamond_ore
105.990472,9,7367.868652,diamond_ore
94.307377,18,7371.868572,diamond_ore
98.943442,10,7375.130748,diamond_ore
86.54253,23,7378.532292,diamond_ore
99.965217,13,7381.950276,diamond_ore
102.735966,11,7386.063651,diamond_ore
109.965966,7,7390.446921,diamond_ore
78.53,22,7394.465947,diamond_ore
90.941097,18,7397.856328,diamond_ore
98.064358,15,7401.291388,diamond_ore
86.509481,20,7406.010425,diamond_ore
94.029241,20,7409.418072,diamond_ore
101.337922,9,7412.499723,diamond_ore
100.44,12,7415.862149,diamond_ore
94.939436,15,7418.913889,diamond_ore
97.611078,15,7422.483766,diamond_ore
77.75,26,7426.492526,diamond_ore
97.43451,15,7430.413512,diamond_ore
95.543442,15,7434.077301,diamond_ore
97.273914,15,7437.575214,diamond_ore
104.26,10,7440.512195,diamond_ore
109.78,7,7443.552036,diamond_ore
96.56,14,7446.763151,diamond_ore
104.188489,11,7449.902884,diamond_ore
100.536559,13,7453.552677,diamond_ore
98.12,14,7457.02222,diamond_ore
103.875966,11,7460.415679,diamond_ore
109.18,7,7464.468872,diamond_ore
103.96,9,7467.728221,diamond_ore
105.373913,10,7470.38522,diamond_ore
93.391914,17,7473.957581,diamond_ore
98.741078,12,7477.588593,diamond_ore
100.621364,14,7480.673802,diamond_ore
97.74483,15,7484.104469,diamond_ore
103.05358,12,7487.212811,diamond_ore
109.379733,9,7491.664927,diamond_ore
77.179811,28,7495.463783,diamond_ore
101.041606,13,7498.683935,diamond_ore
110.201097,7,7501.848097,diamond_ore
90.988473,14,7505.511287,diamond_ore
67.835141,47,7512.158818,diamond_ore
99.828835,11,7515.16904,diamond_ore
96.656125,16,7518.668334,diamond_ore
87.691097,20,7522.698001,diamond_ore
62.459603,24,7526.895724,diamond_ore
105.224281,11,7529.971332,diamond_ore
100.132475,13,7533.178317,diamond_ore
107.96957,9,7536.186412,diamond_ore
103.031097,10,7539.114122,diamond_ore
92.76,5,7541.559283,diamond_ore
108.57,8,7544.304419,diamond_ore
100.514214,13,7548.582501,diamond_ore
88.178899,21,7552.290507,diamond_ore
110.75,6,7555.056927,diamond_ore
108.88,7,7558.46319,diamond_ore
109.960492,7,7561.35288,diamond_ore
98.900472,13,7564.851815,diamond_ore
79.746091,27,7568.875535,diamond_ore
95.111132,18,7572.947428,diamond_ore
80.711992,17,7576.701856,diamond_ore
88.797202,22,7581.980149,diamond_ore
74.701405,28,7586.572931,diamond_ore
85.043999,24,7590.505763,diamond_ore
84.695218,25,7594.325363,diamond_ore
93.393139,16,7597.726559,diamond_ore
101.706532,13,7601.437644,diamond_ore
96.888579,15,7604.814099,diamond_ore
106.295421,10,7607.579102,diamond_ore
111.56,5,7610.186319,diamond_ore
105.840492,10,7613.358871,diamond_ore
91.24,6,7616.094606,diamond_ore
99.54,12,7619.401058,diamond_ore
104.567347,12,7622.880787,diamond_ore
108.38,8,7625.681258,diamond_ore
97.681914,15,7629.19656,diamond_ore
107.181569,9,7632.135543,diamond_ore
101.756625,12,7635.415797,diamond_ore
95.148489,15,7638.907318,diamond_ore
75.808857,18,7642.516431,diamond_ore
92.885364,20,7645.914456,diamond_ore
86.696022,10,7648.840986,diamond_ore
106.611569,11,7653.482136,diamond_ore
105.0895,10,7658.150532,diamond_ore
106.304214,9,7661.729246,diamond_ore
86.411097,21,7665.732218,diamond_ore
103.543442,10,7668.725755,diamond_ore
111.598284,8,7672.662817,diamond_ore
85.665677,21,7676.069415,diamond_ore
106.851364,10,7679.048077,diamond_ore
80.975433,9,7683.046537,diamond_ore
92.1,5,7686.297542,diamond_ore
97.321118,15,7689.751319,diamond_ore
98.731781,12,7694.285574,diamond_ore
90.121395,20,7697.429829,diamond_ore
85.455434,23,7700.996462,diamond_ore
92.720472,18,7704.513624,diamond_ore
103.821097,11,7707.460668,diamond_ore
97.723914,15,7711.017949,diamond_ore
104.283781,12,7714.195446,diamond_ore
98.76,14,7717.786276,diamond_ore
92.037122,19,7721.77432,diamond_ore
109.18,7,7724.688649,diamond_ore
112.61,5,7727.417253,diamond_ore
105.153442,10,7730.135283,diamond_ore
105.97,9,7734.509155,diamond_ore
97.132383,12,7738.048512,diamond_ore
107.61,9,7741.184489,diamond_ore
104.69,6,7744.089904,diamond_ore
110.21,6,7746.961822,diamond_ore
110.165966,7,7751.116848,diamond_ore
97.438127,12,7753.994854,diamond_ore
87.111363,23,7757.634503,diamond_ore
84.731078,23,7762.698334,diamond_ore
96.447288,15,7767.11868,diamond_ore
107.72,9,7769.746329,diamond_ore
105.366559,10,7773.029711,diamond_ore
101.81,9,7776.00578,diamond_ore
97.016452,14,7780.876932,diamond_ore
99.533442,13,7784.774482,diamond_ore
102.412994,9,7787.934431,diamond_ore
106.6,5,7790.718529,diamond_ore
89.733084,21,7794.634223,diamond_ore
93.405132,18,7798.27898,diamond_ore
76.982708,28,7802.199557,diamond_ore
105.754952,13,7805.424889,diamond_ore
106.76,9,7808.825546,diamond_ore
108.88,7,7811.913704,diamond_ore
104.71,10,7814.910589,diamond_ore
100.369596,15,7818.227947,diamond_ore
93.521781,18,7823.272528,diamond_ore
79.600146,28,7829.079907,diamond_ore
96.485128,18,7832.61812,diamond_ore
88.02,20,7836.83738,diamond_ore
90.900989,19,7841.855844,diamond_ore
95.971967,16,7845.066731,diamond_ore
103.135966,11,7847.931042,diamond_ore
94.094404,17,7851.370984,diamond_ore
100.005247,14,7854.747128,diamond_ore
105.480472,11,7857.748397,diamond_ore
102.000472,13,7860.668077,diamond_ore
78.712804,26,7864.682893,diamond_ore
104.259973,11,7867.869871,diamond_ore
106.253647,10,7870.910365,diamond_ore
88.919389,20,7874.654264,diamond_ore
108.08,7,7879.4049,diamond_ore
95.134214,16,7882.653658,diamond_ore
104.774944,10,7885.95597,diamond_ore
95.706625,12,7889.2518,diamond_ore
109.868127,9,7894.065802,diamond_ore
104.435995,13,7897.181289,diamond_ore
94.950988,19,7901.00969,diamond_ore
85.427133,21,7905.003887,diamond_ore
90.829346,20,7908.098046,diamond_ore
95.233913,13,7911.534117,diamond_ore
104.540749,12,7914.682544,diamond_ore
87.22,8,7918.786063,diamond_ore
109.960492,7,7923.001983,diamond_ore
95.734931,16,7926.693721,diamond_ore
88.420933,19,7930.345474,diamond_ore
84.35234,12,7933.395578,diamond_ore
90.980535,19,7937.045539,diamond_ore
102.127355,13,7940.166933,diamond_ore
108.986625,9,7943.231689,diamond_ore
97.698127,16,7946.928382,diamond_ore
99.883913,14,7951.325703,diamond_ore
76.870467,31,7955.844808,diamond_ore
87.000273,23,7960.761081,diamond_ore
92.04,6,7963.621804,diamond_ore
98.899898,15,7966.997047,diamond_ore
106.52,8,7969.851469,diamond_ore
87.498419,21,7973.261757,diamond_ore
81.048324,21,7977.211092,diamond_ore
97.32,15,7980.770138,diamond_ore
69.27913,57,7986.196428,diamond_ore
102.593913,8,7989.589666,diamond_ore
109.888127,9,7993.665731,diamond_ore
86.497455,19,7997.016135,diamond_ore
106.721588,9,8000.054217,diamond_ore
89.604214,15,8004.774137,diamond_ore
97.069141,15,8008.122396,diamond_ore
104.6,11,8011.20527,diamond_ore
82.497288,24,8014.975572,diamond_ore
106.677655,10,8018.269171,diamond_ore
105.990472,9,8021.524278,diamond_ore
62.132388,31,8025.96059,diamond_ore
105.27,10,8029.117135,diamond_ore
80.629898,22,8033.197619,diamond_ore
100.22,8,8036.257082,diamond_ore
86.067371,25,8041.137574,diamond_ore
90.131152,19,8044.968945,diamond_ore
99.075047,13,8047.927326,diamond_ore
98.42,15,8050.981596,diamond_ore
96.714865,16,8054.509491,diamond_ore
102.693442,11,8059.065822,diamond_ore
104.707982,10,8062.042621,diamond_ore
100.729365,14,8065.471273,diamond_ore
95.34716,13,8069.288358,diamond_ore
97.943626,15,8072.850906,diamond_ore
104.691569,11,8076.152058,diamond_ore
103.33,12,8079.028155,diamond_ore
101.71,10,8081.963722,diamond_ore
90.82,18,8085.757626,diamond_ore
106.11,9,8088.821655,diamond_ore
91.69,18,8091.980622,diamond_ore
90.804292,16,8095.168602,diamond_ore
96.532006,17,8098.738046,diamond_ore
92.496625,18,8102.688763,diamond_ore
106.457052,10,8105.782171,diamond_ore
102.953913,12,8108.804796,diamond_ore
102.37,8,8111.896165,diamond_ore
93.69,17,8115.47072,diamond_ore
100.521569,13,8118.95283,diamond_ore
106.72,8,8123.371106,diamond_ore
104.22,9,8126.229381,diamond_ore
99.058547,12,8130.067609,diamond_ore
95.057982,15,8133.979011,diamond_ore
107.126559,9,8137.420291,diamond_ore
102.566625,11,8140.532561,diamond_ore
107.73,7,8143.449139,diamond_ore
96.307985,14,8148.283506,diamond_ore
74.86582,37,8153.168643,diamond_ore
72.408641,46,8158.566637,diamond_ore
70.845703,35,8163.04862,diamond_ore
99.901219,12,8166.009628,diamond_ore
102.201097,12,8168.954692,diamond_ore
88.446436,15,8173.721602,diamond_ore
88.41,19,8177.888757,diamond_ore
82.83,18,8181.148435,diamond_ore
106.502994,10,8184.120919,diamond_ore
89.83,18,8187.689827,diamond_ore
99.03,12,8192.584122,diamond_ore
109.965966,7,8195.390038,diamond_ore
97.39,13,8198.994981,diamond_ore
93.813913,16,8203.184284,diamond_ore
98.592708,13,8206.394341,diamond_ore
102.220493,13,8209.472142,diamond_ore
104.26,9,8212.578701,diamond_ore
109.53,7,8215.370785,diamond_ore
106.720492,6,8218.420172,diamond_ore
103.22957,12,8221.648643,diamond_ore
106.413413,10,8224.624379,diamond_ore
94.286452,15,8228.311232,diamond_ore
104.53,7,8230.803444,diamond_ore
101.25,10,8234.018517,diamond_ore
103.577656,11,8237.654561,diamond_ore
100.404944,13,8242.075016,diamond_ore
74.087242,49,8247.632585,diamond_ore
96.863702,16,8251.133193,diamond_ore
99.116668,14,8254.448903,diamond_ore
105.019106,12,8258.26185,diamond_ore
105.621097,11,8261.292848,diamond_ore
94.752511,18,8265.168576,diamond_ore
98.246625,14,8268.293003,diamond_ore
96.586625,14,8271.548816,diamond_ore
75.813692,29,8276.276598,diamond_ore
106.37,8,8279.89945,diamond_ore
107.94,7,8282.666081,diamond_ore
102.851364,12,8285.814021,diamond_ore
98.356625,14,8289.979875,diamond_ore
87.46501,22,8293.964148,diamond_ore
110.350472,8,8297.280958,diamond_ore
104.04065,12,8300.49579,diamond_ore
96.40036,14,8303.809236,diamond_ore
103.717887,11,8306.825487,diamond_ore
108.08,7,8309.635769,diamond_ore
105.76,9,8312.875564,diamond_ore
101.133895,13,8317.205459,diamond_ore
105.116559,10,8320.498258,diamond_ore
106.46,10,8323.301498,diamond_ore
106.53,8,8326.074884,diamond_ore
103.330492,11,8328.931072,diamond_ore
108.751097,7,8332.840111,diamond_ore
100.018061,14,8336.138434,diamond_ore
92.1368,19,8339.573903,diamond_ore
79.364624,28,8344.478203,diamond_ore
102.787655,9,8347.586509,diamond_ore
99.607187,11,8350.813889,diamond_ore
103.300078,12,8353.767554,diamond_ore
102.285542,12,8357.528002,diamond_ore
103.526668,12,8360.823917,diamond_ore
109.965966,7,8363.695259,diamond_ore
99.47,13,8366.850857,diamond_ore
102.578405,13,8370.466033,diamond_ore
73.207808,49,8375.726081,diamond_ore
98.759519,15,8380.115978,diamond_ore
101.699973,13,8383.747585,diamond_ore
86.901914,17,8387.771854,diamond_ore
69.585209,67,8393.948853,diamond_ore
74.680988,38,8398.448397,diamond_ore
92.821323,18,8401.6841,diamond_ore
88.011097,7,8404.466693,diamond_ore
106.595966,9,8407.587735,diamond_ore
75.801914,27,8412.326339,diamond_ore
98.09,13,8415.465209,diamond_ore
99.789481,10,8418.653034,diamond_ore
95.578061,17,8421.86768,diamond_ore
102.56,9,8424.882241,diamond_ore
107.532426,10,8428.75981,diamond_ore
89.715066,20,8433.385978,diamond_ore
108.151943,9,8436.901113,diamond_ore
95.06,4,8439.649015,diamond_ore
109.18,7,8442.449331,diamond_ore
76.69195,29,8446.881887,diamond_ore
92.404465,20,8450.383781,diamond_ore
102.670472,11,8454.750262,diamond_ore
90.539894,19,8458.03327,diamond_ore
100.493414,10,8461.25456,diamond_ore
96.113413,15,8464.53858,diamond_ore
74.206546,29,8468.836338,diamond_ore
109.64,6,8471.541125,diamond_ore
105.09,6,8474.43276,diamond_ore
94.662335,13,8477.819722,diamond_ore
102.643913,12,8481.303132,diamond_ore
82.147463,24,8485.320983,diamond_ore
111.96,5,8489.163646,diamond_ore
108.73,7,8492.914655,diamond_ore
110.601097,7,8497.269444,diamond_ore
88.530612,18,8500.86836,diamond_ore
106.76,9,8504.525089,diamond_ore
83.82052,25,8510.165207,diamond_ore
95.669431,17,8513.668433,diamond_ore
104.007655,12,8516.925061,diamond_ore
99.419733,10,8520.214923,diamond_ore
94.592021,18,8523.728594,diamond_ore
78.544276,26,8527.800944,diamond_ore
88.575349,21,8531.47415,diamond_ore
99.77,13,8534.715116,diamond_ore
98.780462,14,8538.583752,diamond_ore
100.968551,13,8542.712759,diamond_ore
89.031405,20,8546.077957,diamond_ore
99.78,12,8549.975464,diamond_ore
94.861356,19,8553.831002,diamond_ore
101.09,11,8558.591037,diamond_ore
100.593932,12,8561.644345,diamond_ore
110.44,6,8564.419746,diamond_ore
104.26,11,8567.383969,diamond_ore
96.645673,17,8571.197395,diamond_ore
104.469974,12,8575.29176,diamond_ore
82.271499,23,8579.822021,diamond_ore
99.636559,13,8583.566599,diamond_ore
98.560581,15,8586.941171,diamond_ore
87.978128,20,8591.76027,diamond_ore
101.269481,12,8595.916445,diamond_ore
101.941364,13,8599.119541,diamond_ore
107.93,7,8603.403208,diamond_ore
86.29,6,8607.707675,diamond_ore
99.870882,13,8610.959032,diamond_ore
99.404806,14,8614.305866,diamond_ore
98.493913,13,8617.610456,diamond_ore
103.592596,12,8621.139968,diamond_ore
104.669229,12,8624.534963,diamond_ore
103.776625,10,8627.784478,diamond_ore
106.790472,9,8632.386296,diamond_ore
106.981097,9,8635.945428,diamond_ore
107.823913,9,8639.516711,diamond_ore
106.107549,10,8643.123643,diamond_ore
107.89,7,8646.277434,diamond_ore
110.44,6,8650.508574,diamond_ore
109.965966,7,8653.744037,diamond_ore
101.97766,12,8657.981153,diamond_ore
97.722061,16,8661.633992,diamond_ore
104.37,10,8664.704666,diamond_ore
73.441877,33,8669.760157,diamond_ore
90.44,21,8673.33747,diamond_ore
95.55,15,8677.04172,diamond_ore
99.710224,15,8680.912658,diamond_ore
88.22,4,8684.94648,diamond_ore
106.54,6,8688.471154,diamond_ore
78.900433,27,8692.63429,diamond_ore
84.791781,23,8696.48075,diamond_ore
97.507844,13,8700.170163,diamond_ore
104.015966,7,8703.560545,diamond_ore
108.486458,8,8706.699312,diamond_ore
104.21,9,8710.223958,diamond_ore
97.755194,15,8715.698415,diamond_ore
81.98012,27,8721.434157,diamond_ore
105.847288,10,8724.431309,diamond_ore
82.11223,26,8728.311348,diamond_ore
101.408128,12,8731.677648,diamond_ore
94.064214,18,8735.252401,diamond_ore
87.127552,22,8739.887855,diamond_ore
100.794214,10,8742.969578,diamond_ore
93.868127,19,8747.171719,diamond_ore
108.881452,8,8751.229998,diamond_ore
101.71,10,8754.491998,diamond_ore
106.54,6,8757.359302,diamond_ore
95.273442,12,8760.685011,diamond_ore
83.073845,26,8764.687661,diamond_ore
73.552084,32,8769.076435,diamond_ore
105.240492,9,8772.817087,diamond_ore
101.049239,13,8777.791703,diamond_ore
107.43896,10,8782.557879,diamond_ore
103.40409,12,8785.618787,diamond_ore
103.991499,10,8789.287596,diamond_ore
96.12776,15,8793.372002,diamond_ore
105.153413,11,8796.700718,diamond_ore
108.457982,9,8799.554861,diamond_ore
92.351766,18,8802.901525,diamond_ore
96.18,12,8806.2197,diamond_ore
105.77,8,8808.969628,diamond_ore
99.63,12,8812.01693,diamond_ore
89.615405,22,8815.668305,diamond_ore
77.264898,29,8820.180157,diamond_ore
85.98006,22,8824.856162,diamond_ore
92.440472,19,8828.183212,diamond_ore
92.034358,18,8831.742866,diamond_ore
91.966634,19,8835.259392,diamond_ore
97.741097,14,8839.154005,diamond_ore
106.762994,9,8842.339547,diamond_ore
111.396458,7,8845.439294,diamond_ore
95.178579,16,8848.768281,diamond_ore
103.63,12,8851.917865,diamond_ore
104.083913,8,8854.931895,diamond_ore
107.27,8,8858.96085,diamond_ore
109.310492,7,8862.164431,diamond_ore
105.09,6,8864.705004,diamond_ore
97.201502,13,8867.795905,diamond_ore
98.721569,14,8870.939218,diamond_ore
101.264434,12,8874.122276,diamond_ore
102.216625,11,8877.168407,diamond_ore
87.24,13,8881.012148,diamond_ore
97.71358,16,8884.283519,diamond_ore
105.91,9,8887.203845,diamond_ore
106.591097,8,8891.536571,diamond_ore
100.03,12,8894.705044,diamond_ore
99.963343,14,8898.993827,diamond_ore
70.829059,33,8903.400552,diamond_ore
96.440472,15,8906.627156,diamond_ore
104.363847,11,8911.966114,diamond_ore
74.367925,48,8916.977535,diamond_ore
107.01,9,8921.569988,diamond_ore
94.372596,16,8924.93447,diamond_ore
90.847288,19,8928.813189,diamond_ore
88.931569,8,8931.560785,diamond_ore
99.917203,13,8934.946357,diamond_ore
101.85,11,8939.617437,diamond_ore
110.44,6,8943.573501,diamond_ore
101.911569,9,8946.666986,diamond_ore
105.048127,11,8951.093123,diamond_ore
81.612575,26,8954.951263,diamond_ore
109.98,7,8958.043485,diamond_ore
111.09,6,8960.821385,diamond_ore
86.306546,23,8964.835848,diamond_ore
98.635433,12,8968.778303,diamond_ore
103.406961,12,8972.009397,diamond_ore
93.199346,17,8975.309022,diamond_ore
84.855293,23,8979.269105,diamond_ore
91.932064,19,8982.881942,diamond_ore
105.808127,10,8986.134627,diamond_ore
103.3,10,8989.458356,diamond_ore
102.46,10,8993.480807,diamond_ore
106.850492,9,8996.339866,diamond_ore
105.026144,11,8999.569925,diamond_ore
100.142021,13,9002.800579,diamond_ore
108.711364,9,9006.701991,diamond_ore
107.053442,10,9009.701821,diamond_ore
91.194686,20,9013.063187,diamond_ore
100.500472,13,9017.88305,diamond_ore
102.147786,13,9021.326231,diamond_ore
108.303442,9,9024.319075,diamond_ore
74.689759,41,9028.993821,diamond_ore
111.75,5,9032.03995,diamond_ore
107.89,7,9034.914364,diamond_ore
91.727371,19,9038.353738,diamond_ore
89.504361,19,9042.918938,diamond_ore
89.487288,15,9046.484224,diamond_ore
100.583913,13,9049.891132,diamond_ore
111.49,6,9052.70392,diamond_ore
108.27,8,9055.806743,diamond_ore
104.23,7,9058.604705,diamond_ore
95.924686,16,9062.590911,diamond_ore
88.664686,21,9066.782697,diamond_ore
97.737288,15,9070.50095,diamond_ore
105.056906,12,9073.557319,diamond_ore
96.815589,15,9077.516881,diamond_ore
73.592426,31,9083.340252,diamond_ore
103.836436,11,9088.040729,diamond_ore
98.376106,15,9091.568726,diamond_ore
91.560839,16,9095.074728,diamond_ore
99.37664,16,9098.246116,diamond_ore
92.407222,18,9101.838211,diamond_ore
86.452741,22,9105.750916,diamond_ore
105.641097,9,9108.67566,diamond_ore
109.25,6,9111.457962,diamond_ore
108.02,8,9114.352762,diamond_ore
91.484686,19,9118.002188,diamond_ore
74.035744,31,9122.628675,diamond_ore
97.590433,15,9126.498924,diamond_ore
105.047677,10,9129.724864,diamond_ore
109.79,7,9133.435377,diamond_ore
98.485966,15,9136.622263,diamond_ore
88.582933,22,9140.233814,diamond_ore
99.522596,14,9143.525736,diamond_ore
94.093609,20,9147.401782,diamond_ore
91.141219,17,9151.796177,diamond_ore
90.271761,22,9155.766798,diamond_ore
94.457593,12,9158.818636,diamond_ore
107.89,7,9161.806747,diamond_ore
105.57,8,9165.051694,diamond_ore
101.07,10,9168.00261,diamond_ore
97.071781,13,9171.466066,diamond_ore
106.07409,10,9174.728558,diamond_ore
99.366559,15,9179.583083,diamond_ore
101.476106,13,9183.200897,diamond_ore
101.187922,12,9186.694138,diamond_ore
104.15,10,9189.95595,diamond_ore
106.41,10,9192.865832,diamond_ore
102.02,9,9195.827372,diamond_ore
97.676559,14,9199.314028,diamond_ore
92.01409,6,9202.354729,diamond_ore
105.275332,13,9205.636932,diamond_ore
112.61,5,9208.252976,diamond_ore
82.798141,26,9212.263329,diamond_ore
102.470205,13,9215.819041,diamond_ore
102.49,11,9219.075026,diamond_ore
102.885433,12,9223.046506,diamond_ore
92.509676,19,9226.657918,diamond_ore
98.700205,11,9230.12526,diamond_ore
106.54,6,9233.042,diamond_ore
110.04,6,9235.936299,diamond_ore
91.52,5,9238.825871,diamond_ore
104.16,10,9242.883681,diamond_ore
111.75,5,9245.684912,diamond_ore
88.71,19,9249.459126,diamond_ore
95.886206,14,9252.615211,diamond_ore
104.72,9,9256.007694,diamond_ore
94.318579,17,9258.973452,diamond_ore
73.262142,39,9265.072267,diamond_ore
97.18,12,9267.915415,diamond_ore
98.727655,10,9270.879408,diamond_ore
102.691364,12,9274.248863,diamond_ore
92.262124,19,9278.306631,diamond_ore
90.272708,20,9281.852293,diamond_ore
102.183413,12,9285.293409,diamond_ore
103.887922,12,9288.431337,diamond_ore
84.001592,24,9293.456651,diamond_ore
105.591097,9,9296.1838,diamond_ore
107.112994,9,9299.557727,diamond_ore
105.47409,10,9303.000073,diamond_ore
84.18,22,9307.654398,diamond_ore
105.901569,10,9311.760582,diamond_ore
98.392804,15,9315.262367,diamond_ore
100.073847,14,9319.327055,diamond_ore
90.184028,21,9323.432852,diamond_ore
91.783913,18,9326.978367,diamond_ore
107.48,7,9330.787225,diamond_ore
105.36,10,9333.968225,diamond_ore
103.21,10,9338.203552,diamond_ore
106.01,10,9342.716116,diamond_ore
102.289081,12,9347.559461,diamond_ore
107.93,7,9351.227892,diamond_ore
105.607922,10,9354.475064,diamond_ore
80.311694,24,9358.583302,diamond_ore
107.97,8,9361.765322,diamond_ore
98.394563,16,9366.41923,diamond_ore
96.570793,16,9370.143095,diamond_ore
108.492426,9,9373.154156,diamond_ore
86.595512,24,9376.879991,diamond_ore
101.922994,13,9381.820374,diamond_ore
102.903913,11,9384.794108,diamond_ore
86.075945,22,9388.692633,diamond_ore
95.668874,17,9392.166742,diamond_ore
92.655217,18,9395.758957,diamond_ore
107.89,7,9398.687117,diamond_ore
111.16,5,9401.259436,diamond_ore
107.805966,8,9404.237354,diamond_ore
91.446922,21,9407.96807,diamond_ore
108.797288,9,9410.970558,diamond_ore
87.916174,22,9414.90224,diamond_ore
111.76,5,9417.777227,diamond_ore
100.34,11,9420.987539,diamond_ore
106.720492,6,9423.79014,diamond_ore
74.22372,31,9428.008751,diamond_ore
98.681691,11,9431.243689,diamond_ore
107.158127,10,9434.321027,diamond_ore
93.22,18,9437.949391,diamond_ore
105.71,10,9441.095133,diamond_ore
102.59,11,9444.417895,diamond_ore
110.871097,6,9447.322175,diamond_ore
107.409898,10,9450.214334,diamond_ore
107.93,7,9453.620079,diamond_ore
103.461502,13,9456.769254,diamond_ore
78.823227,27,9460.86305,diamond_ore
104.4,10,9464.184396,diamond_ore
103.380205,12,9467.353154,diamond_ore
98.651243,14,9470.673784,diamond_ore
107.06,9,9473.962633,diamond_ore
87.270078,21,9477.612139,diamond_ore
80.802331,24,9481.669529,diamond_ore
103.199346,12,9484.990733,diamond_ore
104.21,9,9488.057932,diamond_ore
109.18,7,9490.846655,diamond_ore
107.93,7,9493.808246,diamond_ore
101.243293,13,9497.143664,diamond_ore
95.70358,12,9500.590189,diamond_ore
106.411364,10,9503.487224,diamond_ore
106.52,8,9506.643715,diamond_ore
71.944214,40,9511.392507,diamond_ore
103.55,10,9514.456334,diamond_ore
92.296578,19,9519.040342,diamond_ore
105.01409,12,9522.181838,diamond_ore
94.976106,13,9526.30983,diamond_ore
94.122748,18,9530.125398,diamond_ore
92.827018,19,9533.721806,diamond_ore
102.988127,12,9537.157776,diamond_ore
107.395966,9,9540.313849,diamond_ore
109.965966,7,9543.185528,diamond_ore
102.380492,11,9546.069725,diamond_ore
101.57,8,9548.916056,diamond_ore
97.48,12,9552.04943,diamond_ore
93.333413,17,9555.448948,diamond_ore
105.780472,10,9560.053227,diamond_ore
106.868127,9,9563.054251,diamond_ore
107.06,9,9567.684712,diamond_ore
108.571097,7,9570.823411,diamond_ore
110.24,6,9573.620741,diamond_ore
109.18,7,9576.760383,diamond_ore
91.470205,20,9582.154906,diamond_ore
95.448956,17,9586.03075,diamond_ore
95.689481,15,9589.549078,diamond_ore
104.236625,10,9592.728775,diamond_ore
85.563913,21,9596.37252,diamond_ore
95.673913,16,9599.937155,diamond_ore
93.03,17,9603.403863,diamond_ore
109.98,7,9606.554064,diamond_ore
89.275433,19,9610.145056,diamond_ore
74.683028,39,9614.750213,diamond_ore
109.349973,8,9617.930862,diamond_ore
91.703442,19,9622.675553,diamond_ore
103.63,7,9625.303535,diamond_ore
106.16,9,9628.442785,diamond_ore
89.23,7,9632.534339,diamond_ore
92.78,17,9636.18411,diamond_ore
84.22785,22,9639.761003,diamond_ore
100.198579,13,9643.044313,diamond_ore
97.95,15,9646.279774,diamond_ore
99.633913,13,9650.078958,diamond_ore
85.623913,19,9653.546852,diamond_ore
109.4,6,9656.207005,diamond_ore
108.73,7,9659.433114,diamond_ore
104.924582,8,9663.113127,diamond_ore
92.980927,18,9666.766289,diamond_ore
97.748579,14,9670.074892,diamond_ore
98.616625,11,9673.256636,diamond_ore
96.131097,15,9676.621506,diamond_ore
87.02,18,9680.231697,diamond_ore
101.199141,14,9683.640772,diamond_ore
98.616625,11,9686.773041,diamond_ore
103.26,11,9690.042872,diamond_ore
105.550562,11,9693.146219,diamond_ore
110.601097,7,9696.202583,diamond_ore
106.59,8,9699.212116,diamond_ore
110.44,6,9702.181736,diamond_ore
102.866836,12,9705.388866,diamond_ore
98.75,15,9709.289978,diamond_ore
71.207311,34,9713.792822,diamond_ore
106.684051,10,9717.215094,diamond_ore
104.338127,8,9720.543353,diamond_ore
98.97421,17,9724.638157,diamond_ore
103.33,7,9728.922263,diamond_ore
106.8,5,9731.706714,diamond_ore
97.67,14,9735.015759,diamond_ore
100.982788,14,9738.459389,diamond_ore
103.090205,11,9743.557726,diamond_ore
100.488127,13,9747.197974,diamond_ore
100.22,13,9750.752742,diamond_ore
91.344686,18,9754.334593,diamond_ore
101.92,13,9758.996668,diamond_ore
82.400021,26,9763.706989,diamond_ore
108.638127,9,9767.280824,diamond_ore
100.024214,12,9772.068695,diamond_ore
103.35,10,9775.340294,diamond_ore
102.33,12,9778.726895,diamond_ore
102.86,10,9781.746521,diamond_ore
99.264051,15,9785.524909,diamond_ore
81.953413,25,9789.527851,diamond_ore
100.007656,14,9792.853776,diamond_ore
108.68,7,9795.989711,diamond_ore
104.51,9,9798.961095,diamond_ore
107.93,7,9801.892036,diamond_ore
108.139705,10,9805.359703,diamond_ore
101.053914,13,9808.563481,diamond_ore
98.011097,16,9812.153189,diamond_ore
100.056625,12,9815.653787,diamond_ore
96.663058,14,9819.368091,diamond_ore
101.441122,14,9822.663949,diamond_ore
103.24,11,9825.791576,diamond_ore
99.41,14,9829.09284,diamond_ore
92.783847,17,9832.407354,diamond_ore
71.569383,33,9836.771864,diamond_ore
106.42,8,9839.650183,diamond_ore
95.62,13,9842.962843,diamond_ore
101.757922,12,9847.114979,diamond_ore
86.894661,21,9850.797833,diamond_ore
98.581097,14,9854.634577,diamond_ore
77.111201,24,9858.518316,diamond_ore
106.768127,10,9862.970802,diamond_ore
106.46,9,9866.22545,diamond_ore
109.65,6,9869.024298,diamond_ore
110.26,6,9871.946397,diamond_ore
105.58,8,9874.91119,diamond_ore
97.457968,14,9878.504158,diamond_ore
94.2,15,9881.759458,diamond_ore
76.369532,28,9886.091236,diamond_ore
101.135905,15,9889.852515,diamond_ore
94.737288,16,9893.046217,diamond_ore
103.170472,11,9896.291567,diamond_ore
101.104807,15,9899.815924,diamond_ore
106.33,8,9902.900942,diamond_ore
106.97,8,9905.852167,diamond_ore
108.68,7,9908.985286,diamond_ore
109.170492,7,9911.778861,diamond_ore
108.561097,7,9914.575319,diamond_ore
106.26,9,9917.977749,diamond_ore
95.08,12,9921.152962,diamond_ore
63.592974,59,9927.460577,diamond_ore
105.276559,10,9930.887682,diamond_ore
104.871097,10,9934.377295,diamond_ore
103.03,12,9937.627145,diamond_ore
106.645138,10,9940.924145,diamond_ore
106.981097,9,9944.107555,diamond_ore
92.220839,15,9947.824555,diamond_ore
95.698184,16,9951.295996,diamond_ore
92.003166,21,9954.877873,diamond_ore
88.664113,18,9959.872196,diamond_ore
106.14,6,9962.788058,diamond_ore
111.470492,6,9966.07021,diamond_ore
105.585966,10,9969.286287,diamond_ore
106.99,8,9973.785961,diamond_ore
96.19,11,9976.47044,diamond_ore
108.68,7,9981.258277,diamond_ore
89.45,20,9985.338372,diamond_ore
102.115217,12,9989.636491,diamond_ore
105.240472,10,9992.90303,diamond_ore
73.694352,31,9996.854098,diamond_ore
101.130348,13,10000.801364,diamond_ore
96.135433,13,10004.324284,diamond_ore
89.29409,19,10008.178372,diamond_ore
77.915141,29,10012.496681,diamond_ore
98.595217,14,10015.938328,diamond_ore
104.795256,10,10019.417988,diamond_ore
94.109619,18,10022.943125,diamond_ore
104.690472,10,10026.891043,diamond_ore
103.38,7,10031.340121,diamond_ore
106.57,8,10034.321789,diamond_ore
104.968796,11,10037.514402,diamond_ore
107.91,9,10040.623321,diamond_ore
92.93,17,10044.29174,diamond_ore
98.731744,16,10048.09743,diamond_ore
106.4,10,10051.406234,diamond_ore
86.930458,22,10055.739552,diamond_ore
105.263413,10,10059.925389,diamond_ore
102.98,7,10064.31831,diamond_ore
108.53,7,10067.476484,diamond_ore
106.14,6,10070.235255,diamond_ore
93.54,18,10074.721861,diamond_ore
101.028065,13,10078.229444,diamond_ore
79.951405,23,10081.944178,diamond_ore
99.49,11,10085.052639,diamond_ore
108.53,7,10087.977475,diamond_ore
104.62,10,10091.07126,diamond_ore
98.871364,13,10094.397678,diamond_ore
107.126559,9,10097.652471,diamond_ore
98.8195,12,10101.172323,diamond_ore
100.580562,11,10104.585442,diamond_ore
103.72,10,10107.721176,diamond_ore
105.205256,11,10111.23123,diamond_ore
101.1,11,10114.392985,diamond_ore
107.27,8,10117.305341,diamond_ore
101.066128,14,10120.848795,diamond_ore
100.806022,14,10124.797959,diamond_ore
82.894214,20,10128.315348,diamond_ore
97.193139,16,10131.645442,diamond_ore
87.638145,20,10136.698637,diamond_ore
102.771097,12,10139.619484,diamond_ore
101.167032,13,10142.946607,diamond_ore
104.57,9,10145.775172,diamond_ore
107.74,7,10148.658005,diamond_ore
101.45,10,10152.084531,diamond_ore
96.46,14,10155.406642,diamond_ore
80.00241,26,10159.46654,diamond_ore
84.28,7,10162.258336,diamond_ore
79.010094,27,10166.661137,diamond_ore
101.144818,15,10170.135535,diamond_ore
101.824214,12,10173.29493,diamond_ore
87.660472,17,10177.052422,diamond_ore
106.981097,9,10180.578452,diamond_ore
105.15,11,10183.53893,diamond_ore
103.2,10,10186.691181,diamond_ore
104.97,9,10190.742065,diamond_ore
107.73,7,10193.840842,diamond_ore
99.88,12,10196.95948,diamond_ore
88.328581,16,10200.416781,diamond_ore
96.08,12,10203.443293,diamond_ore
109.53,7,10206.269455,diamond_ore
109.58,7,10209.468055,diamond_ore
94.570562,17,10213.237775,diamond_ore
88.006407,10,10217.50851,diamond_ore
89.813442,18,10221.227235,diamond_ore
77.29,26,10225.737406,diamond_ore
103.460472,12,10229.570044,diamond_ore
102.447655,9,10233.287741,diamond_ore
101.783847,12,10236.337786,diamond_ore
101.915156,13,10239.309448,diamond_ore
107.779619,10,10242.420041,diamond_ore
105.21,10,10245.402811,diamond_ore
109.98,7,10248.356823,diamond_ore
105.09,6,10251.348284,diamond_ore
104.21,9,10254.262396,diamond_ore
69.207655,38,10259.473935,diamond_ore
89.665433,20,10263.215786,diamond_ore
101.710472,12,10266.620481,diamond_ore
92.613913,15,10269.974363,diamond_ore
105.423913,11,10273.268782,diamond_ore
103.58,12,10276.468953,diamond_ore
107.95,7,10280.369348,diamond_ore
105.76,9,10283.356809,diamond_ore
104.990492,9,10288.025285,diamond_ore
107.951569,10,10292.240977,diamond_ore
105.158617,11,10295.341926,diamond_ore
109.039648,10,10298.739307,diamond_ore
103.63,7,10301.594209,diamond_ore
107.191097,8,10304.868947,diamond_ore
107.27,8,10307.94814,diamond_ore
106.246436,10,10311.302782,diamond_ore
103.851097,12,10314.573048,diamond_ore
95.6,15,10318.246837,diamond_ore
99.411914,11,10321.402869,diamond_ore
100.95,11,10324.649904,diamond_ore
86.36,19,10328.456772,diamond_ore
101.440039,12,10331.256255,diamond_ore
101.978127,13,10334.386656,diamond_ore
84.170261,25,10338.341333,diamond_ore
71.289532,40,10343.025682,diamond_ore
96.931781,17,10346.598883,diamond_ore
101.380601,13,10350.188596,diamond_ore
92.92,13,10353.339369,diamond_ore
91.482772,21,10357.246752,diamond_ore
104.563913,10,10360.800175,diamond_ore
89.242017,21,10365.666733,diamond_ore
96.765728,16,10369.32668,diamond_ore
103.287627,12,10372.488245,diamond_ore
105.553442,9,10375.718675,diamond_ore
106.63,8,10378.557046,diamond_ore
111.56,5,10381.253834,diamond_ore
101.601219,12,10384.820854,diamond_ore
103.543442,10,10388.024596,diamond_ore
108.69,7,10390.962343,diamond_ore
98.680472,10,10395.265532,diamond_ore
103.996597,12,10400.398709,diamond_ore
70.71795,50,10405.278211,diamond_ore
98.878579,15,10408.733858,diamond_ore
106.446436,10,10411.885365,diamond_ore
98.590472,14,10415.08332,diamond_ore
109.58,7,10418.038624,diamond_ore
111.95,5,10421.156728,diamond_ore
108.410492,8,10424.406352,diamond_ore
97.051499,14,10427.819736,diamond_ore
78.014028,28,10431.787082,diamond_ore
98.9695,12,10434.94317,diamond_ore
106.493442,10,10438.220109,diamond_ore
69.985204,50,10443.698775,diamond_ore
105.266559,10,10446.904406,diamond_ore
101.910472,12,10451.550107,diamond_ore
84.608215,24,10455.415694,diamond_ore
72.04,41,10460.374584,diamond_ore
111.75,5,10463.643963,diamond_ore
68.0031,59,10469.521264,diamond_ore
104.06,9,10472.557077,diamond_ore
93.094214,15,10475.929156,diamond_ore
106.419733,10,10479.24646,diamond_ore
73.120927,29,10483.701606,diamond_ore
102.920472,11,10487.285818,diamond_ore
70.979466,40,10491.868886,diamond_ore
103.972669,13,10495.758809,diamond_ore
104.541364,11,10498.79822,diamond_ore
80.223,27,10503.153133,diamond_ore
98.221364,14,10507.417812,diamond_ore
107.27,8,10510.057361,diamond_ore
110.44,6,10512.938954,diamond_ore
103.43,12,10515.872188,diamond_ore
105.128145,11,10518.836049,diamond_ore
104.536106,12,10523.710253,diamond_ore
88.231528,23,10527.465713,diamond_ore
103.85,10,10532.079255,diamond_ore
98.771078,14,10535.697812,diamond_ore
75.192812,31,10541.994591,diamond_ore
107.98,8,10544.622198,diamond_ore
105.78,8,10547.56994,diamond_ore
90.911853,16,10551.187234,diamond_ore
108.02,8,10554.267294,diamond_ore
107.17,8,10557.490029,diamond_ore
91.191405,19,10560.891259,diamond_ore
103.930472,10,10563.840525,diamond_ore
101.88,12,10566.868549,diamond_ore
101.63,12,10569.913865,diamond_ore
72.295738,46,10575.176109,diamond_ore
92.602809,18,10578.707384,diamond_ore
107.869071,9,10581.526413,diamond_ore
93.00879,17,10584.980627,diamond_ore
72.42,33,10589.1614,diamond_ore
81.245138,25,10593.024173,diamond_ore
105.01,9,10596.454567,diamond_ore
111.75,5,10599.448944,diamond_ore
88.46,20,10603.113643,diamond_ore
101.806452,13,10606.658154,diamond_ore
108.128127,9,10609.591358,diamond_ore
99.071219,14,10612.736549,diamond_ore
104.29,6,10615.781328,diamond_ore
89.201405,19,10619.684298,diamond_ore
104.82,9,10624.049946,diamond_ore
104.427656,11,10628.67809,diamond_ore
91.683913,18,10632.48954,diamond_ore
101.198145,9,10635.617561,diamond_ore
103.04,12,10638.690121,diamond_ore
96.910472,12,10641.963034,diamond_ore
102.510472,13,10644.94973,diamond_ore
108.59,7,10647.872132,diamond_ore
111.470492,6,10651.177165,diamond_ore
105.09,6,10654.338154,diamond_ore
97.59,11,10657.910365,diamond_ore
105.730472,11,10662.056122,diamond_ore
105.05,10,10665.147694,diamond_ore
79.521405,26,10669.00157,diamond_ore
87.020408,18,10672.553133,diamond_ore
106.226559,9,10675.731267,diamond_ore
108.02,8,10679.645392,diamond_ore
109.98,7,10682.488744,diamond_ore
85.932331,21,10686.581209,diamond_ore
107.327922,10,10689.754686,diamond_ore
92.380562,17,10693.09754,diamond_ore
103.170472,11,10696.334652,diamond_ore
107.411569,9,10700.825928,diamond_ore
98.72,14,10704.058847,diamond_ore
90.641502,19,10707.837114,diamond_ore
110.26,6,10710.830554,diamond_ore
109.64,6,10713.585901,diamond_ore
110.24,6,10716.393956,diamond_ore
81.693361,24,10720.253878,diamond_ore
103.27,8,10723.160259,diamond_ore
98.910339,15,10726.662858,diamond_ore
89.104686,17,10730.268287,diamond_ore
100.59,11,10733.515382,diamond_ore
106.907655,9,10738.101645,diamond_ore
92.43,17,10741.308557,diamond_ore
83.324686,25,10745.044452,diamond_ore
91.386621,18,10748.831168,diamond_ore
77.618579,27,10752.57335,diamond_ore
92.470472,17,10758.121992,diamond_ore
99.33,13,10761.107836,diamond_ore
105.34,6,10763.879547,diamond_ore
111.75,5,10767.845123,diamond_ore
103.598146,11,10770.877443,diamond_ore
103.931097,11,10775.050595,diamond_ore
93.096625,18,10778.747719,diamond_ore
92.891078,18,10782.35043,diamond_ore
67.693422,49,10787.589226,diamond_ore
102.572331,12,10791.005964,diamond_ore
98.235503,15,10794.577721,diamond_ore
107.822994,8,10797.979838,diamond_ore
90.576922,18,10801.598451,diamond_ore
92.892624,15,10805.547752,diamond_ore
88.830472,20,10809.162402,diamond_ore
89.500181,22,10812.958669,diamond_ore
100.48,12,10817.80691,diamond_ore
109.965966,7,10820.542318,diamond_ore
100.33,12,10823.540143,diamond_ore
107.93,7,10826.634055,diamond_ore
97.726559,14,10830.153598,diamond_ore
108.636559,8,10833.351518,diamond_ore
100.47,13,10836.661823,diamond_ore
73.662558,28,10841.025664,diamond_ore
99.805217,14,10844.086924,diamond_ore
103.906559,11,10847.348629,diamond_ore
72.957325,31,10851.727497,diamond_ore
74.00356,31,10856.2754,diamond_ore
102.467655,11,10859.575162,diamond_ore
110.4,6,10862.369159,diamond_ore
96.48,12,10865.68715,diamond_ore
110.0,6,10868.354264,diamond_ore
106.816458,10,10871.915042,diamond_ore
108.48,7,10874.963598,diamond_ore
109.45,6,10877.805955,diamond_ore
102.24,11,10881.894746,diamond_ore
71.245591,45,10887.080689,diamond_ore
102.621781,13,10890.608397,diamond_ore
104.679733,10,10893.83315,diamond_ore
101.038849,14,10896.987152,diamond_ore
99.034539,13,10900.412684,diamond_ore
104.093847,11,10903.526906,diamond_ore
95.419989,17,10907.575138,diamond_ore
99.419733,10,10910.724537,diamond_ore
104.07,9,10913.588389,diamond_ore
103.952994,10,10916.740662,diamond_ore
105.21,9,10920.935409,diamond_ore
83.21,24,10925.163543,diamond_ore
86.060472,17,10928.32443,diamond_ore
97.503913,11,10931.401823,diamond_ore
72.107288,48,10937.024104,diamond_ore
96.94,11,10940.294754,diamond_ore
100.2,10,10943.395168,diamond_ore
98.788127,12,10947.498006,diamond_ore
105.96,9,10950.669142,diamond_ore
101.557444,14,10954.107045,diamond_ore
110.21,6,10956.883513,diamond_ore
108.73,7,10959.99785,diamond_ore
98.9,10,10963.525581,diamond_ore
110.24,6,10966.525956,diamond_ore
100.77,8,10969.427555,diamond_ore
110.26,6,10972.4073,diamond_ore
98.9,10,10975.308498,diamond_ore
76.540729,12,10978.455317,diamond_ore
103.916625,11,10981.547633,diamond_ore
94.637187,14,10985.151274,diamond_ore
94.962994,15,10988.384454,diamond_ore
83.391287,25,10992.172006,diamond_ore
100.083913,14,10996.541515,diamond_ore
73.348875,37,11001.099505,diamond_ore
105.576559,10,11004.255421,diamond_ore
72.502244,30,11009.228878,diamond_ore
96.406746,17,11012.789536,diamond_ore
85.041405,24,11016.576648,diamond_ore
91.741097,18,11020.297921,diamond_ore
95.297347,17,11023.507686,diamond_ore
107.97,8,11026.693198,diamond_ore
103.506458,11,11030.110634,diamond_ore
107.620492,8,11033.855968,diamond_ore
108.68,7,11036.661332,diamond_ore
105.940472,9,11041.644824,diamond_ore
83.870927,24,11045.356725,diamond_ore
100.383847,12,11048.768873,diamond_ore
102.137922,13,11052.00363,diamond_ore
83.582721,21,11055.880001,diamond_ore
97.679102,15,11059.177875,diamond_ore
94.633626,16,11062.331595,diamond_ore
102.051569,12,11066.513772,diamond_ore
96.346452,14,11069.799119,diamond_ore
99.805217,14,11072.858198,diamond_ore
101.955217,13,11076.112332,diamond_ore
99.42,13,11079.481666,diamond_ore
106.14,6,11082.86174,diamond_ore
107.94,7,11085.751078,diamond_ore
103.91,9,11088.760556,diamond_ore
103.39,11,11091.792699,diamond_ore
82.935051,26,11095.680766,diamond_ore
93.946014,18,11099.245686,diamond_ore
102.74,12,11102.324224,diamond_ore
92.712991,17,11106.045783,diamond_ore
92.776668,18,11109.516383,diamond_ore
108.73,7,11112.82029,diamond_ore
104.69,6,11115.728116,diamond_ore
106.22,8,11118.745763,diamond_ore
93.883442,16,11122.589766,diamond_ore
94.378835,16,11127.089572,diamond_ore
104.758127,11,11130.419034,diamond_ore
111.09,6,11133.176324,diamond_ore
106.52,9,11136.627074,diamond_ore
104.872994,9,11139.620904,diamond_ore
95.291691,16,11142.855887,diamond_ore
91.01,19,11147.688447,diamond_ore
105.033913,9,11150.598685,diamond_ore
107.095256,10,11155.199448,diamond_ore
107.224926,10,11159.205674,diamond_ore
69.336819,44,11164.048449,diamond_ore
101.703913,11,11167.464285,diamond_ore
104.941569,11,11170.698905,diamond_ore
104.987655,10,11173.757395,diamond_ore
110.04,6,11176.458305,diamond_ore
97.111914,16,11179.890988,diamond_ore
106.98,8,11182.522113,diamond_ore
107.417922,9,11185.514723,diamond_ore
103.080205,12,11188.694955,diamond_ore
96.143414,15,11192.883734,diamond_ore
105.02,9,11195.688887,diamond_ore
107.68,7,11199.982369,diamond_ore
108.600492,8,11204.277069,diamond_ore
96.917063,16,11208.044281,diamond_ore
69.626625,35,11212.809161,diamond_ore
84.610205,24,11216.890885,diamond_ore
104.099141,12,11220.33214,diamond_ore
91.560729,19,11223.84622,diamond_ore
96.319761,17,11227.576936,diamond_ore
109.6,6,11229.991295,diamond_ore
110.44,6,11232.887827,diamond_ore
106.87,9,11236.041859,diamond_ore
101.16,9,11238.976189,diamond_ore
103.5,10,11242.007851,diamond_ore
86.541219,22,11245.861051,diamond_ore
102.130205,12,11250.691062,diamond_ore
103.34,11,11253.826047,diamond_ore
103.613913,12,11258.400407,diamond_ore
105.866559,10,11261.635363,diamond_ore
99.463442,13,11264.839783,diamond_ore
90.817552,17,11268.663815,diamond_ore
105.988473,9,11272.104979,diamond_ore
94.05,16,11275.409224,diamond_ore
102.31,10,11278.871212,diamond_ore
90.040472,19,11282.621158,diamond_ore
94.466559,16,11286.116144,diamond_ore
102.495217,11,11289.359487,diamond_ore
108.53,7,11292.203308,diamond_ore
111.96,5,11295.017161,diamond_ore
109.65,6,11297.492285,diamond_ore
104.61,10,11300.172686,diamond_ore
97.451219,16,11303.981825,diamond_ore
88.623837,21,11307.808363,diamond_ore
105.29,6,11312.199061,diamond_ore
108.42,8,11315.142547,diamond_ore
108.48,7,11318.015392,diamond_ore
95.510472,12,11321.330512,diamond_ore
107.280472,10,11324.276136,diamond_ore
92.544142,19,11329.027436,diamond_ore
103.525138,12,11332.126566,diamond_ore
102.14,11,11335.277184,diamond_ore
94.440729,13,11338.24216,diamond_ore
97.01,14,11341.645333,diamond_ore
106.98,8,11344.275802,diamond_ore
103.83,7,11347.066296,diamond_ore
92.689974,19,11351.576281,diamond_ore
104.29,11,11354.686316,diamond_ore
97.4534,15,11358.251645,diamond_ore
108.57,8,11361.328854,diamond_ore
103.521097,10,11364.309183,diamond_ore
95.834933,16,11367.960421,diamond_ore
104.62,10,11370.729548,diamond_ore
73.402539,33,11376.125484,diamond_ore
86.078128,15,11380.480505,diamond_ore
106.54,6,11383.498588,diamond_ore
100.19,12,11386.666567,diamond_ore
107.810492,8,11389.828267,diamond_ore
101.926625,11,11393.026404,diamond_ore
89.286625,19,11396.828947,diamond_ore
94.57,13,11399.931633,diamond_ore
108.48,7,11402.790463,diamond_ore
110.44,6,11405.849495,diamond_ore
110.44,6,11409.05549,diamond_ore
101.230205,13,11412.220702,diamond_ore
83.00577,25,11418.275378,diamond_ore
78.227655,11,11421.368165,diamond_ore
103.667288,12,11424.656655,diamond_ore
87.561405,22,11428.425656,diamond_ore
107.01,9,11431.637593,diamond_ore
101.33,12,11435.160182,diamond_ore
97.927777,16,11438.127607,diamond_ore
77.872331,27,11442.314036,diamond_ore
61.251221,22,11446.080398,diamond_ore
106.926559,9,11449.15095,diamond_ore
97.864661,15,11452.56837,diamond_ore
107.13,8,11455.886216,diamond_ore
109.45,6,11458.746275,diamond_ore
99.63,12,11461.894271,diamond_ore
97.222793,16,11465.214133,diamond_ore
105.933913,9,11468.272485,diamond_ore
87.997032,20,11472.263252,diamond_ore
103.630205,12,11475.861655,diamond_ore
103.593913,12,11479.103989,diamond_ore
98.625433,14,11482.293854,diamond_ore
110.21,6,11485.319715,diamond_ore
109.58,7,11488.282516,diamond_ore
101.69,11,11491.504579,diamond_ore
87.831489,22,11495.059471,diamond_ore
102.43,12,11499.842568,diamond_ore
92.73879,19,11503.918662,diamond_ore
103.738127,12,11507.183426,diamond_ore
106.46,9,11510.21538,diamond_ore
91.01653,19,11513.778332,diamond_ore
94.760927,16,11517.155154,diamond_ore
109.301097,7,11520.176538,diamond_ore
103.5,10,11523.277532,diamond_ore
104.997656,10,11527.507812,diamond_ore
70.75,35,11531.809625,diamond_ore
106.57,8,11534.806288,diamond_ore
93.665946,17,11538.762855,diamond_ore
85.687922,17,11543.809761,diamond_ore
100.83,12,11546.976728,diamond_ore
103.853185,10,11550.003498,diamond_ore
95.84,11,11553.050765,diamond_ore
105.990472,9,11556.849012,diamond_ore
90.466625,16,11560.317693,diamond_ore
107.36,9,11563.398599,diamond_ore
95.987922,12,11567.032355,diamond_ore
105.526625,10,11570.343162,diamond_ore
99.827655,10,11573.572277,diamond_ore
85.02,18,11577.398651,diamond_ore
107.13,8,11580.121871,diamond_ore
104.731097,9,11583.010381,diamond_ore
103.03,12,11586.231367,diamond_ore
94.280952,17,11589.834275,diamond_ore
103.2,10,11593.088566,diamond_ore
96.613913,15,11596.699039,diamond_ore
97.39,11,11599.718122,diamond_ore
105.337655,10,11602.729641,diamond_ore
93.229408,19,11606.643847,diamond_ore
102.44,11,11609.716822,diamond_ore
93.872331,17,11612.946923,diamond_ore
105.31,9,11616.21877,diamond_ore
95.910472,17,11619.713979,diamond_ore
98.020472,11,11623.793885,diamond_ore
99.7195,13,11627.28503,diamond_ore
100.138127,13,11632.172959,diamond_ore
88.952932,18,11635.798259,diamond_ore
96.807655,12,11638.698622,diamond_ore
108.02,8,11641.93345,diamond_ore
100.22,8,11644.745836,diamond_ore
106.42,8,11647.82564,diamond_ore
90.896625,18,11651.172473,diamond_ore
106.82,8,11654.382777,diamond_ore
77.816379,28,11658.339091,diamond_ore
84.720205,23,11662.245742,diamond_ore
92.122083,19,11666.732346,diamond_ore
99.736436,13,11669.856585,diamond_ore
108.64,7,11672.919949,diamond_ore
107.13,8,11675.775717,diamond_ore
106.37,8,11678.679523,diamond_ore
69.72,44,11684.643857,diamond_ore
98.551219,16,11688.027113,diamond_ore
84.522125,24,11692.052811,diamond_ore
105.46,9,11694.897177,diamond_ore
110.44,6,11697.854786,diamond_ore
86.470927,19,11701.533018,diamond_ore
97.146125,12,11704.933565,diamond_ore
98.630472,10,11708.134928,diamond_ore
97.649431,14,11711.538543,diamond_ore
94.34,16,11715.043739,diamond_ore
98.049141,12,11718.249769,diamond_ore
77.29,26,11722.465812,diamond_ore
110.44,6,11726.024926,diamond_ore
103.66,9,11729.213935,diamond_ore
97.990492,14,11732.970431,diamond_ore
101.828484,13,11736.066801,diamond_ore
91.641967,20,11739.371648,diamond_ore
101.817655,11,11743.809031,diamond_ore
95.76,15,11746.858157,diamond_ore
106.76,9,11750.012476,diamond_ore
98.62,14,11754.385342,diamond_ore
86.164044,22,11758.360577,diamond_ore
98.53,12,11761.597068,diamond_ore
92.096625,18,11765.017826,diamond_ore
101.89,12,11768.277419,diamond_ore
101.893932,12,11771.594728,diamond_ore
95.103201,17,11774.976924,diamond_ore
78.012708,27,11778.980173,diamond_ore
102.478145,11,11782.76291,diamond_ore
85.95836,23,11786.458146,diamond_ore
103.45,10,11789.513866,diamond_ore
110.44,6,11793.598109,diamond_ore
101.29,11,11796.664149,diamond_ore
104.333442,11,11799.864961,diamond_ore
104.62806,11,11804.48873,diamond_ore
100.899733,14,11808.096698,diamond_ore
98.430205,12,11812.684145,diamond_ore
86.12069,22,11817.151146,diamond_ore
82.861781,24,11821.777592,diamond_ore
94.724172,17,11825.572995,diamond_ore
96.327922,13,11828.984318,diamond_ore
97.09,11,11832.147456,diamond_ore
108.53,7,11834.951921,diamond_ore
110.04,6,11837.899067,diamond_ore
105.29,6,11842.032742,diamond_ore
68.411853,36,11846.722395,diamond_ore
99.761364,9,11849.550207,diamond_ore
102.936106,12,11852.849668,diamond_ore
111.56,5,11855.368786,diamond_ore
105.71,9,11858.267256,diamond_ore
106.62,8,11862.647632,diamond_ore
103.768579,11,11865.553098,diamond_ore
105.061364,11,11868.572582,diamond_ore
94.838835,14,11872.294742,diamond_ore
103.170472,11,11875.635048,diamond_ore
81.416895,26,11879.681385,diamond_ore
96.4,15,11882.718407,diamond_ore
91.927844,18,11888.088129,diamond_ore
81.340562,25,11892.199011,diamond_ore
104.243442,10,11895.683899,diamond_ore
104.652994,10,11898.92499,diamond_ore
111.75,5,11902.12051,diamond_ore
110.24,6,11905.171462,diamond_ore
94.806106,15,11908.236717,diamond_ore
96.95,15,11911.631454,diamond_ore
70.795256,35,11916.568813,diamond_ore
105.81,9,11919.511167,diamond_ore
106.58,8,11922.519829,diamond_ore
106.53,8,11925.57842,diamond_ore
89.32,19,11929.042819,diamond_ore
100.411364,14,11932.159187,diamond_ore
96.310638,17,11936.847258,diamond_ore
107.27,8,11939.687026,diamond_ore
105.591097,9,11942.605575,diamond_ore
110.24,6,11945.915317,diamond_ore
94.17,13,11949.026078,diamond_ore
72.754312,32,11952.852437,diamond_ore
75.04499,34,11957.119057,diamond_ore
102.328145,11,11960.731112,diamond_ore
101.23,12,11964.792953,diamond_ore
106.76,9,11967.948163,diamond_ore
98.807288,14,11971.603261,diamond_ore
100.256625,12,11974.764475,diamond_ore
91.58,17,11978.169101,diamond_ore
85.051652,23,11982.059415,diamond_ore
65.39,51,11986.852842,diamond_ore
97.49,11,11990.651259,diamond_ore
99.27,13,11995.430383,diamond_ore
109.98,7,11998.182354,diamond_ore
107.32,8,12001.309403,diamond_ore
81.641444,25,12005.148969,diamond_ore
102.551097,13,12009.055211,diamond_ore
104.053847,10,12012.261139,diamond_ore
101.003418,14,12016.012278,diamond_ore
106.16,9,12018.884442,diamond_ore
90.59,6,12021.792191,diamond_ore
74.133186,36,12026.635427,diamond_ore
95.513913,15,12029.913076,diamond_ore
92.598707,18,12033.813837,diamond_ore
101.011489,14,12037.26493,diamond_ore
100.22,8,12040.047292,diamond_ore
107.0,5,12042.798132,diamond_ore
94.650905,17,12047.47933,diamond_ore
105.540472,9,12050.53015,diamond_ore
102.071569,13,12053.851551,diamond_ore
85.023258,24,12057.768942,diamond_ore
86.099169,21,12061.294534,diamond_ore
76.21,24,12065.528088,diamond_ore
110.44,6,12068.404101,diamond_ore
97.84,11,12071.259535,diamond_ore
101.44,11,12074.29358,diamond_ore
80.328704,25,12077.812179,diamond_ore
89.640989,20,12081.333992,diamond_ore
100.731364,12,12084.665327,diamond_ore
89.485288,22,12088.585656,diamond_ore
104.65,10,12091.993119,diamond_ore
85.153913,22,12095.807467,diamond_ore
96.686922,17,12099.259263,diamond_ore
93.49,16,12102.997382,diamond_ore
102.04,11,12106.576587,diamond_ore
96.22057,13,12109.776008,diamond_ore
97.600205,15,12113.334276,diamond_ore
94.539346,18,12116.660342,diamond_ore
102.75,10,12119.761825,diamond_ore
108.73,7,12123.13577,diamond_ore
100.951097,12,12126.63372,diamond_ore
108.47,8,12131.21193,diamond_ore
97.931097,14,12134.406489,diamond_ore
108.55,7,12137.137627,diamond_ore
108.81,9,12141.527506,diamond_ore
103.169106,12,12144.959142,diamond_ore
99.76,9,12147.922208,diamond_ore
105.26,9,12150.963411,diamond_ore
106.13,9,12153.96323,diamond_ore
72.84636,27,12158.197568,diamond_ore
83.52387,24,12162.445823,diamond_ore
107.93,7,12167.10344,diamond_ore
111.77,5,12169.775189,diamond_ore
108.87,8,12172.797019,diamond_ore
94.49,16,12177.742524,diamond_ore
100.721499,12,12180.995238,diamond_ore
102.031219,13,12184.691373,diamond_ore
97.185318,17,12187.927965,diamond_ore
88.538127,22,12192.752039,diamond_ore
103.1,10,12196.251009,diamond_ore
101.08,12,12199.565685,diamond_ore
103.301097,12,12204.27874,diamond_ore
102.370472,11,12207.639145,diamond_ore
66.780373,51,12213.097849,diamond_ore
83.443186,26,12216.976094,diamond_ore
107.0,5,12219.847197,diamond_ore
105.151588,10,12224.178665,diamond_ore
104.23,7,12226.914923,diamond_ore
104.721097,10,12229.948069,diamond_ore
76.842809,27,12234.013886,diamond_ore
110.21,6,12237.040776,diamond_ore
96.931569,13,12240.309517,diamond_ore
103.36,11,12244.871927,diamond_ore
98.75,10,12247.918757,diamond_ore
102.853913,11,12251.325396,diamond_ore
101.14,12,12254.374679,diamond_ore
104.185256,11,12257.483688,diamond_ore
104.61,9,12260.453046,diamond_ore
104.441588,11,12264.887325,diamond_ore
108.450492,8,12268.029546,diamond_ore
99.82,13,12271.670632,diamond_ore
85.287887,22,12275.337242,diamond_ore
88.043228,22,12279.292655,diamond_ore
86.880927,18,12283.894906,diamond_ore
71.032102,39,12289.761219,diamond_ore
81.61,24,12293.59272,diamond_ore
81.110927,25,12297.668634,diamond_ore
80.96,24,12301.745349,diamond_ore
104.9795,11,12305.193385,diamond_ore
107.93,7,12308.878148,diamond_ore
99.53,12,12313.248163,diamond_ore
94.191364,16,12316.776032,diamond_ore
101.68,12,12320.830062,diamond_ore
104.340205,11,12323.920621,diamond_ore
95.724214,17,12327.562582,diamond_ore
90.65,15,12331.292006,diamond_ore
109.271588,8,12334.787899,diamond_ore
107.33,7,12337.683189,diamond_ore
81.795217,24,12342.981059,diamond_ore
84.969064,23,12346.693672,diamond_ore
108.013847,9,12349.778593,diamond_ore
101.105217,13,12353.35893,diamond_ore
83.570019,15,12356.906154,diamond_ore
107.06,9,12360.637614,diamond_ore
72.0,30,12364.563732,diamond_ore
91.546559,17,12367.866099,diamond_ore
89.041781,21,12371.563204,diamond_ore
91.521364,18,12375.358554,diamond_ore
102.29,11,12378.6978,diamond_ore
104.094358,12,12382.051962,diamond_ore
105.66,9,12384.996288,diamond_ore
95.225217,16,12388.965822,diamond_ore
106.58,8,12392.096006,diamond_ore
99.82,13,12395.259961,diamond_ore
89.99,6,12398.247488,diamond_ore
110.44,6,12400.962392,diamond_ore
104.24,11,12404.058859,diamond_ore
102.941219,12,12407.112763,diamond_ore
69.358735,45,12411.806954,diamond_ore
78.66,19,12415.261153,diamond_ore
101.721219,9,12418.539766,diamond_ore
102.417288,12,12423.36583,diamond_ore
102.393913,12,12427.046276,diamond_ore
101.511329,14,12431.084407,diamond_ore
78.096831,28,12436.374146,diamond_ore
101.64,11,12439.620755,diamond_ore
110.21,6,12443.539093,diamond_ore
107.13,8,12446.368651,diamond_ore
87.640458,22,12450.37591,diamond_ore
106.553647,10,12453.597152,diamond_ore
107.251569,10,12457.028695,diamond_ore
109.58,7,12460.071193,diamond_ore
107.37,8,12464.668093,diamond_ore
110.21,6,12467.79473,diamond_ore
97.95,10,12470.705363,diamond_ore
100.18,13,12473.74715,diamond_ore
82.570239,24,12478.897232,diamond_ore
93.863361,17,12482.215256,diamond_ore
101.986436,13,12485.590136,diamond_ore
75.17423,33,12490.473042,diamond_ore
83.661405,23,12494.394574,diamond_ore
104.941569,11,12497.948479,diamond_ore
77.23137,27,12501.95808,diamond_ore
82.944834,24,12505.980152,diamond_ore
100.59,11,12509.197074,diamond_ore
103.14,11,12512.308392,diamond_ore
107.93,7,12514.990678,diamond_ore
100.38,12,12518.599454,diamond_ore
104.77,9,12521.651427,diamond_ore
103.31,10,12525.798648,diamond_ore
108.64,7,12528.844821,diamond_ore
111.56,5,12531.572234,diamond_ore
72.883392,34,12536.079614,diamond_ore
105.830472,10,12538.857231,diamond_ore
64.079482,34,12543.209887,diamond_ore
101.51,9,12546.037038,diamond_ore
49.409224,29,12549.907807,diamond_ore
103.57,8,12552.962661,diamond_ore
93.930927,13,12557.523859,diamond_ore
108.28,7,12560.235574,diamond_ore
106.32,8,12563.337423,diamond_ore
102.351097,12,12568.159313,diamond_ore
106.001364,10,12571.204275,diamond_ore
95.65484,17,12574.869012,diamond_ore
103.49,11,12577.91951,diamond_ore
108.111364,9,12581.196113,diamond_ore
102.283442,12,12584.325432,diamond_ore
75.207587,28,12589.468235,diamond_ore
90.479986,20,12593.191338,diamond_ore
94.0,17,12596.913416,diamond_ore
92.852878,18,12600.56953,diamond_ore
104.843413,11,12603.634853,diamond_ore
100.06,9,12606.653314,diamond_ore
110.24,6,12609.743034,diamond_ore
105.35,10,12612.978552,diamond_ore
104.82,9,12615.871961,diamond_ore
106.227655,10,12618.770664,diamond_ore
80.11,24,12622.369377,diamond_ore
104.328835,11,12625.606882,diamond_ore
110.04,6,12628.60991,diamond_ore
108.93,7,12632.17236,diamond_ore
107.34,7,12635.023402,diamond_ore
97.572156,16,12638.868598,diamond_ore
80.0,25,12642.640962,diamond_ore
100.875256,12,12646.019135,diamond_ore
107.27,10,12650.364244,diamond_ore
96.670472,16,12655.230045,diamond_ore
75.238484,28,12659.680379,diamond_ore
103.14,11,12662.955261,diamond_ore
91.29,16,12666.603553,diamond_ore
90.674436,21,12670.153212,diamond_ore
106.17,9,12673.761471,diamond_ore
111.75,5,12676.970045,diamond_ore
107.13,8,12680.889942,diamond_ore
92.42,18,12684.269977,diamond_ore
100.198874,14,12687.963526,diamond_ore
101.535217,12,12691.311703,diamond_ore
107.93,7,12694.792105,diamond_ore
103.3,10,12697.700716,diamond_ore
104.69,6,12700.418087,diamond_ore
88.441405,19,12704.100537,diamond_ore
101.949733,12,12707.480171,diamond_ore
104.678127,8,12710.685115,diamond_ore
106.751569,10,12714.153351,diamond_ore
104.698127,11,12717.668132,diamond_ore
106.46,9,12720.962816,diamond_ore
95.000927,17,12725.322234,diamond_ore
88.705217,19,12728.946243,diamond_ore
93.923442,12,12733.234488,diamond_ore
107.67,8,12735.998323,diamond_ore
94.361097,16,12739.683199,diamond_ore
110.39,6,12742.542067,diamond_ore
99.68,12,12745.949213,diamond_ore
108.73,7,12749.134027,diamond_ore
78.075217,26,12755.714343,diamond_ore
87.285217,20,12759.176211,diamond_ore
105.990472,9,12763.676187,diamond_ore
100.21,14,12766.951672,diamond_ore
81.124691,25,12770.959332,diamond_ore
94.951452,16,12774.277725,diamond_ore
105.96,9,12777.223348,diamond_ore
106.37,8,12780.466433,diamond_ore
97.754214,14,12783.704653,diamond_ore
113.05,5,12787.633526,diamond_ore
96.81,14,12790.716728,diamond_ore
91.370952,17,12794.286173,diamond_ore
106.77,9,12797.112349,diamond_ore
103.331569,12,12800.457261,diamond_ore
101.99409,13,12804.179369,diamond_ore
85.18,22,12808.058397,diamond_ore
105.685217,10,12811.111216,diamond_ore
106.253442,9,12814.322795,diamond_ore
90.360472,12,12817.582853,diamond_ore
105.21,9,12820.500622,diamond_ore
108.93,7,12824.307437,diamond_ore
105.29,6,12828.560055,diamond_ore
74.971391,34,12833.010376,diamond_ore
90.849691,20,12837.168605,diamond_ore
106.790472,9,12840.402333,diamond_ore
93.114434,17,12843.999886,diamond_ore
91.94,16,12847.329533,diamond_ore
99.726906,14,12850.733807,diamond_ore
99.32069,13,12853.874358,diamond_ore
84.422829,23,12858.158639,diamond_ore
101.821569,13,12861.470567,diamond_ore
84.820927,19,12865.007444,diamond_ore
106.14,6,12867.675936,diamond_ore
96.356668,14,12871.151964,diamond_ore
107.13,8,12874.695366,diamond_ore
78.72,24,12878.841228,diamond_ore
106.34,8,12882.051103,diamond_ore
103.327655,10,12885.502416,diamond_ore
90.851219,16,12889.238047,diamond_ore
92.319733,15,12892.753905,diamond_ore
106.887655,9,12897.281691,diamond_ore
105.209705,8,12900.70557,diamond_ore
106.558127,10,12904.01202,diamond_ore
90.26,14,12907.36668,diamond_ore
86.976818,22,12911.141835,diamond_ore
101.78,12,12914.465181,diamond_ore
110.24,6,12917.333705,diamond_ore
106.38,8,12920.798554,diamond_ore
111.95,5,12923.626918,diamond_ore
107.32,9,12926.845345,diamond_ore
90.604187,13,12931.434223,diamond_ore
69.279033,49,12937.270712,diamond_ore
95.06,14,12940.419209,diamond_ore
110.26,6,12943.324692,diamond_ore
98.46,9,12946.218267,diamond_ore
98.925433,15,12949.729635,diamond_ore
91.73,17,12953.193629,diamond_ore
87.221097,20,12957.020702,diamond_ore
108.87,8,12961.313731,diamond_ore
72.054219,31,12967.027641,diamond_ore
103.066625,11,12970.263365,diamond_ore
104.26,9,12973.53599,diamond_ore
105.29,6,12976.553441,diamond_ore
107.93,7,12979.916674,diamond_ore
105.256436,11,12983.323725,diamond_ore
96.58409,16,12986.762402,diamond_ore
92.098757,15,12990.297356,diamond_ore
87.1,15,12993.564873,diamond_ore
83.111405,22,12997.362654,diamond_ore
101.799,13,13000.885927,diamond_ore
100.5195,12,13004.357022,diamond_ore
75.093117,36,13008.984748,diamond_ore
107.153442,9,13011.872174,diamond_ore
86.723119,21,13015.567376,diamond_ore
92.932871,18,13019.183904,diamond_ore
104.95,10,13022.738615,diamond_ore
102.49,11,13025.853483,diamond_ore
110.24,6,13028.943689,diamond_ore
108.68,7,13031.965111,diamond_ore
94.473461,14,13035.41788,diamond_ore
107.63,9,13038.213561,diamond_ore
97.244358,16,13041.981554,diamond_ore
107.0,5,13044.787335,diamond_ore
107.0,5,13047.842876,diamond_ore
70.276621,39,13052.7318,diamond_ore
99.467355,14,13056.130055,diamond_ore
97.52,14,13059.110723,diamond_ore
103.188127,12,13063.583802,diamond_ore
108.7,7,13066.45079,diamond_ore
107.750492,8,13069.837986,diamond_ore
100.9,11,13074.133828,diamond_ore
94.64,16,13077.521199,diamond_ore
70.140612,37,13081.465135,diamond_ore
100.967627,14,13084.709346,diamond_ore
106.935217,10,13087.959608,diamond_ore
94.48,12,13090.997065,diamond_ore
92.305288,20,13095.384387,diamond_ore
108.69,7,13098.27852,diamond_ore
105.29,6,13101.591288,diamond_ore
111.56,5,13104.257365,diamond_ore
101.57,8,13107.169016,diamond_ore
76.5306,31,13111.401908,diamond_ore
99.36,14,13114.836055,diamond_ore
101.33,12,13118.794271,diamond_ore
103.778145,11,13122.481849,diamond_ore
105.121097,11,13125.851177,diamond_ore
87.810472,17,13129.519076,diamond_ore
100.0,10,13132.589419,diamond_ore
88.313736,22,13136.272154,diamond_ore
108.73,7,13139.363895,diamond_ore
110.24,6,13142.158718,diamond_ore
105.01,9,13145.612788,diamond_ore
65.730701,67,13151.823891,diamond_ore
88.14,16,13155.249053,diamond_ore
89.248453,20,13158.86631,diamond_ore
100.715217,13,13162.04206,diamond_ore
101.93,12,13165.385604,diamond_ore
72.852893,33,13169.97699,diamond_ore
106.14,6,13173.707127,diamond_ore
111.75,5,13176.519485,diamond_ore
102.970562,12,13179.747071,diamond_ore
103.568145,12,13184.214728,diamond_ore
97.96,14,13187.314222,diamond_ore
107.153442,9,13190.540107,diamond_ore
84.58118,22,13194.657095,diamond_ore
87.764214,18,13198.28646,diamond_ore
95.904218,15,13201.856039,diamond_ore
85.09,22,13205.87657,diamond_ore
69.934214,32,13210.110418,diamond_ore
74.385141,32,13214.808063,diamond_ore
111.75,5,13217.726003,diamond_ore
103.5,10,13220.76335,diamond_ore
110.44,6,13224.135582,diamond_ore
93.691219,18,13227.631654,diamond_ore
104.536559,10,13230.682528,diamond_ore
95.53,12,13233.867373,diamond_ore
99.95,10,13236.95737,diamond_ore
104.435256,11,13240.899915,diamond_ore
98.687655,15,13243.730542,diamond_ore
108.73,7,13246.636996,diamond_ore
102.74,11,13251.662363,diamond_ore
108.73,7,13254.99701,diamond_ore
103.64,11,13260.070699,diamond_ore
82.08232,25,13264.88689,diamond_ore
97.617288,12,13267.935086,diamond_ore
103.39,11,13271.119837,diamond_ore
102.13,7,13274.005008,diamond_ore
100.38,12,13276.858968,diamond_ore
85.591219,22,13280.381297,diamond_ore
94.309894,17,13284.417444,diamond_ore
102.916625,11,13287.367342,diamond_ore
97.391219,12,13290.75691,diamond_ore
87.599141,22,13294.61206,diamond_ore
103.28,12,13297.749009,diamond_ore
102.49,11,13300.996384,diamond_ore
111.57,5,13303.744915,diamond_ore
108.29,7,13306.697556,diamond_ore
62.940295,17,13310.191468,diamond_ore
104.91,10,13313.300169,diamond_ore
100.429733,9,13316.407634,diamond_ore
100.383847,12,13319.818004,diamond_ore
99.87,13,13323.016313,diamond_ore
68.621967,46,13327.72805,diamond_ore
102.482383,12,13331.215935,diamond_ore
102.141364,12,13335.675238,diamond_ore
82.212944,24,13340.151592,diamond_ore
110.26,6,13343.162602,diamond_ore
108.14,7,13345.903119,diamond_ore
106.54,6,13349.756928,diamond_ore
104.650205,11,13353.210831,diamond_ore
99.205256,14,13356.718118,diamond_ore
93.28,17,13361.278045,diamond_ore
110.24,6,13364.436954,diamond_ore
108.08,7,13367.725471,diamond_ore
105.42,9,13370.549578,diamond_ore
87.292288,22,13374.314448,diamond_ore
97.375256,12,13378.971301,diamond_ore
96.14,11,13382.089511,diamond_ore
111.77,5,13384.832716,diamond_ore
110.44,6,13387.732454,diamond_ore
107.13,8,13392.087698,diamond_ore
106.573442,9,13394.983595,diamond_ore
105.048127,11,13399.868753,diamond_ore
76.29,27,13403.9099,diamond_ore
102.990612,12,13408.189931,diamond_ore
94.03,17,13412.04879,diamond_ore
72.602893,33,13416.409446,diamond_ore
111.96,5,13419.144633,diamond_ore
93.050927,17,13422.674368,diamond_ore
93.77,9,13427.083587,diamond_ore
100.338835,14,13430.248748,diamond_ore
91.436475,19,13434.025572,diamond_ore
100.403442,14,13437.133308,diamond_ore
85.360679,22,13441.496424,diamond_ore
86.797922,21,13445.302589,diamond_ore
95.98,17,13449.099015,diamond_ore
107.37,8,13453.022608,diamond_ore
110.25,6,13455.778715,diamond_ore
105.4,10,13459.142722,diamond_ore
101.45,10,13462.323658,diamond_ore
97.904214,14,13465.454602,diamond_ore
72.440562,31,13470.213462,diamond_ore
103.707655,12,13474.94899,diamond_ore
104.8,10,13477.950992,diamond_ore
100.680205,13,13482.371535,diamond_ore
92.972212,19,13488.481538,diamond_ore
75.131489,27,13492.265204,diamond_ore
103.227655,11,13495.524327,diamond_ore
107.67,8,13498.536136,diamond_ore
105.46,9,13501.704655,diamond_ore
106.84,7,13504.512063,diamond_ore
103.817655,11,13507.699442,diamond_ore
75.615217,28,13512.533431,diamond_ore
85.208707,22,13516.03454,diamond_ore
98.338128,15,13519.902749,diamond_ore
98.419733,15,13523.216561,diamond_ore
108.81,9,13528.08929,diamond_ore
109.031097,9,13532.717412,diamond_ore
102.476014,14,13536.572489,diamond_ore
71.404107,45,13541.706615,diamond_ore
102.61,10,13544.598288,diamond_ore
110.4,6,13547.462032,diamond_ore
106.14,6,13550.710166,diamond_ore
74.314214,28,13554.903527,diamond_ore
96.12,8,13559.789128,diamond_ore
109.53,7,13562.590904,diamond_ore
68.999945,34,13566.904202,diamond_ore
105.543413,11,13570.495439,diamond_ore
87.236468,23,13574.665867,diamond_ore
98.976625,10,13577.651113,diamond_ore
90.8,15,13580.997571,diamond_ore
99.906718,11,13585.906823,diamond_ore
101.271694,14,13590.543554,diamond_ore
100.06,9,13593.388835,diamond_ore
105.020679,11,13596.973793,diamond_ore
97.87,15,13600.378511,diamond_ore
91.966106,14,13603.772826,diamond_ore
98.507655,12,13607.137792,diamond_ore
108.08,7,13610.084431,diamond_ore
101.74,11,13613.301534,diamond_ore
108.73,7,13616.995857,diamond_ore
99.7,10,13620.293952,diamond_ore
84.96,19,13624.218412,diamond_ore
96.190472,15,13627.46537,diamond_ore
92.3,5,13630.496449,diamond_ore
108.93,7,13633.331845,diamond_ore
103.08,12,13637.50438,diamond_ore
78.471528,24,13641.584981,diamond_ore
102.390039,12,13645.046983,diamond_ore
99.76,9,13648.004548,diamond_ore
108.73,7,13650.970928,diamond_ore
110.44,6,13653.787335,diamond_ore
108.14,7,13657.661306,diamond_ore
102.610612,10,13660.89927,diamond_ore
104.35,10,13664.396048,diamond_ore
88.311097,21,13667.919358,diamond_ore
101.88,12,13671.380921,diamond_ore
73.570357,30,13675.369779,diamond_ore
93.146125,17,13679.099959,diamond_ore
103.2,10,13682.903029,diamond_ore
107.13,8,13685.700739,diamond_ore
102.49,11,13689.055646,diamond_ore
78.168757,23,13692.721629,diamond_ore
94.391219,17,13696.52176,diamond_ore
86.202738,24,13701.715306,diamond_ore
98.117922,14,13705.310212,diamond_ore
95.376668,17,13709.698876,diamond_ore
94.086106,17,13714.431928,diamond_ore
104.331291,12,13717.809985,diamond_ore
83.928145,23,13721.542622,diamond_ore
99.326707,14,13724.958502,diamond_ore
107.13,8,13727.848978,diamond_ore
107.032994,8,13732.380338,diamond_ore
107.0,5,13735.007215,diamond_ore
93.33,18,13738.309707,diamond_ore
103.526125,9,13741.927133,diamond_ore
97.99,11,13745.030853,diamond_ore
84.88,22,13749.888324,diamond_ore
110.24,6,13754.248784,diamond_ore
99.866668,14,13758.088559,diamond_ore
108.28,8,13760.821729,diamond_ore
102.43,12,13764.729751,diamond_ore
99.672721,12,13768.811939,diamond_ore
85.135779,19,13772.622109,diamond_ore
94.29,16,13777.151772,diamond_ore
98.713442,15,13780.452258,diamond_ore
91.804941,19,13783.99568,diamond_ore
49.322624,27,13788.589917,diamond_ore
104.847655,8,13791.901202,diamond_ore
94.94,16,13795.189379,diamond_ore
84.23409,24,13800.092223,diamond_ore
102.357655,12,13804.286194,diamond_ore
106.42,8,13807.245787,diamond_ore
108.88,7,13810.089571,diamond_ore
107.73,7,13812.996599,diamond_ore
94.725217,16,13816.618698,diamond_ore
102.415217,12,13819.971225,diamond_ore
68.129731,54,13825.687246,diamond_ore
99.203442,14,13829.934842,diamond_ore
77.2,26,13833.866133,diamond_ore
96.285217,15,13837.370075,diamond_ore
107.38,7,13841.350124,diamond_ore
107.22,8,13844.379224,diamond_ore
107.93,7,13847.590127,diamond_ore
108.57,8,13850.775101,diamond_ore
91.711405,18,13854.165905,diamond_ore
100.687922,13,13857.574602,diamond_ore
108.68,7,13860.493984,diamond_ore
106.14,6,13863.443035,diamond_ore
106.281097,9,13866.651152,diamond_ore
64.216352,20,13870.738813,diamond_ore
104.027288,11,13874.453236,diamond_ore
102.840039,12,13877.663111,diamond_ore
106.090601,11,13881.52296,diamond_ore
108.668127,9,13885.986474,diamond_ore
102.962933,14,13890.617908,diamond_ore
101.371219,9,13893.879725,diamond_ore
88.571097,20,13897.572413,diamond_ore
104.05,10,13900.638965,diamond_ore
72.528246,45,13906.750117,diamond_ore
101.207655,12,13910.026272,diamond_ore
78.587033,23,13913.869072,diamond_ore
103.14,11,13916.965558,diamond_ore
94.99,17,13921.349967,diamond_ore
89.92,19,13924.822113,diamond_ore
101.84,11,13928.117274,diamond_ore
105.681097,9,13931.434483,diamond_ore
108.68,7,13934.354326,diamond_ore
73.654283,35,13941.289654,diamond_ore
99.68,12,13944.620574,diamond_ore
107.248874,10,13948.148213,diamond_ore
101.434214,11,13952.406209,diamond_ore
105.09,6,13955.26789,diamond_ore
105.61,9,13958.600661,diamond_ore
99.33,13,13961.759931,diamond_ore
100.18,13,13965.115889,diamond_ore
82.91069,23,13968.853832,diamond_ore
106.509102,10,13971.925048,diamond_ore
71.084581,42,13976.871361,diamond_ore
105.891097,10,13981.05211,diamond_ore
71.968438,33,13985.184292,diamond_ore
94.364004,17,13988.620512,diamond_ore
77.352359,28,13993.088095,diamond_ore
102.330472,11,13995.853049,diamond_ore
78.732933,27,14001.079715,diamond_ore
94.068145,17,14004.599274,diamond_ore
101.896668,10,14008.003121,diamond_ore
110.74,6,14012.034532,diamond_ore
107.18,8,14014.849451,diamond_ore
93.201405,19,14018.230329,diamond_ore
108.337655,9,14022.174098,diamond_ore
108.87,8,14025.396543,diamond_ore
75.275409,29,14029.874205,diamond_ore
77.260927,20,14033.553746,diamond_ore
109.031097,9,14036.870174,diamond_ore
100.0,10,14040.204371,diamond_ore
107.32,8,14043.033651,diamond_ore
104.05,10,14046.038256,diamond_ore
103.485256,11,14049.538752,diamond_ore
84.540273,24,14054.011185,diamond_ore
97.54,13,14057.34858,diamond_ore
103.683442,11,14060.894828,diamond_ore
78.132866,27,14065.081202,diamond_ore
100.711097,11,14068.621614,diamond_ore
108.14,7,14071.514216,diamond_ore
107.37,8,14075.062398,diamond_ore
109.98,7,14077.977118,diamond_ore
105.058127,11,14081.125844,diamond_ore
102.438127,13,14084.558501,diamond_ore
104.178874,12,14087.79391,diamond_ore
83.321842,25,14092.815305,diamond_ore
106.237656,10,14096.115473,diamond_ore
99.29,11,14099.157135,diamond_ore
108.69,7,14102.049056,diamond_ore
92.3,5,14105.187452,diamond_ore
111.49,6,14109.20541,diamond_ore
110.24,6,14112.354588,diamond_ore
107.0,5,14115.605387,diamond_ore
108.14,7,14119.180974,diamond_ore
102.894358,12,14122.926577,diamond_ore
79.0,25,14126.814228,diamond_ore
92.5634,18,14130.309977,diamond_ore
86.106718,21,14134.106795,diamond_ore
100.52,14,14137.416318,diamond_ore
96.081489,17,14140.993703,diamond_ore
99.770239,15,14145.949994,diamond_ore
104.006559,11,14149.083702,diamond_ore
97.620205,14,14152.665743,diamond_ore
108.73,7,14155.878242,diamond_ore
111.95,5,14158.960455,diamond_ore
108.73,7,14163.602557,diamond_ore
100.873442,12,14166.636897,diamond_ore
97.687655,15,14169.715574,diamond_ore
47.201539,32,14174.401807,diamond_ore
81.347288,24,14178.122008,diamond_ore
104.938127,12,14181.507124,diamond_ore
104.298127,11,14184.560573,diamond_ore
78.079054,29,14188.499527,diamond_ore
109.227922,8,14191.928311,diamond_ore
101.08,13,14195.98739,diamond_ore
108.84,7,14198.673095,diamond_ore
105.49,6,14201.85708,diamond_ore
106.97,8,14205.91865,diamond_ore
107.540039,9,14208.954787,diamond_ore
101.63,12,14213.720747,diamond_ore
105.2,10,14217.001601,diamond_ore
103.77,9,14219.940165,diamond_ore
105.25,10,14223.052763,diamond_ore
105.82,9,14225.840325,diamond_ore
106.31,9,14228.867431,diamond_ore
109.910492,7,14232.289645,diamond_ore
107.841097,8,14235.590572,diamond_ore
90.521877,19,14240.457619,diamond_ore
72.961132,31,14245.606771,diamond_ore
96.209733,16,14250.070115,diamond_ore
44.925503,30,14254.192816,diamond_ore
102.658579,12,14257.121553,diamond_ore
101.877922,13,14260.689604,diamond_ore
106.8,5,14264.709435,diamond_ore
108.93,7,14268.407822,diamond_ore
106.13,8,14271.250053,diamond_ore
100.040612,13,14274.379258,diamond_ore
86.52069,17,14278.35647,diamond_ore
104.71,9,14281.523735,diamond_ore
96.082218,17,14285.309561,diamond_ore
100.660472,12,14289.132629,diamond_ore
100.32,13,14292.217224,diamond_ore
105.29,6,14295.223377,diamond_ore
109.94,6,14298.101954,diamond_ore
103.04,11,14301.076391,diamond_ore
89.186718,19,14304.507946,diamond_ore
99.590751,16,14308.244066,diamond_ore
81.96,24,14312.243997,diamond_ore
105.76,9,14315.14097,diamond_ore
108.93,7,14318.274942,diamond_ore
107.37,8,14323.101633,diamond_ore
88.5,20,14326.959286,diamond_ore
108.323442,9,14329.950006,diamond_ore
87.217331,21,14333.538596,diamond_ore
78.918874,12,14338.040021,diamond_ore
79.45,10,14341.089333,diamond_ore
83.671691,22,14345.018986,diamond_ore
95.84,11,14348.043007,diamond_ore
97.31,14,14351.434492,diamond_ore
95.84,16,14354.842503,diamond_ore
108.89,7,14357.549125,diamond_ore
101.19,11,14360.946265,diamond_ore
103.91,10,14364.214963,diamond_ore
110.44,6,14367.306349,diamond_ore
109.98,7,14370.187638,diamond_ore
110.0,6,14372.933493,diamond_ore
108.718127,9,14376.321597,diamond_ore
95.5,15,14380.721068,diamond_ore
104.791364,11,14385.441936,diamond_ore
71.282542,35,14390.223017,diamond_ore
94.409733,16,14394.205594,diamond_ore
99.3,12,14397.104727,diamond_ore
91.091097,18,14400.899492,diamond_ore
97.77,13,14404.084447,diamond_ore
94.111038,17,14408.60489,diamond_ore
107.0,5,14411.355592,diamond_ore
107.33,8,14414.317895,diamond_ore
106.97,8,14417.651517,diamond_ore
104.005047,10,14420.984227,diamond_ore
88.803442,19,14424.762588,diamond_ore
98.13069,11,14429.591616,diamond_ore
108.329973,9,14432.901729,diamond_ore
92.295256,17,14436.955889,diamond_ore
86.505682,24,14440.917994,diamond_ore
108.93,7,14444.004872,diamond_ore
103.920492,11,14448.193423,diamond_ore
93.94,16,14452.550851,diamond_ore
95.690927,12,14456.995098,diamond_ore
80.13,23,14460.820842,diamond_ore
82.740612,23,14464.632555,diamond_ore
105.09,6,14468.557045,diamond_ore
101.69,11,14472.043802,diamond_ore
106.63,8,14475.898733,diamond_ore
70.86,59,14481.707254,diamond_ore
78.227288,26,14485.835619,diamond_ore
80.746796,25,14490.920898,diamond_ore
109.031097,9,14495.419611,diamond_ore
89.994385,21,14498.943244,diamond_ore
99.091291,15,14502.396479,diamond_ore
73.33663,47,14507.869796,diamond_ore
108.93,7,14512.081235,diamond_ore
96.491914,17,14516.804854,diamond_ore
83.147288,24,14522.07293,diamond_ore
101.801097,13,14526.228412,diamond_ore
103.418145,12,14530.852065,diamond_ore
88.69,16,14534.200299,diamond_ore
94.54,16,14538.033169,diamond_ore
102.420472,11,14541.12332,diamond_ore
96.461489,16,14545.449319,diamond_ore
98.380729,12,14549.98634,diamond_ore
102.68,12,14554.372011,diamond_ore
89.052708,21,14557.525267,diamond_ore
73.21,29,14561.541131,diamond_ore
109.58,7,14564.634218,diamond_ore
86.972331,22,14568.55835,diamond_ore
93.121489,18,14571.840952,diamond_ore
85.97,18,14575.341372,diamond_ore
104.81,9,14578.52157,diamond_ore
110.24,6,14581.575837,diamond_ore
108.69,7,14585.809251,diamond_ore
103.39,11,14589.897175,diamond_ore
101.23,13,14592.765787,diamond_ore
99.68,12,14596.120106,diamond_ore
92.68,18,14599.483833,diamond_ore
97.53,12,14602.64032,diamond_ore
90.698184,15,14607.544027,diamond_ore
97.449141,12,14610.560325,diamond_ore
103.14,11,14613.539641,diamond_ore
107.06,9,14616.98941,diamond_ore
101.79,11,14621.332309,diamond_ore
108.93,7,14625.95199,diamond_ore
110.2,6,14628.583704,diamond_ore
97.325415,17,14632.841046,diamond_ore
87.11,20,14636.495431,diamond_ore
85.13,22,14640.169313,diamond_ore
95.471569,13,14643.62658,diamond_ore
99.7,10,14646.579956,diamond_ore
104.65,10,14649.692143,diamond_ore
72.189059,32,14654.106636,diamond_ore
98.838145,10,14658.392685,diamond_ore
96.6,15,14661.669292,diamond_ore
95.55,15,14665.188354,diamond_ore
106.62,8,14668.567219,diamond_ore
105.81,9,14671.464143,diamond_ore
78.604337,27,14676.021251,diamond_ore
96.996785,16,14681.479479,diamond_ore
73.773236,33,14685.707909,diamond_ore
105.81,9,14688.967645,diamond_ore
103.18,7,14691.728228,diamond_ore
108.53,7,14694.692549,diamond_ore
99.090039,13,14699.099407,diamond_ore
98.859102,15,14702.311501,diamond_ore
92.663847,19,14705.82235,diamond_ore
75.762978,29,14711.960203,diamond_ore
108.89,8,14716.003242,diamond_ore
80.754941,24,14719.957253,diamond_ore
89.67,18,14723.649108,diamond_ore
105.7,10,14727.135294,diamond_ore
100.448145,14,14730.875163,diamond_ore
73.641097,29,14735.016808,diamond_ore
105.29,6,14738.575279,diamond_ore
105.81,9,14741.505417,diamond_ore
95.185256,16,14746.018593,diamond_ore
97.730679,15,14749.236465,diamond_ore
104.935256,11,14752.689419,diamond_ore
104.65,10,14757.004435,diamond_ore
101.17069,12,14760.171019,diamond_ore
106.71,9,14763.41732,diamond_ore
109.58,7,14766.669097,diamond_ore
106.63,8,14769.702566,diamond_ore
108.64,7,14772.668776,diamond_ore
106.57,8,14775.640293,diamond_ore
110.2,6,14778.722894,diamond_ore
109.920492,7,14781.77812,diamond_ore
99.933847,13,14785.758978,diamond_ore
107.396559,9,14788.74706,diamond_ore
99.691291,15,14792.384269,diamond_ore
88.772624,22,14798.10215,diamond_ore
96.052696,17,14801.725854,diamond_ore
99.42,13,14804.966027,diamond_ore
80.175818,26,14809.037338,diamond_ore
107.33,9,14812.463518,diamond_ore
88.251364,21,14816.422626,diamond_ore
109.64,6,14819.254895,diamond_ore
107.0,5,14821.960378,diamond_ore
107.38,8,14825.257001,diamond_ore
77.005779,27,14829.605692,diamond_ore
99.257922,15,14833.007711,diamond_ore
95.38069,16,14836.242763,diamond_ore
77.276796,27,14840.941188,diamond_ore
107.63,9,14843.675916,diamond_ore
72.618959,41,14848.794554,diamond_ore
104.731097,9,14852.171912,diamond_ore
104.86,9,14855.285506,diamond_ore
105.09,6,14858.380741,diamond_ore
105.595217,11,14861.480381,diamond_ore
104.397922,11,14864.440722,diamond_ore
97.378145,16,14867.891651,diamond_ore
101.94,11,14871.042239,diamond_ore
87.91409,21,14875.894205,diamond_ore
97.107655,12,14880.163975,diamond_ore
87.700562,19,14883.540703,diamond_ore
88.20803,20,14888.518257,diamond_ore
93.980472,16,14891.931727,diamond_ore
109.53,7,14894.891825,diamond_ore
97.34,11,14899.17059,diamond_ore
103.78,7,14902.257769,diamond_ore
108.69,7,14906.236494,diamond_ore
107.38,8,14909.885161,diamond_ore
106.72,8,14912.714992,diamond_ore
107.970205,9,14915.612645,diamond_ore
94.27,13,14918.925179,diamond_ore
105.907922,10,14922.113266,diamond_ore
86.62069,22,14925.950207,diamond_ore
107.629973,9,14929.46483,diamond_ore
94.126718,16,14934.188975,diamond_ore
108.24,7,14936.80704,diamond_ore
105.06,9,14939.855299,diamond_ore
107.0,5,14942.80562,diamond_ore
100.73,12,14946.140594,diamond_ore
98.300205,15,14949.758719,diamond_ore
103.44,11,14953.457229,diamond_ore
79.700278,27,14959.123877,diamond_ore
70.13084,44,14964.040962,diamond_ore
102.37,8,14967.026607,diamond_ore
111.75,5,14970.007817,diamond_ore
110.44,6,14972.881192,diamond_ore
110.44,6,14976.776874,diamond_ore
86.591405,20,14981.301299,diamond_ore
65.67,18,14984.787089,diamond_ore
70.234806,36,14989.605494,diamond_ore
78.881405,26,14994.376834,diamond_ore
96.680433,15,14999.035188,diamond_ore
84.067479,24,15003.383779,diamond_ore
107.655966,8,15007.288222,diamond_ore
96.54,11,15010.799892,diamond_ore
108.73,7,15014.109387,diamond_ore
105.840205,11,15018.413473,diamond_ore
97.32,14,15022.581552,diamond_ore
97.76069,14,15025.994289,diamond_ore
79.067645,26,15029.98544,diamond_ore
105.438874,11,15033.120647,diamond_ore
104.950039,11,15036.403536,diamond_ore
83.181405,22,15040.207719,diamond_ore
108.798145,9,15045.579762,diamond_ore
100.998835,13,15048.712033,diamond_ore
106.57,8,15051.573805,diamond_ore
102.74,11,15055.641949,diamond_ore
102.84,11,15058.975605,diamond_ore
103.170472,11,15063.386576,diamond_ore
94.975217,16,15066.709643,diamond_ore
97.041489,16,15070.356743,diamond_ore
89.31,19,15074.279265,diamond_ore
70.38,32,15078.738321,diamond_ore
108.64,7,15082.683484,diamond_ore
77.56847,33,15087.370027,diamond_ore
72.275579,36,15092.363032,diamond_ore
103.217655,11,15096.430649,diamond_ore
94.941569,17,15100.437109,diamond_ore
67.881864,57,15106.063489,diamond_ore
105.837288,10,15109.044275,diamond_ore
95.3,15,15112.631781,diamond_ore
107.08,9,15116.372471,diamond_ore
108.718127,9,15119.775044,diamond_ore
94.636668,17,15123.333033,diamond_ore
95.320472,16,15126.689822,diamond_ore
90.798757,15,15132.508197,diamond_ore
110.44,6,15135.298937,diamond_ore
107.32,8,15138.173374,diamond_ore
108.64,7,15141.213626,diamond_ore
104.31,9,15144.25686,diamond_ore
102.35,11,15147.875721,diamond_ore
103.95,10,15151.291104,diamond_ore
99.147656,14,15156.041977,diamond_ore
89.42,19,15160.79907,diamond_ore
103.292574,14,15165.777948,diamond_ore
94.109436,17,15169.793313,diamond_ore
97.920679,16,15173.37017,diamond_ore
76.590433,28,15179.130027,diamond_ore
95.05,15,15182.942245,diamond_ore
111.75,5,15186.060325,diamond_ore
110.24,6,15189.309389,diamond_ore
96.129989,16,15194.245064,diamond_ore
106.688145,10,15197.488003,diamond_ore
97.687655,14,15201.364922,diamond_ore
97.761914,15,15204.902324,diamond_ore
94.310339,15,15209.754276,diamond_ore
98.053442,14,15214.661707,diamond_ore
108.73,7,15217.923358,diamond_ore
107.68,7,15221.387099,diamond_ore
106.33,8,15224.264177,diamond_ore
106.581219,10,15227.829934,diamond_ore
87.140927,17,15231.823974,diamond_ore
100.59,11,15234.918135,diamond_ore
104.885217,10,15238.382161,diamond_ore
89.668874,17,15241.996103,diamond_ore
99.47,13,15246.575268,diamond_ore
96.286106,17,15251.560574,diamond_ore
101.33,12,15255.739378,diamond_ore
93.310839,16,15260.895021,diamond_ore
101.78,12,15264.160525,diamond_ore
105.57,9,15267.368886,diamond_ore
104.46,9,15270.256246,diamond_ore
96.200927,16,15275.604576,diamond_ore
87.478201,22,15279.700765,diamond_ore
101.83,12,15282.731626,diamond_ore
111.75,5,15285.557276,diamond_ore
71.837287,51,15290.834183,diamond_ore
106.42,8,15293.887915,diamond_ore
107.153442,9,15296.957042,diamond_ore
104.580601,12,15301.65545,diamond_ore
98.13,13,15304.725461,diamond_ore
104.190601,12,15307.990258,diamond_ore
102.771489,13,15311.209986,diamond_ore
85.840562,21,15315.121268,diamond_ore
108.87,8,15318.518166,diamond_ore
107.717922,9,15321.704103,diamond_ore
99.4,10,15325.060108,diamond_ore
94.715217,17,15329.997484,diamond_ore
101.63,12,15333.187011,diamond_ore
91.706884,18,15337.71781,diamond_ore
103.05,10,15340.713204,diamond_ore
96.46,15,15346.085115,diamond_ore
107.0,5,15348.837477,diamond_ore
104.11,10,15351.968648,diamond_ore
108.48,7,15355.681116,diamond_ore
105.68,9,15359.075281,diamond_ore
108.27,8,15362.649294,diamond_ore
108.87,8,15365.888788,diamond_ore
99.241405,14,15369.379318,diamond_ore
105.913442,10,15373.001694,diamond_ore
107.828127,9,15375.870981,diamond_ore
98.57,14,15379.141631,diamond_ore
101.707655,12,15382.431095,diamond_ore
104.24,11,15385.794178,diamond_ore
104.59,11,15389.194659,diamond_ore
107.27,8,15393.029863,diamond_ore
105.29,6,15396.425438,diamond_ore
103.95,10,15400.402225,diamond_ore
78.932316,25,15404.425487,diamond_ore
103.99,11,15407.618422,diamond_ore
93.335217,16,15410.800707,diamond_ore
106.58,8,15413.868691,diamond_ore
107.22,8,15417.256663,diamond_ore
108.69,7,15420.100106,diamond_ore
74.44278,29,15424.610251,diamond_ore
103.27,8,15427.828634,diamond_ore
105.241569,11,15431.204538,diamond_ore
93.380729,18,15436.574573,diamond_ore
95.011219,16,15440.179029,diamond_ore
97.15372,17,15443.640661,diamond_ore
104.65,10,15447.764151,diamond_ore
90.740927,17,15451.606807,diamond_ore
87.560927,20,15455.379861,diamond_ore
104.59,11,15458.512664,diamond_ore
108.87,8,15462.726226,diamond_ore
88.66,15,15466.058452,diamond_ore
106.8,5,15468.961416,diamond_ore
107.42,8,15472.291171,diamond_ore
102.95,10,15475.357462,diamond_ore
81.190562,25,15479.160945,diamond_ore
84.450927,21,15482.838868,diamond_ore
72.921539,30,15487.997389,diamond_ore
105.143442,10,15491.399002,diamond_ore
100.03,13,15495.518251,diamond_ore
104.088127,12,15498.761788,diamond_ore
106.37,8,15502.053865,diamond_ore
110.24,6,15506.018404,diamond_ore
108.73,7,15510.554187,diamond_ore
101.29,12,15513.692243,diamond_ore
98.16,14,15517.9368,diamond_ore
108.798145,9,15521.991848,diamond_ore
98.58,12,15525.306151,diamond_ore
83.93,22,15529.776373,diamond_ore
104.94,6,15534.101093,diamond_ore
102.06,9,15537.445372,diamond_ore
103.94,11,15540.559484,diamond_ore
101.738145,10,15544.761929,diamond_ore
96.783913,13,15547.611166,diamond_ore
104.65,10,15550.816773,diamond_ore
87.54,21,15554.376655,diamond_ore
101.89,11,15557.322503,diamond_ore
95.45,15,15560.994081,diamond_ore
112.980492,5,15564.388787,diamond_ore
81.690612,23,15569.247856,diamond_ore
107.06,9,15572.497657,diamond_ore
88.76335,19,15576.347014,diamond_ore
67.26,31,15580.807967,diamond_ore
98.664214,14,15585.102849,diamond_ore
90.690362,20,15589.829894,diamond_ore
92.765217,17,15594.362108,diamond_ore
90.421853,20,15598.763873,diamond_ore
90.101528,17,15603.198216,diamond_ore
107.17,8,15606.129668,diamond_ore
102.69,11,15609.011582,diamond_ore
105.06,9,15613.065668,diamond_ore
106.22,8,15616.230583,diamond_ore
108.54,7,15619.0387,diamond_ore
96.03,12,15622.416496,diamond_ore
91.615217,17,15626.152907,diamond_ore
95.85,15,15630.494853,diamond_ore
103.188127,12,15633.713369,diamond_ore
95.133413,17,15637.343433,diamond_ore
101.850039,12,15640.725918,diamond_ore
103.63,12,15644.060494,diamond_ore
106.262994,9,15648.310796,diamond_ore
110.44,6,15652.14538,diamond_ore
110.44,6,15655.323941,diamond_ore
93.03,17,15659.981736,diamond_ore
101.58,12,15663.056447,diamond_ore
98.86,14,15666.443552,diamond_ore
104.35,10,15669.851797,diamond_ore
87.29,21,15673.643678,diamond_ore
98.29358,14,15676.980612,diamond_ore
73.810039,25,15681.954062,diamond_ore
87.241219,17,15685.557582,diamond_ore
84.171489,23,15689.920793,diamond_ore
111.76,5,15692.665481,diamond_ore
102.27,8,15695.644669,diamond_ore
107.0,5,15698.559846,diamond_ore
94.213914,16,15702.178032,diamond_ore
103.050612,12,15705.771411,diamond_ore
106.46,9,15709.243743,diamond_ore
84.57,23,15714.7125,diamond_ore
104.598145,10,15718.760553,diamond_ore
70.381405,35,15724.880164,diamond_ore
95.14,16,15728.137284,diamond_ore
105.49,11,15731.581702,diamond_ore
99.227655,10,15734.792214,diamond_ore
105.66,9,15738.06417,diamond_ore
108.73,7,15741.090757,diamond_ore
103.35,10,15745.282996,diamond_ore
86.552583,21,15748.799762,diamond_ore
102.108874,13,15752.368198,diamond_ore
96.19,11,15755.689041,diamond_ore
102.74,11,15760.560134,diamond_ore
107.37,8,15763.871758,diamond_ore
108.69,7,15766.802831,diamond_ore
99.899733,14,15770.488122,diamond_ore
108.87,8,15773.588384,diamond_ore
83.461444,24,15777.552847,diamond_ore
78.932331,26,15781.733912,diamond_ore
104.347922,11,15784.873346,diamond_ore
67.73,32,15789.787692,diamond_ore
99.32,13,15793.190341,diamond_ore
105.57,9,15796.492622,diamond_ore
108.93,7,15802.096697,diamond_ore
103.440239,13,15805.441845,diamond_ore
91.350472,14,15809.900151,diamond_ore
98.680472,10,15812.947257,diamond_ore
74.464863,29,15819.473779,diamond_ore
106.82,8,15822.575027,diamond_ore
103.99,11,15826.903616,diamond_ore
101.22,13,15830.497272,diamond_ore
45.780228,42,15836.644361,diamond_ore
91.374978,20,15841.76379,diamond_ore
108.69,7,15844.883409,diamond_ore
91.88,17,15848.581862,diamond_ore
107.0,5,15851.794956,diamond_ore
98.677655,15,15855.095214,diamond_ore
102.99,11,15858.32112,diamond_ore
101.378145,11,15863.657825,diamond_ore
98.079973,15,15866.670989,diamond_ore
99.46,9,15869.66278,diamond_ore
101.346707,11,15874.092099,diamond_ore
110.25,6,15877.003982,diamond_ore
102.49,11,15880.839802,diamond_ore
110.44,6,15883.791517,diamond_ore
102.028145,11,15888.025875,diamond_ore
101.87069,13,15891.234948,diamond_ore
104.936641,12,15894.818182,diamond_ore
94.65,15,15897.677703,diamond_ore
93.850562,14,15901.234396,diamond_ore
83.71,19,15905.408989,diamond_ore
110.24,6,15908.774952,diamond_ore
107.17,8,15913.295025,diamond_ore
108.48,7,15916.159931,diamond_ore
105.67,8,15920.092836,diamond_ore
108.68,7,15924.992475,diamond_ore
104.1,10,15929.314647,diamond_ore
78.66069,23,15933.160665,diamond_ore
85.28,22,15937.312233,diamond_ore
101.447777,12,15940.967853,diamond_ore
101.120205,13,15944.42329,diamond_ore
98.020039,14,15949.371525,diamond_ore
80.07,24,15952.870257,diamond_ore
108.87,8,15957.83587,diamond_ore
102.498127,12,15962.129812,diamond_ore
86.581489,22,15966.086507,diamond_ore
105.256668,11,15970.433194,diamond_ore
97.277141,15,15974.013065,diamond_ore
67.88,38,15980.62569,diamond_ore
106.37,8,15984.579344,diamond_ore
103.89,6,15987.528041,diamond_ore
106.77,8,15991.659259,diamond_ore
104.64,6,15995.135676,diamond_ore
108.73,7,15998.425186,diamond_ore
108.54,7,16002.468703,diamond_ore
108.57,8,16006.157172,diamond_ore
101.428835,10,16009.632033,diamond_ore
107.153442,9,16012.980361,diamond_ore
100.173847,13,16016.561412,diamond_ore
92.68,17,16020.126426,diamond_ore
103.29,12,16023.282848,diamond_ore
100.367355,14,16027.759332,diamond_ore
93.962485,15,16032.827166,diamond_ore
107.248145,10,16037.136454,diamond_ore
108.73,7,16040.20203,diamond_ore
108.95,7,16044.11206,diamond_ore
109.58,7,16047.192046,diamond_ore
105.96,9,16050.635866,diamond_ore
95.780622,18,16054.630898,diamond_ore
106.12,9,16057.750274,diamond_ore
86.562218,19,16063.388133,diamond_ore
107.36,9,16066.820604,diamond_ore
96.95,15,16070.059698,diamond_ore
104.49,6,16073.369397,diamond_ore
111.75,5,16077.540222,diamond_ore
108.93,7,16082.160603,diamond_ore
97.36,14,16085.53232,diamond_ore
98.368874,12,16089.659946,diamond_ore
94.323361,16,16093.174012,diamond_ore
99.7,10,16096.77624,diamond_ore
103.222218,13,16100.530235,diamond_ore
100.533343,11,16105.6075,diamond_ore
92.369436,16,16110.333661,diamond_ore
106.887655,9,16114.620364,diamond_ore
86.694999,23,16119.614611,diamond_ore
100.87,8,16122.596985,diamond_ore
105.56,9,16126.707158,diamond_ore
108.73,7,16130.246749,diamond_ore
68.971394,45,16137.013275,diamond_ore
88.244806,20,16140.854877,diamond_ore
96.03,12,16144.462502,diamond_ore
106.8,5,16148.559345,diamond_ore
97.51,14,16151.94599,diamond_ore
104.05,10,16155.274292,diamond_ore
100.6,10,16159.509453,diamond_ore
89.650039,21,16163.791878,diamond_ore
85.76,19,16167.72628,diamond_ore
94.14,16,16170.979257,diamond_ore
106.527655,10,16174.914147,diamond_ore
102.250039,12,16178.20478,diamond_ore
101.9,11,16181.37692,diamond_ore
106.282994,9,16184.419272,diamond_ore
103.95,10,16188.543874,diamond_ore
89.440039,17,16192.840368,diamond_ore
84.050612,21,16196.820691,diamond_ore
100.08,13,16201.135464,diamond_ore
108.87,8,16204.509754,diamond_ore
71.148184,35,16211.650319,diamond_ore
107.36,9,16215.165353,diamond_ore
91.933913,18,16219.279547,diamond_ore
103.381569,12,16223.886573,diamond_ore
102.193361,13,16227.378144,diamond_ore
110.26,6,16231.992693,diamond_ore
110.24,6,16235.216122,diamond_ore
99.67,13,16238.515096,diamond_ore
106.457922,10,16241.869402,diamond_ore
105.25,10,16244.968253,diamond_ore
105.651569,11,16249.485419,diamond_ore
105.82,9,16253.386918,diamond_ore
70.431405,30,16258.823909,diamond_ore
110.24,6,16261.944627,diamond_ore
93.461405,17,16265.380127,diamond_ore
100.87,13,16269.838821,diamond_ore
103.928145,11,16273.071955,diamond_ore
104.92,8,16276.025767,diamond_ore
102.09,11,16279.247968,diamond_ore
93.28,17,16282.793385,diamond_ore
99.4,10,16286.161396,diamond_ore
108.0695,9,16289.423136,diamond_ore
106.61,9,16292.29366,diamond_ore
98.653442,14,16295.680934,diamond_ore
101.69,11,16299.014867,diamond_ore
76.421364,28,16304.465889,diamond_ore
105.09506,12,16308.152874,diamond_ore
91.6,17,16312.231142,diamond_ore
100.001097,13,16315.794413,diamond_ore
107.18,8,16318.851838,diamond_ore
102.74,11,16322.947824,diamond_ore
104.0,10,16327.038364,diamond_ore
90.451569,20,16330.730953,diamond_ore
98.49,11,16334.776352,diamond_ore
104.1,10,16338.574685,diamond_ore
107.0,5,16342.460034,diamond_ore
108.28,7,16346.731459,diamond_ore
105.06,9,16349.615465,diamond_ore
95.44,16,16353.108908,diamond_ore
77.440039,27,16357.309827,diamond_ore
71.69,41,16362.692709,diamond_ore
108.57,8,16367.227974,diamond_ore
98.55,10,16371.182076,diamond_ore
91.84409,18,16376.222836,diamond_ore
103.74,11,16379.612691,diamond_ore
103.27,8,16382.74278,diamond_ore
100.67,9,16385.741749,diamond_ore
108.73,7,16390.480391,diamond_ore
108.48,8,16394.590758,diamond_ore
108.73,7,16397.891564,diamond_ore
103.49,11,16401.364077,diamond_ore
98.5995,14,16405.195837,diamond_ore
67.573913,44,16410.998205,diamond_ore
78.510612,25,16416.323146,diamond_ore
86.596106,21,16421.21439,diamond_ore
106.686796,11,16424.79079,diamond_ore
110.2,6,16428.826121,diamond_ore
110.24,6,16432.896239,diamond_ore
104.92,9,16436.299802,diamond_ore
97.07,14,16439.616618,diamond_ore
97.92,14,16444.022476,diamond_ore
70.757511,28,16448.190731,diamond_ore
106.020205,9,16452.387186,diamond_ore
92.920078,15,16456.037625,diamond_ore
99.54069,10,16460.560054,diamond_ore
103.085256,12,16464.976978,diamond_ore
99.806668,14,16469.34387,diamond_ore
99.151528,16,16474.625331,diamond_ore
106.47,8,16477.738742,diamond_ore
109.59,6,16480.746885,diamond_ore
108.75,7,16483.82342,diamond_ore
104.1,10,16487.168027,diamond_ore
108.7,7,16491.254232,diamond_ore
110.2,6,16494.295686,diamond_ore
105.603442,10,16498.228878,diamond_ore
75.162331,28,16502.995778,diamond_ore
103.2,10,16507.346167,diamond_ore
94.102316,14,16510.559679,diamond_ore
99.54069,10,16514.028818,diamond_ore
107.14069,10,16518.711105,diamond_ore
91.495256,15,16522.529797,diamond_ore
91.538874,15,16526.273922,diamond_ore
100.288835,14,16529.671128,diamond_ore
98.87,13,16532.850356,diamond_ore
110.24,6,16535.942817,diamond_ore
110.44,6,16539.8319,diamond_ore
107.717922,9,16544.272275,diamond_ore
98.413913,15,16547.945493,diamond_ore
102.43,12,16552.106214,diamond_ore
99.55,10,16556.542801,diamond_ore
106.898366,10,16561.010055,diamond_ore
104.278145,11,16565.511759,diamond_ore
104.3,10,16568.744053,diamond_ore
105.81,9,16572.78392,diamond_ore
106.62,8,16576.947397,diamond_ore
103.946106,11,16580.123765,diamond_ore
105.298127,11,16584.338495,diamond_ore
89.254949,20,16588.215042,diamond_ore
106.97,8,16591.574649,diamond_ore
93.25,16,16594.939245,diamond_ore
102.14,11,16598.130117,diamond_ore
81.020067,25,16602.331996,diamond_ore
98.976707,15,16606.095387,diamond_ore
71.894955,35,16610.928972,diamond_ore
97.5,15,16614.253085,diamond_ore
99.54069,10,16620.192354,diamond_ore
104.307922,12,16623.605941,diamond_ore
105.66,9,16626.767278,diamond_ore
109.53,7,16629.695372,diamond_ore
108.73,7,16632.812747,diamond_ore
103.078145,11,16637.995638,diamond_ore
101.841528,13,16642.601398,diamond_ore
103.346106,11,16645.967254,diamond_ore
103.930472,10,16650.057657,diamond_ore
104.227922,8,16653.235028,diamond_ore
100.68,12,16656.813106,diamond_ore
108.53,7,16659.741217,diamond_ore
103.95,10,16664.916148,diamond_ore
108.73,7,16669.416074,diamond_ore
105.011364,11,16673.635476,diamond_ore
103.74,11,16677.332022,diamond_ore
94.91,15,16681.767985,diamond_ore
97.184813,15,16685.341105,diamond_ore
106.528835,10,16689.721999,diamond_ore
100.457655,12,16693.270941,diamond_ore
89.761617,19,16698.044237,diamond_ore
99.93,13,16700.990499,diamond_ore
102.929346,14,16704.962533,diamond_ore
75.770612,29,16709.126392,diamond_ore
94.349054,17,16714.152214,diamond_ore
101.048874,14,16718.006767,diamond_ore
103.98,7,16721.122355,diamond_ore
110.24,6,16724.44956,diamond_ore
105.86,9,16727.456324,diamond_ore
89.41,19,16732.181362,diamond_ore
100.98,12,16735.60587,diamond_ore
92.070433,17,16740.59115,diamond_ore
107.153442,9,16744.202694,diamond_ore
99.78,13,16747.494782,diamond_ore
100.01,14,16751.013851,diamond_ore
103.45,10,16755.316924,diamond_ore
110.25,6,16758.03946,diamond_ore
103.142994,11,16761.335416,diamond_ore
83.824214,22,16764.913872,diamond_ore
71.071617,30,16769.286787,diamond_ore
96.65,15,16772.5122,diamond_ore
107.37,8,16776.504303,diamond_ore
104.69,6,16779.781744,diamond_ore
110.39,6,16783.650386,diamond_ore
101.88,12,16786.958606,diamond_ore
106.137655,10,16790.063384,diamond_ore
92.121424,19,16793.542539,diamond_ore
106.82,8,16796.785535,diamond_ore
105.01,9,16801.147738,diamond_ore
97.823361,15,16805.544692,diamond_ore
106.8,5,16809.626321,diamond_ore
106.53,8,16812.480914,diamond_ore
107.22,8,16816.714082,diamond_ore
81.827395,25,16823.417005,diamond_ore
105.441569,11,16827.684348,diamond_ore
105.25,10,16830.963413,diamond_ore
97.9,15,16835.572363,diamond_ore
92.88,17,16838.734429,diamond_ore
103.63,12,16842.916541,diamond_ore
103.078145,11,16847.607627,diamond_ore
92.621405,17,16852.141155,diamond_ore
99.600472,13,16855.477737,diamond_ore
110.24,6,16859.607829,diamond_ore
103.2,10,16863.767853,diamond_ore
106.48,8,16867.562427,diamond_ore
103.21,9,16870.713418,diamond_ore
81.26,24,16876.222692,diamond_ore
101.853361,12,16880.42038,diamond_ore
98.291605,15,16885.114757,diamond_ore
97.61,14,16888.27628,diamond_ore
95.708811,13,16891.992416,diamond_ore
104.77,9,16895.063064,diamond_ore
110.26,6,16900.648979,diamond_ore
89.87,18,16904.634411,diamond_ore
90.46,14,16910.410622,diamond_ore
84.662933,23,16914.411187,diamond_ore
102.641528,13,16919.092851,diamond_ore
100.06,9,16922.325754,diamond_ore
78.092842,29,16926.464431,diamond_ore
101.158145,13,16930.042513,diamond_ore
106.62,8,16934.170379,diamond_ore
107.18,8,16937.257409,diamond_ore
108.53,7,16941.231456,diamond_ore
109.64,6,16944.318723,diamond_ore
106.57,8,16947.574871,diamond_ore
104.05,10,16950.698376,diamond_ore
94.22069,13,16955.939605,diamond_ore
104.6,10,16959.054672,diamond_ore
99.845217,14,16962.414744,diamond_ore
94.763175,15,16966.353759,diamond_ore
105.808127,10,16970.684946,diamond_ore
103.14,11,16974.170448,diamond_ore
106.398145,10,16978.361201,diamond_ore
92.880679,15,16983.358681,diamond_ore
105.705809,12,16986.554612,diamond_ore
101.508835,13,16991.11999,diamond_ore
88.9,20,16994.763836,diamond_ore
75.43,27,16999.21299,diamond_ore
105.81,9,17003.527315,diamond_ore
108.73,7,17006.572507,diamond_ore
102.8,10,17010.626099,diamond_ore
84.7,10,17014.883346,diamond_ore
91.517922,19,17019.677719,diamond_ore
96.65,15,17024.001525,diamond_ore
71.300612,32,17030.573881,diamond_ore
97.62,13,17034.111487,diamond_ore
104.99069,11,17038.37187,diamond_ore
106.13,8,17042.103525,diamond_ore
104.05,10,17045.962857,diamond_ore
107.17,8,17049.381395,diamond_ore
81.686668,26,17053.592655,diamond_ore
102.34,11,17056.707484,diamond_ore
102.954944,13,17061.086044,diamond_ore
107.18,8,17064.557357,diamond_ore
110.44,6,17067.521836,diamond_ore
104.31,9,17070.633568,diamond_ore
90.320562,17,17074.577776,diamond_ore
79.116422,27,17079.831749,diamond_ore
93.78,17,17084.899168,diamond_ore
106.060205,10,17089.184921,diamond_ore
98.55,10,17094.542914,diamond_ore
101.76,9,17098.893887,diamond_ore
110.670492,6,17103.060304,diamond_ore
104.1,10,17106.39478,diamond_ore
107.13,8,17110.306258,diamond_ore
93.271405,17,17114.135937,diamond_ore
101.676436,12,17117.511376,diamond_ore
77.219989,27,17122.928125,diamond_ore
93.58,17,17128.095166,diamond_ore
105.49,6,17132.080961,diamond_ore
105.82,8,17136.199409,diamond_ore
97.9,10,17139.413699,diamond_ore
77.379519,28,17144.398471,diamond_ore
102.99,11,17148.823915,diamond_ore
97.7,15,17152.228425,diamond_ore
105.205256,11,17157.724474,diamond_ore
108.57,8,17160.877138,diamond_ore
81.4,20,17165.799145,diamond_ore
85.687033,23,17169.463742,diamond_ore
94.59,16,17173.119258,diamond_ore
106.76,9,17177.397374,diamond_ore
92.98,18,17181.752368,diamond_ore
99.558145,13,17185.445597,diamond_ore
108.47,8,17189.973274,diamond_ore
105.0,10,17194.330988,diamond_ore
95.62,13,17198.449764,diamond_ore
91.338145,15,17203.020294,diamond_ore
105.085217,10,17206.031387,diamond_ore
97.45,10,17210.300418,diamond_ore
108.94,7,17214.132371,diamond_ore
107.22,8,17218.149319,diamond_ore
108.29,7,17222.212525,diamond_ore
70.711853,36,17226.84899,diamond_ore
98.22,14,17231.920395,diamond_ore
89.240612,17,17236.903142,diamond_ore
107.02,8,17241.154024,diamond_ore
106.92,9,17244.792986,diamond_ore
108.64,7,17247.62544,diamond_ore
99.4,10,17250.81303,diamond_ore
101.923442,12,17255.047947,diamond_ore
97.140927,12,17258.432923,diamond_ore
82.431967,24,17262.984448,diamond_ore
43.61,39,17267.685607,diamond_ore
98.625217,11,17271.246955,diamond_ore
97.802331,14,17275.96028,diamond_ore
87.108874,18,17280.02868,diamond_ore
104.65,10,17284.545211,diamond_ore
108.798145,9,17289.762386,diamond_ore
86.048145,19,17295.751171,diamond_ore
83.052218,25,17300.980284,diamond_ore
107.0,5,17303.746981,diamond_ore
108.93,7,17308.510362,diamond_ore
103.33,7,17312.538584,diamond_ore
106.42,8,17316.613581,diamond_ore
110.24,6,17320.666531,diamond_ore
107.0,5,17324.746971,diamond_ore
103.217655,11,17328.133884,diamond_ore
96.044845,18,17332.215046,diamond_ore
96.48069,16,17337.297143,diamond_ore
104.141424,12,17340.920084,diamond_ore
92.311405,18,17344.620182,diamond_ore
106.238835,10,17348.102931,diamond_ore
100.426106,13,17354.012531,diamond_ore
106.57,8,17358.414005,diamond_ore
87.35,5,17361.42958,diamond_ore
94.745217,16,17366.691345,diamond_ore
102.12,13,17370.979626,diamond_ore
99.18069,11,17375.179574,diamond_ore
99.48,13,17379.655257,diamond_ore
87.561539,21,17384.653901,diamond_ore
73.58627,34,17389.700212,diamond_ore
108.69,7,17393.870157,diamond_ore
108.93,7,17397.367979,diamond_ore
106.82,8,17401.660372,diamond_ore
94.73728,18,17406.318531,diamond_ore
108.87,8,17409.681139,diamond_ore
97.24,11,17413.994452,diamond_ore
98.986106,13,17418.464324,diamond_ore
103.275217,11,17422.528175,diamond_ore
96.24,16,17427.308226,diamond_ore
81.25,20,17430.937332,diamond_ore
103.543413,11,17434.511427,diamond_ore
92.136106,18,17439.043361,diamond_ore
98.441528,12,17442.649928,diamond_ore
85.720472,21,17446.300187,diamond_ore
68.637548,44,17451.126269,diamond_ore
104.3,10,17456.444626,diamond_ore
106.91,9,17460.854603,diamond_ore
103.78,7,17464.146021,diamond_ore
104.1,10,17468.343872,diamond_ore
108.1,7,17471.106353,diamond_ore
107.32,8,17474.257027,diamond_ore
92.151961,19,17479.40163,diamond_ore
108.798145,9,17482.926605,diamond_ore
107.61,9,17486.074728,diamond_ore
95.062253,17,17490.028318,diamond_ore
90.56,14,17494.474601,diamond_ore
99.170039,14,17497.720206,diamond_ore
103.35,11,17502.088498,diamond_ore
100.29,12,17505.501178,diamond_ore
101.34,11,17509.82887,diamond_ore
106.069973,10,17515.680293,diamond_ore
83.509039,25,17521.208072,diamond_ore
102.161569,14,17524.678362,diamond_ore
102.7,10,17528.717706,diamond_ore
108.93,7,17531.78725,diamond_ore
108.73,7,17536.289784,diamond_ore
99.53,12,17540.61441,diamond_ore
104.3,10,17544.665507,diamond_ore
105.82,8,17548.913709,diamond_ore
81.490612,22,17552.895555,diamond_ore
92.12,18,17557.792786,diamond_ore
105.2,10,17562.052757,diamond_ore
84.324661,23,17565.868694,diamond_ore
103.928145,11,17569.195849,diamond_ore
105.25,10,17573.610952,diamond_ore
100.0,10,17577.884193,diamond_ore
87.14,21,17582.630898,diamond_ore
96.677655,15,17587.44364,diamond_ore
96.44,11,17591.899601,diamond_ore
102.096106,12,17595.325331,diamond_ore
103.435256,11,17598.907486,diamond_ore
110.44,6,17602.013299,diamond_ore
104.86,9,17606.62136,diamond_ore
107.37,8,17609.8779,diamond_ore
66.51,34,17615.200581,diamond_ore
89.01,19,17619.912525,diamond_ore
101.88,12,17624.349162,diamond_ore
107.12,8,17628.166647,diamond_ore
104.77,9,17632.432259,diamond_ore
109.98,7,17636.716797,diamond_ore
104.95,10,17641.039427,diamond_ore
93.840729,16,17645.797846,diamond_ore
45.183258,43,17652.610959,diamond_ore
106.38,8,17657.571851,diamond_ore
107.37,8,17660.891906,diamond_ore
105.82,8,17663.68219,diamond_ore
78.041489,26,17667.839547,diamond_ore
99.316796,13,17672.119977,diamond_ore
95.44,16,17676.728718,diamond_ore
100.98,12,17680.386961,diamond_ore
100.451528,11,17684.874916,diamond_ore
100.540601,11,17688.558738,diamond_ore
107.0,5,17691.63063,diamond_ore
107.02,8,17696.102634,diamond_ore
107.17,8,17701.354062,diamond_ore
95.6,16,17705.908005,diamond_ore
100.0,10,17710.604047,diamond_ore
71.478339,33,17714.903162,diamond_ore
98.118581,12,17719.635695,diamond_ore
102.490205,12,17724.301755,diamond_ore
105.19,11,17727.995866,diamond_ore
99.4,10,17731.203713,diamond_ore
99.680039,13,17735.532717,diamond_ore
101.34,11,17740.854505,diamond_ore
103.828874,12,17746.903582,diamond_ore
98.831569,12,17750.340626,diamond_ore
104.95,10,17754.6957,diamond_ore
108.68,7,17759.218574,diamond_ore
100.07,8,17762.202915,diamond_ore
107.37,8,17765.230394,diamond_ore
84.607397,24,17769.53777,diamond_ore
70.960205,34,17774.393038,diamond_ore
93.581266,19,17778.331598,diamond_ore
101.33,12,17782.309241,diamond_ore
89.65,20,17786.151724,diamond_ore
85.301219,23,17790.353146,diamond_ore
91.12,18,17795.100804,diamond_ore
103.35,10,17798.629154,diamond_ore
105.66,9,17802.90007,diamond_ore
102.95,10,17807.212404,diamond_ore
111.76,5,17809.932003,diamond_ore
105.49,6,17813.729544,diamond_ore
101.76,9,17817.962931,diamond_ore
97.9,10,17822.120293,diamond_ore
97.75,10,17826.169039,diamond_ore
103.2,10,17830.364018,diamond_ore
99.175217,11,17834.898221,diamond_ore
93.14,16,17839.746283,diamond_ore
110.24,6,17843.930259,diamond_ore
101.75,11,17847.028093,diamond_ore
107.39,8,17851.178579,diamond_ore
104.590205,11,17855.347215,diamond_ore
103.170472,11,17858.902765,diamond_ore
96.41,14,17863.014981,diamond_ore
85.71,19,17868.098757,diamond_ore
77.023258,28,17873.667892,diamond_ore
103.078145,11,17878.171331,diamond_ore
50.64327,31,17882.830779,diamond_ore
98.22,14,17886.274376,diamond_ore
109.527922,8,17890.841905,diamond_ore
88.921252,21,17895.919675,diamond_ore
98.21,14,17899.698596,diamond_ore
97.01,14,17904.247245,diamond_ore
95.662146,16,17907.888252,diamond_ore
103.18,7,17910.988291,diamond_ore
103.35,10,17914.164948,diamond_ore
63.100729,40,17920.728892,diamond_ore
69.500612,31,17925.960175,diamond_ore
79.650562,25,17929.512015,diamond_ore
72.099141,27,17933.551016,diamond_ore
95.88,12,17936.941226,diamond_ore
99.67,13,17941.701879,diamond_ore
108.75,7,17946.209359,diamond_ore
107.37,8,17950.493554,diamond_ore
106.57,8,17953.548936,diamond_ore
101.84,11,17957.503877,diamond_ore
92.586106,17,17962.523798,diamond_ore
105.01,9,17966.931725,diamond_ore
101.82,13,17970.059187,diamond_ore
106.137656,10,17974.481032,diamond_ore
96.18,12,17979.477833,diamond_ore
98.55,10,17982.790597,diamond_ore
100.938145,10,17987.465466,diamond_ore
101.681364,13,17990.849011,diamond_ore
96.09,11,17995.211107,diamond_ore
107.13,8,18000.743127,diamond_ore
110.24,6,18004.829776,diamond_ore
51.106796,24,18010.676036,diamond_ore
99.35,10,18015.025752,diamond_ore
93.136718,19,18019.424334,diamond_ore
78.501853,27,18023.731191,diamond_ore
106.658145,10,18027.267229,diamond_ore
88.460927,20,18031.779624,diamond_ore
85.038127,22,18036.37071,diamond_ore
99.35,10,18040.4949,diamond_ore
104.168145,12,18044.861269,diamond_ore
105.81,9,18047.681425,diamond_ore
105.06,9,18051.880234,diamond_ore
110.24,6,18056.064617,diamond_ore
94.662893,18,18061.16891,diamond_ore
98.74,11,18064.669311,diamond_ore
105.567922,10,18068.767682,diamond_ore
105.82,9,18073.256575,diamond_ore
103.55,10,18076.999406,diamond_ore
106.57,8,18080.867527,diamond_ore
102.426625,11,18084.30452,diamond_ore
71.451405,29,18088.637551,diamond_ore
88.230876,21,18093.66845,diamond_ore
98.763913,10,18096.866299,diamond_ore
92.426718,19,18100.711864,diamond_ore
103.14,11,18104.152243,diamond_ore
94.05069,14,18108.615132,diamond_ore
88.23,17,18113.280088,diamond_ore
84.17409,20,18117.516233,diamond_ore
98.16,14,18121.700278,diamond_ore
102.227922,13,18126.033805,diamond_ore
97.744277,17,18131.137248,diamond_ore
100.59,11,18134.609665,diamond_ore
110.24,6,18138.746385,diamond_ore
107.37,8,18143.73743,diamond_ore
84.74,21,18149.095476,diamond_ore
108.93,7,18153.532385,diamond_ore
106.96,9,18157.91442,diamond_ore
96.65,15,18161.387872,diamond_ore
81.150927,21,18166.501884,diamond_ore
104.65,10,18170.625485,diamond_ore
101.33,12,18175.813708,diamond_ore
82.73,22,18180.849495,diamond_ore
70.194214,40,18187.527609,diamond_ore
91.247288,19,18192.22112,diamond_ore
99.59,11,18195.884069,diamond_ore
71.000612,31,18200.933839,diamond_ore
101.79,11,18205.072696,diamond_ore
110.44,6,18209.36769,diamond_ore
105.62,9,18213.434944,diamond_ore
105.03069,11,18217.818429,diamond_ore
88.79,16,18222.715672,diamond_ore
103.2,10,18226.038891,diamond_ore
103.418835,12,18230.710958,diamond_ore
96.63,12,18234.230994,diamond_ore
85.611489,19,18239.700793,diamond_ore
108.88,7,18243.817924,diamond_ore
97.45,10,18247.138477,diamond_ore
103.3,10,18250.507954,diamond_ore
100.715217,13,18254.602995,diamond_ore
89.900612,16,18259.661365,diamond_ore
101.82,13,18263.035509,diamond_ore
72.05,36,18268.374651,diamond_ore
110.24,6,18272.888483,diamond_ore
107.13,8,18276.152456,diamond_ore
103.778145,11,18281.048009,diamond_ore
91.7,15,18286.034099,diamond_ore
75.796629,29,18292.316275,diamond_ore
103.248145,9,18295.666126,diamond_ore
108.798145,9,18300.996863,diamond_ore
101.03,12,18304.523809,diamond_ore
89.34,16,18307.903413,diamond_ore
107.24,7,18311.696309,diamond_ore
87.15,5,18315.796596,diamond_ore
86.71069,18,18320.685739,diamond_ore
99.86069,13,18323.89796,diamond_ore
98.03069,11,18329.681212,diamond_ore
85.257655,22,18334.730178,diamond_ore
99.76,9,18339.009222,diamond_ore
70.660612,30,18343.90201,diamond_ore
107.22,8,18347.949785,diamond_ore
106.8,5,18352.753823,diamond_ore
108.88,7,18355.716674,diamond_ore
99.690039,13,18360.573891,diamond_ore
99.973847,14,18364.10819,diamond_ore
103.793913,12,18368.52903,diamond_ore
99.038874,15,18372.585443,diamond_ore
108.111364,9,18377.229001,diamond_ore
96.611364,15,18380.698554,diamond_ore
105.81,9,18384.058734,diamond_ore
105.49,6,18387.156994,diamond_ore
105.66,9,18391.634938,diamond_ore
87.131489,22,18396.56866,diamond_ore
95.076436,17,18400.00269,diamond_ore
94.34,16,18404.637141,diamond_ore
94.85,15,18408.8202,diamond_ore
104.987288,11,18413.022679,diamond_ore
71.448849,32,18418.568691,diamond_ore
105.217655,11,18422.95282,diamond_ore
99.003442,14,18426.83281,diamond_ore
100.17,14,18431.540013,diamond_ore
110.2,6,18434.574614,diamond_ore
104.3,10,18440.265215,diamond_ore
108.73,7,18443.490119,diamond_ore
103.080205,12,18447.070368,diamond_ore
77.239059,27,18452.5183,diamond_ore
99.71,14,18456.212906,diamond_ore
110.44,6,18460.365628,diamond_ore
108.68,7,18464.799179,diamond_ore
107.33,8,18468.133191,diamond_ore
71.722624,37,18473.919096,diamond_ore
89.810039,20,18478.936058,diamond_ore
100.62,13,18483.76677,diamond_ore
73.101605,30,18490.258752,diamond_ore
96.95,15,18494.08849,diamond_ore
71.483913,64,18502.040797,diamond_ore
107.0,5,18505.232437,diamond_ore
108.711097,7,18509.434251,diamond_ore
107.0,5,18513.602385,diamond_ore
104.46452,9,18517.835984,diamond_ore
95.806718,16,18522.411967,diamond_ore
104.65,10,18526.533988,diamond_ore
94.724661,18,18531.553803,diamond_ore
99.97,13,18536.149994,diamond_ore
86.962006,22,18541.072442,diamond_ore
99.1,10,18545.403964,diamond_ore
101.68,12,18549.989993,diamond_ore
90.660612,15,18554.941322,diamond_ore
101.296436,10,18559.202478,diamond_ore
99.86069,13,18563.619831,diamond_ore
102.470729,13,18567.931913,diamond_ore
107.0,5,18571.854156,diamond_ore
105.49,6,18575.948942,diamond_ore
103.09,11,18579.124216,diamond_ore
108.69,7,18583.074352,diamond_ore
104.05,10,18587.519835,diamond_ore
110.24,6,18591.038491,diamond_ore
96.05,15,18596.602515,diamond_ore
107.153442,9,18601.094413,diamond_ore
72.101489,30,18605.41827,diamond_ore
99.550679,14,18610.891394,diamond_ore
101.03,12,18613.918263,diamond_ore
101.648835,13,18618.371291,diamond_ore
100.720601,13,18622.390069,diamond_ore
104.65,10,18625.977913,diamond_ore
88.38,18,18629.495781,diamond_ore
102.73,12,18632.834164,diamond_ore
96.08,12,18636.933307,diamond_ore
93.399633,19,18641.653264,diamond_ore
110.24,6,18646.163847,diamond_ore
103.55,10,18650.456152,diamond_ore
107.0,5,18653.168874,diamond_ore
101.39,11,18656.660053,diamond_ore
89.004317,19,18662.36432,diamond_ore
86.306786,23,18667.554535,diamond_ore
99.900927,11,18670.969082,diamond_ore
95.610362,18,18674.971358,diamond_ore
101.88,12,18679.292154,diamond_ore
107.37,8,18683.133092,diamond_ore
104.3,10,18687.637886,diamond_ore
103.98,7,18691.349358,diamond_ore
107.22,8,18695.601126,diamond_ore
106.11,9,18699.66947,diamond_ore
108.69,7,18703.472785,diamond_ore
102.683442,12,18706.791028,diamond_ore
100.955217,13,18711.163151,diamond_ore
94.043361,18,18716.035428,diamond_ore
99.95,10,18721.139066,diamond_ore
100.03,12,18724.353725,diamond_ore
100.0,10,18728.614366,diamond_ore
105.57,9,18731.339713,diamond_ore
110.24,6,18735.627408,diamond_ore
104.3,10,18740.681884,diamond_ore
95.891364,16,18745.184391,diamond_ore
70.93,32,18750.416809,diamond_ore
102.19,11,18754.736547,diamond_ore
104.97,10,18759.010307,diamond_ore
94.190927,17,18763.429429,diamond_ore
92.282212,18,18768.24579,diamond_ore
97.64,11,18771.605545,diamond_ore
53.131617,23,18776.90346,diamond_ore
85.262101,20,18781.887249,diamond_ore
81.58586,25,18787.965771,diamond_ore
104.04,11,18791.151908,diamond_ore
101.34,11,18794.673404,diamond_ore
108.73,7,18798.104463,diamond_ore
108.73,7,18802.634689,diamond_ore
104.3,10,18808.423295,diamond_ore
106.84,8,18812.431272,diamond_ore
81.775217,21,18817.519608,diamond_ore
99.780472,10,18821.786707,diamond_ore
94.331364,17,18826.548725,diamond_ore
88.681605,21,18831.417404,diamond_ore
92.788384,17,18836.013846,diamond_ore
108.94,7,18839.590018,diamond_ore
106.62,8,18843.469415,diamond_ore
108.73,7,18848.016953,diamond_ore
67.501405,39,18853.855698,diamond_ore
101.76,9,18858.010436,diamond_ore
103.441424,12,18861.387604,diamond_ore
108.73,7,18864.802569,diamond_ore
102.44,11,18868.972831,diamond_ore
105.49,6,18872.818621,diamond_ore
85.84,21,18877.901353,diamond_ore
96.835217,15,18882.318474,diamond_ore
70.067645,42,18888.363398,diamond_ore
101.59,11,18893.005244,diamond_ore
103.55,10,18897.128267,diamond_ore
105.47,9,18901.422491,diamond_ore
100.92,13,18905.55184,diamond_ore
79.72,23,18910.521988,diamond_ore
104.577288,11,18915.215012,diamond_ore
82.930039,23,18920.073415,diamond_ore
98.39,11,18923.479184,diamond_ore
73.870039,29,18928.836623,diamond_ore
89.911364,19,18933.584736,diamond_ore
88.25,16,18938.015205,diamond_ore
106.580039,10,18942.041591,diamond_ore
107.0,5,18945.855383,diamond_ore
103.98,7,18949.749008,diamond_ore
108.73,7,18954.135476,diamond_ore
75.470953,34,18960.198441,diamond_ore
102.08,13,18964.196715,diamond_ore
104.266106,11,18968.150027,diamond_ore
85.920729,23,18972.592265,diamond_ore
94.54,16,18978.463156,diamond_ore
102.261424,10,18982.250263,diamond_ore
92.89,16,18986.736607,diamond_ore
88.031489,22,18991.321958,diamond_ore
102.421781,13,18996.036555,diamond_ore
104.1,10,19000.679807,diamond_ore
102.8,10,19003.806467,diamond_ore
105.82,9,19008.375844,diamond_ore
74.460562,28,19012.435813,diamond_ore
84.992212,22,19017.637446,diamond_ore
102.97,13,19022.29412,diamond_ore
91.639102,18,19026.785758,diamond_ore
77.310767,28,19031.290535,diamond_ore
101.830612,13,19035.967077,diamond_ore
103.58,7,19039.935133,diamond_ore
107.37,8,19044.136461,diamond_ore
103.55,10,19048.260595,diamond_ore
102.075256,13,19051.591666,diamond_ore
80.672006,26,19057.184717,diamond_ore
100.281364,13,19060.46467,diamond_ore
77.496707,26,19065.791411,diamond_ore
108.818145,9,19071.499253,diamond_ore
93.777052,15,19075.544171,diamond_ore
107.08,8,19078.73109,diamond_ore
106.8,5,19082.90252,diamond_ore
101.14,11,19086.270596,diamond_ore
97.746106,16,19092.047645,diamond_ore
76.236106,27,19096.532638,diamond_ore
100.33,12,19100.823921,diamond_ore
83.99,21,19106.940009,diamond_ore
104.638145,10,19111.346642,diamond_ore
85.722331,22,19116.441911,diamond_ore
110.24,6,19119.490436,diamond_ore
105.49,6,19123.68265,diamond_ore
108.08,7,19128.450328,diamond_ore
108.73,7,19131.65396,diamond_ore
110.24,6,19135.919765,diamond_ore
110.44,6,19139.130146,diamond_ore
100.32,13,19142.568363,diamond_ore
107.760472,8,19146.948585,diamond_ore
76.447344,28,19152.14014,diamond_ore
104.638145,10,19156.700809,diamond_ore
94.94,16,19160.792266,diamond_ore
90.211364,19,19165.436481,diamond_ore
97.0,15,19168.930788,diamond_ore
94.84,16,19173.322241,diamond_ore
81.931405,25,19178.583395,diamond_ore
107.67,8,19182.720194,diamond_ore
104.3,10,19186.135256,diamond_ore
106.62,8,19188.974399,diamond_ore
84.391394,23,19194.930812,diamond_ore
107.98,8,19198.910187,diamond_ore
103.338127,12,19203.435517,diamond_ore
80.068145,22,19208.506622,diamond_ore
90.632871,19,19213.738379,diamond_ore
72.589372,31,19219.121788,diamond_ore
104.547922,11,19223.463336,diamond_ore
104.35,10,19227.584233,diamond_ore
100.0,10,19232.404857,diamond_ore
108.88,7,19235.622754,diamond_ore
108.93,7,19239.884577,diamond_ore
105.4,10,19243.104832,diamond_ore
102.54,11,19247.525397,diamond_ore
110.74,6,19250.514906,diamond_ore
105.06,9,19254.646825,diamond_ore
105.685217,10,19259.064087,diamond_ore
95.680612,13,19263.403064,diamond_ore
101.557156,12,19268.948776,diamond_ore
72.902888,39,19275.793051,diamond_ore
94.54,16,19279.990151,diamond_ore
91.676625,15,19284.731972,diamond_ore
95.58,17,19289.450143,diamond_ore
92.040927,18,19294.099432,diamond_ore
96.138127,17,19298.13379,diamond_ore
91.048849,17,19302.87465,diamond_ore
93.017288,17,19306.716238,diamond_ore
105.738145,11,19311.034209,diamond_ore
104.3,10,19315.135939,diamond_ore
107.08,8,19319.078726,diamond_ore
100.56,9,19322.471879,diamond_ore
74.986718,29,19327.647614,diamond_ore
86.625946,21,19332.993251,diamond_ore
73.18,33,19337.146046,diamond_ore
48.112416,35,19343.931626,diamond_ore
98.17,14,19348.069241,diamond_ore
101.660062,13,19352.789748,diamond_ore
104.31,9,19355.995695,diamond_ore
104.05,10,19360.72874,diamond_ore
103.84,11,19365.274629,diamond_ore
90.870679,16,19369.353581,diamond_ore
83.48,22,19374.15621,diamond_ore
83.933923,23,19380.356599,diamond_ore
74.93,27,19386.110884,diamond_ore
105.041364,11,19389.53539,diamond_ore
100.06,9,19393.784102,diamond_ore
106.57,8,19398.041445,diamond_ore
85.62,18,19404.80914,diamond_ore
102.74,11,19409.391112,diamond_ore
110.24,6,19412.51615,diamond_ore
107.18,8,19416.454414,diamond_ore
105.66,9,19420.849236,diamond_ore
98.740729,11,19425.938354,diamond_ore
97.896718,12,19430.606693,diamond_ore
101.983442,12,19435.225283,diamond_ore
68.689436,44,19441.420689,diamond_ore
95.558835,17,19446.535636,diamond_ore
85.938284,21,19451.359572,diamond_ore
102.51069,13,19455.998181,diamond_ore
70.422321,47,19462.333284,diamond_ore
102.18,12,19467.010494,diamond_ore
101.610472,12,19471.347392,diamond_ore
106.76,9,19475.621911,diamond_ore
101.17,14,19479.950616,diamond_ore
103.63,7,19483.300478,diamond_ore
106.8,5,19487.621573,diamond_ore
105.29,6,19490.68938,diamond_ore
87.68,17,19496.449716,diamond_ore
86.011992,23,19502.163388,diamond_ore
101.76,9,19505.495951,diamond_ore
106.8,5,19509.707857,diamond_ore
106.8,5,19513.669755,diamond_ore
106.96,9,19517.868284,diamond_ore
94.39,16,19521.471146,diamond_ore
75.26,29,19526.883041,diamond_ore
105.75,11,19531.04626,diamond_ore
104.3,10,19535.938378,diamond_ore
107.12,8,19540.105804,diamond_ore
105.41,10,19544.069794,diamond_ore
86.686707,22,19549.057808,diamond_ore
107.38,9,19553.152418,diamond_ore
99.78,12,19557.386343,diamond_ore
102.05,10,19562.66863,diamond_ore
94.7,15,19566.305136,diamond_ore
87.961605,18,19571.696286,diamond_ore
100.41,9,19576.055164,diamond_ore
107.06,9,19581.947492,diamond_ore
93.737922,17,19586.503538,diamond_ore
107.0,5,19590.480536,diamond_ore
113.180492,5,19593.590253,diamond_ore
107.02,8,19597.532603,diamond_ore
101.33,12,19601.953878,diamond_ore
102.523442,12,19606.20188,diamond_ore
86.771405,21,19611.135934,diamond_ore
88.131405,20,19616.072738,diamond_ore
100.871489,14,19620.029356,diamond_ore
72.938874,30,19625.689895,diamond_ore
96.941364,16,19630.265002,diamond_ore
94.30069,14,19634.172991,diamond_ore
95.44,16,19637.589087,diamond_ore
82.62,23,19642.101855,diamond_ore
103.92,9,19646.34997,diamond_ore
107.0,5,19649.558514,diamond_ore
94.94,16,19653.654125,diamond_ore
106.16,9,19657.07405,diamond_ore
86.64,17,19662.153959,diamond_ore
108.93,7,19666.25298,diamond_ore
104.1,10,19671.834512,diamond_ore
105.42,9,19674.716963,diamond_ore
82.16995,26,19678.745986,diamond_ore
99.32,13,19683.237337,diamond_ore
83.51,19,19687.697838,diamond_ore
102.51069,13,19692.168508,diamond_ore
84.75,22,19695.812232,diamond_ore
81.306707,25,19700.918072,diamond_ore
107.22,8,19705.51184,diamond_ore
104.3,10,19709.963649,diamond_ore
102.38,7,19714.060794,diamond_ore
95.91,14,19718.622229,diamond_ore
87.921853,21,19723.810997,diamond_ore
94.759703,15,19728.69134,diamond_ore
111.75,5,19733.237811,diamond_ore
102.27,8,19737.652555,diamond_ore
103.35,10,19742.028059,diamond_ore
99.47,13,19746.404626,diamond_ore
92.31,14,19751.10504,diamond_ore
72.72892,39,19756.338814,diamond_ore
106.158145,9,19760.02915,diamond_ore
100.907922,10,19763.540051,diamond_ore
99.225946,11,19769.537325,diamond_ore
102.948127,12,19773.70443,diamond_ore
96.2,15,19778.35744,diamond_ore
90.28492,21,19783.490823,diamond_ore
105.56,9,19787.839436,diamond_ore
102.46,10,19792.318407,diamond_ore
104.05,10,19796.436453,diamond_ore
102.658874,13,19801.400441,diamond_ore
91.551291,19,19806.591914,diamond_ore
104.24,11,19810.806077,diamond_ore
70.787316,41,19817.105204,diamond_ore
66.680039,28,19822.71893,diamond_ore
92.05069,14,19826.200208,diamond_ore
94.991557,19,19831.325973,diamond_ore
101.88,12,19834.607042,diamond_ore
89.950612,16,19839.41344,diamond_ore
108.93,7,19843.782973,diamond_ore
108.93,7,19847.874093,diamond_ore
104.15,10,19851.443346,diamond_ore
94.77,13,19856.225364,diamond_ore
69.72,39,19862.951729,diamond_ore
95.375946,16,19869.211284,diamond_ore
89.043058,21,19873.541395,diamond_ore
105.32,8,19878.118521,diamond_ore
95.167655,16,19882.904677,diamond_ore
113.180492,5,19887.038899,diamond_ore
104.05,10,19891.675263,diamond_ore
101.03,12,19895.918831,diamond_ore
110.44,6,19900.168875,diamond_ore
105.86,9,19904.511177,diamond_ore
104.3,10,19908.759539,diamond_ore
86.426746,24,19912.794341,diamond_ore
95.57,13,19917.409757,diamond_ore
72.45,30,19922.80223,diamond_ore
106.995906,10,19926.121449,diamond_ore
109.13,9,19930.566226,diamond_ore
84.07301,25,19936.360691,diamond_ore
82.41,24,19941.452626,diamond_ore
108.73,7,19945.83792,diamond_ore
111.76,5,19949.790981,diamond_ore
95.14,16,19955.591874,diamond_ore
97.578127,13,19960.059388,diamond_ore
68.467511,32,19965.766939,diamond_ore
99.351097,14,19970.837431,diamond_ore
101.29069,10,19975.074957,diamond_ore
104.638145,10,19979.57033,diamond_ore
74.472331,27,19985.158545,diamond_ore
93.721489,18,19990.044259,diamond_ore
87.48,17,19994.532958,diamond_ore
100.265256,14,19998.88239,diamond_ore
97.66,14,20003.441914,diamond_ore
89.646436,20,20008.53816,diamond_ore
110.2,6,20011.700315,diamond_ore
108.73,7,20016.244568,diamond_ore
107.37,8,20021.274662,diamond_ore
98.25,10,20025.485586,diamond_ore
103.39,11,20030.084305,diamond_ore
103.14,11,20035.40111,diamond_ore
107.37,8,20039.475215,diamond_ore
70.05,40,20045.03848,diamond_ore
108.93,7,20049.04492,diamond_ore
96.4,15,20054.575441,diamond_ore
97.6,15,20058.976403,diamond_ore
79.81,9,20063.059229,diamond_ore
74.961569,29,20069.119121,diamond_ore
75.59,27,20074.393477,diamond_ore
99.27,13,20078.735183,diamond_ore
105.41,9,20082.61921,diamond_ore
103.98,7,20086.86458,diamond_ore
106.91,9,20090.167958,diamond_ore
85.171085,22,20095.322515,diamond_ore
93.779141,19,20100.192288,diamond_ore
103.99,11,20104.3467,diamond_ore
101.27069,13,20108.894048,diamond_ore
93.495852,18,20113.753615,diamond_ore
105.5,11,20118.331156,diamond_ore
104.3,10,20123.038095,diamond_ore
105.61,9,20126.207295,diamond_ore
107.37,8,20130.403289,diamond_ore
74.68,27,20136.29849,diamond_ore
103.2,10,20140.796386,diamond_ore
104.511097,11,20144.860233,diamond_ore
102.696106,12,20149.101821,diamond_ore
101.33,12,20152.690274,diamond_ore
77.841323,25,20157.988052,diamond_ore
97.9,10,20162.380367,diamond_ore
99.178835,15,20167.16625,diamond_ore
105.840205,11,20171.652847,diamond_ore
111.75,5,20175.855122,diamond_ore
103.18,7,20180.186396,diamond_ore
107.42,8,20184.364596,diamond_ore
105.67,9,20188.87718,diamond_ore
107.22,8,20193.520256,diamond_ore
108.69,7,20197.41731,diamond_ore
103.41,10,20201.600614,diamond_ore
89.995217,19,20205.10668,diamond_ore
99.698127,11,20209.424472,diamond_ore
96.344661,16,20213.583978,diamond_ore
96.646707,16,20217.521294,diamond_ore
104.74,11,20221.897271,diamond_ore
81.790679,24,20227.601688,diamond_ore
99.68,12,20232.090796,diamond_ore
86.262306,20,20237.222803,diamond_ore
105.81,9,20241.357053,diamond_ore
107.37,8,20245.343804,diamond_ore
107.42,8,20249.401649,diamond_ore
91.531219,19,20253.944773,diamond_ore
103.14,11,20258.371024,diamond_ore
71.321539,30,20263.361791,diamond_ore
96.13,8,20267.434364,diamond_ore
104.15,10,20272.107757,diamond_ore
103.95,10,20276.339731,diamond_ore
80.07,24,20281.102369,diamond_ore
91.238184,16,20285.902808,diamond_ore
98.75,15,20290.949267,diamond_ore
97.020472,11,20294.22685,diamond_ore
70.549364,36,20300.522287,diamond_ore
89.600601,20,20305.709538,diamond_ore
104.24,11,20309.962868,diamond_ore
103.44,11,20315.673168,diamond_ore
90.626106,18,20320.361449,diamond_ore
